id,ad_soyad,baba_adi,rutbe,memleket,dogum_yeri,dogum_yili,sehadet_tarihi,donem_cephe,kaynak,sayfa
e526e346bcae430aa24f97d9,Abdulkadir Usta,Kerim,Öğretmen,,,,1917-05-11,Birinci Dünya Savaşı (1914-1918) Irak Cephesi,Millî Eğitim Bakanlığı — Şehit Öğretmenlerimiz,https://sehitlerimiz.org.tr/sehit/abdulkadir-usta-103766
f6dd04bbe23530e3059e08df,Mahmut Karabekiroğulları,,Öğretmen,Çorum,"Çorum, Mecitözü Tanrıvermiş",1897,1917-12-31,Birinci Dünya Savaşı (1914-1918) Filistin Cephesi,Millî Eğitim Bakanlığı — Şehit Öğretmenlerimiz,https://sehitlerimiz.org.tr/sehit/mahmut-karabekirogullari-103767
8167344bdb0e10324421a45e,Süleyman Öğretmen,,Öğretmen,,"Trakya, Drama",,1918-09-20,Birinci Dünya Savaşı (1914-1918) Filistin Cephesi,Millî Eğitim Bakanlığı — Şehit Öğretmenlerimiz,https://sehitlerimiz.org.tr/sehit/suleyman-ogretmen-103768
46a63cc491f9faa655abd77c,Mehmet Kemal Bey,,Boğazlıyan Kaymakamı,İstanbul,Beyrut,,1919-04-10,Muharebe Dışı Diğer Şehitler (1853-1928),TBMM kararı; Boğazlıyan Kaymakamlığı; MEB,https://sehitlerimiz.org.tr/sehit/mehmet-kemal-bey-102812
8eaa9d796cb1a1103f40fb83,İbrahim Ak,Mehmet,P.Er,Çankırı,Çankırı,1929,1950-09-29,Kore Savaşı (1950-1953) Kore Cephesi,Kore Savaşı ve İzleri + ATASE,https://sehitlerimiz.org.tr/sehit/ibrahim-ak-101736
e4c821038cbb70be81ce4b4a,Sedat Bora,Ziya,Top.Bçvş.,İstanbul,Üsküdar,1919,1950-11-12,Kore Savaşı (1950-1953) Kore Cephesi,Kore Savaşı ve İzleri + ATASE,https://sehitlerimiz.org.tr/sehit/sedat-bora-101721
c991143f6eea8c9f2e968c3e,Ali Keskin,Mustafa,P.Er,Giresun,Giresun,1928,1950-11-13,Kore Savaşı (1950-1953) Kore Cephesi,Kore Savaşı ve İzleri + ATASE,https://sehitlerimiz.org.tr/sehit/ali-keskin-101943
d16a113417b3ba2214195aac,Mehmet Affa,Ali,P.Er,İzmir,Bayındır,1929,1950-11-13,Kore Savaşı (1950-1953) Kore Cephesi,Kore Savaşı ve İzleri + ATASE,https://sehitlerimiz.org.tr/sehit/mehmet-affa-101734
2623513c4a57626e08b9dd06,Osman Akın,Hhasan Hüseyin,P.Er,Denizli,Acıpayam,1929,1950-11-17,Kore Savaşı (1950-1953) Kore Cephesi,Kore Savaşı ve İzleri + ATASE,https://sehitlerimiz.org.tr/sehit/osman-akin-101738
2c070468b729b14cc975fdfb,Mehmet Çelik,İbrahim,P.Er,Sinop,Ayancık,1929,1950-11-19,Kore Savaşı (1950-1953) Kore Cephesi,Kore Savaşı ve İzleri + ATASE,https://sehitlerimiz.org.tr/sehit/mehmet-celik-101805
b81e07264e6f239df14fb384,Naci Sütçü,İzzet,P.Er,İzmir,Bayındır,1929,1950-11-20,Kore Savaşı (1950-1953) Kore Cephesi,Kore Savaşı ve İzleri + ATASE,https://sehitlerimiz.org.tr/sehit/naci-sutcu-102035
4c66c8b0f55a10a27f45cbd3,Adil Gönen,Hüseyin,P.Er,Kocaeli,İzmit,1929,1950-11-28,Kore Savaşı (1950-1953) Gaiben Şehitler,Kore Savaşı ve İzleri + ATASE,https://sehitlerimiz.org.tr/sehit/adil-gonen-102453
5045d86d74e585219864a838,Ahmet Berber,Şükrü,P.Er,Sivas,Koyulhisar,1928,1950-11-28,Kore Savaşı (1950-1953) Gaiben Şehitler,Kore Savaşı ve İzleri + ATASE,https://sehitlerimiz.org.tr/sehit/ahmet-berber-102417
d5a05eed1e3bcc824002a0c1,Ahmet Çekin,Ömer,P.Er,Konya,Akşehir,1929,1950-11-28,Kore Savaşı (1950-1953) Gaiben Şehitler,Kore Savaşı ve İzleri + ATASE,https://sehitlerimiz.org.tr/sehit/ahmet-cekin-102428
9ce745bc97e437e187f79934,Ahmet İnci,Mehmet,P.Er,Mersin,Mut,1929,1950-11-28,Kore Savaşı (1950-1953) Gaiben Şehitler,Kore Savaşı ve İzleri + ATASE,https://sehitlerimiz.org.tr/sehit/ahmet-inci-102465
49f9ba21228ecd6a3abd5b04,Ali Aydaş,İbrahim,P.Er,Ankara,Halkavun,1929,1950-11-28,Kore Savaşı (1950-1953) Gaiben Şehitler,Kore Savaşı ve İzleri + ATASE,https://sehitlerimiz.org.tr/sehit/ali-aydas-102412
b8ab3d410454daaf3126ca74,Ali Sert,Mustafa,P.Er,Kocaeli,İzmit,1929,1950-11-28,Kore Savaşı (1950-1953) Gaiben Şehitler,Kore Savaşı ve İzleri + ATASE,https://sehitlerimiz.org.tr/sehit/ali-sert-102521
150c91c40606caee52d527fb,Ali Timurlenk,Habip,P.Er,Osmaniye,Osmaniye,1929,1950-11-28,Kore Savaşı (1950-1953) Gaiben Şehitler,Kore Savaşı ve İzleri + ATASE,https://sehitlerimiz.org.tr/sehit/ali-timurlenk-102533
a2bd498de42e92f52d9d7a71,Ali Üstün,Emin,P.Er,Erzincan,Kemah,1929,1950-11-28,Kore Savaşı (1950-1953) Gaiben Şehitler,Kore Savaşı ve İzleri + ATASE,https://sehitlerimiz.org.tr/sehit/ali-ustun-102544
0f52b01ba20a8af41c8d437d,Arif Özbek,Arif,P.Bçvş.,Burdur,Burdur,1924,1950-11-28,Kore Savaşı (1950-1953) Kore Cephesi,Kore Savaşı ve İzleri + ATASE,https://sehitlerimiz.org.tr/sehit/arif-ozbek-101720
7082f51e9a0fe68d1e4c58c6,Bekir Özkurşun,Bekir,P.Er,Konya,Ilgın,1929,1950-11-28,Kore Savaşı (1950-1953) Kore Cephesi,Kore Savaşı ve İzleri + ATASE,https://sehitlerimiz.org.tr/sehit/bekir-ozkursun-102006
631e6e7a778f9c11fb75f2aa,Ekrem Gök,İslam,P.Er,İzmir,Menemen,1929,1950-11-28,Kore Savaşı (1950-1953) Gaiben Şehitler,Kore Savaşı ve İzleri + ATASE,https://sehitlerimiz.org.tr/sehit/ekrem-gok-102449
902b9e033d2d5bf165b57f0e,Fahri Gürcan,Mustafa,P.Er,Kocaeli,İzmit,1929,1950-11-28,Kore Savaşı (1950-1953) Gaiben Şehitler,Kore Savaşı ve İzleri + ATASE,https://sehitlerimiz.org.tr/sehit/fahri-gurcan-102459
cf08dccc288ec28482c978d9,Halil Keskin,İsmail,P.Er,Kocaeli,İzmit,1929,1950-11-28,Kore Savaşı (1950-1953) Gaiben Şehitler,Kore Savaşı ve İzleri + ATASE,https://sehitlerimiz.org.tr/sehit/halil-keskin-102487
8915b935000e3e4ad9d3da37,Halil Çetinatlı,Şükrü,P.Er,İzmir,İzmir,1929,1950-11-28,Kore Savaşı (1950-1953) Gaiben Şehitler,Kore Savaşı ve İzleri + ATASE,https://sehitlerimiz.org.tr/sehit/halil-cetinatli-102430
6b811bd660ff1ed37901555c,Halim Mesubay,Ali,P.Er,İzmir,Bergama,1929,1950-11-28,Kore Savaşı (1950-1953) Gaiben Şehitler,Kore Savaşı ve İzleri + ATASE,https://sehitlerimiz.org.tr/sehit/halim-mesubay-102501
015488ec3d3760919629f0b9,Halit Kaya Aldoğan,Mehmet Ali,P.Kd.Yzb.,İstanbul,Eyüp,1913,1950-11-28,Kore Savaşı (1950-1953) Kore Cephesi,Kore Savaşı ve İzleri + ATASE,https://sehitlerimiz.org.tr/sehit/halit-kaya-aldogan-101679
d7073d213a7e5f7568fe5b91,Hasan Günsür,Rıza,P.Tğm.,Manisa,Turgutlu,1927,1950-11-28,Kore Savaşı (1950-1953) Kore Cephesi,Kore Savaşı ve İzleri + ATASE,https://sehitlerimiz.org.tr/sehit/hasan-gunsur-101703
5abd7118fcb2d94c10dd24c1,Hasan Kaya,Mustafa,P.Er,İzmir,Ödemiş,1929,1950-11-28,Kore Savaşı (1950-1953) Gaiben Şehitler,Kore Savaşı ve İzleri + ATASE,https://sehitlerimiz.org.tr/sehit/hasan-kaya-102482
7351943f28f27f43075f4956,Hüseyin Kavak,İbrahim,P.Er,Ankara,Kızılcahamam,1929,1950-11-28,Kore Savaşı (1950-1953) Gaiben Şehitler,Kore Savaşı ve İzleri + ATASE,https://sehitlerimiz.org.tr/sehit/huseyin-kavak-102480
3fc5daded5061d590ea55945,Hüseyin Kırmızı,Ali,P.Er,Manisa,Turgutlu,1929,1950-11-28,Kore Savaşı (1950-1953) Gaiben Şehitler,Kore Savaşı ve İzleri + ATASE,https://sehitlerimiz.org.tr/sehit/huseyin-kirmizi-102489
f87c5820ddf38354efc2175c,Hüseyin Ünlü,Hüseyin,P.Er,Samsun,Alaçam,1928,1950-11-28,Kore Savaşı (1950-1953) Kore Cephesi,Kore Savaşı ve İzleri + ATASE,https://sehitlerimiz.org.tr/sehit/huseyin-unlu-102073
fabdcb6a660d4cef98d66932,Kadim Uluk,Mehmet,P.Kd.Bçvş.,Ardahan,Posof,1919,1950-11-28,Kore Savaşı (1950-1953) Kore Cephesi,Kore Savaşı ve İzleri + ATASE,https://sehitlerimiz.org.tr/sehit/kadim-uluk-101716
4c468f870b9ea30fb17a97b9,Kadir Salman,Mehmet,P.Er,İzmir,Ödemiş,1929,1950-11-28,Kore Savaşı (1950-1953) Gaiben Şehitler,Kore Savaşı ve İzleri + ATASE,https://sehitlerimiz.org.tr/sehit/kadir-salman-102516
e4e85cc1a7a18d6a065b2ee5,Kazım Mutlu,Mehmet,P.Er,Ankara,Ayaş,1929,1950-11-28,Kore Savaşı (1950-1953) Gaiben Şehitler,Kore Savaşı ve İzleri + ATASE,https://sehitlerimiz.org.tr/sehit/kazim-mutlu-102503
d71233737332d38236bb3b4c,Kerim Kesen,Kerem,P.Er,İzmir,Ödemiş,1929,1950-11-28,Kore Savaşı (1950-1953) Gaiben Şehitler,Kore Savaşı ve İzleri + ATASE,https://sehitlerimiz.org.tr/sehit/kerim-kesen-102486
c2112a798692f79debae4bb5,Lütfü Çam,Osman,P.Er,Muğla,Milas,1929,1950-11-28,Kore Savaşı (1950-1953) Gaiben Şehitler,Kore Savaşı ve İzleri + ATASE,https://sehitlerimiz.org.tr/sehit/lutfu-cam-102427
4ac034bb6ad209bda5c751e7,Mahmut Dönmez,Ahmet,P.Er,Adana,Karaisalı,1929,1950-11-28,Kore Savaşı (1950-1953) Gaiben Şehitler,Kore Savaşı ve İzleri + ATASE,https://sehitlerimiz.org.tr/sehit/mahmut-donmez-102443
cf369a0cf29d02131d228817,Mehmet Dönmezışık,Mustafa,P.Er,İzmir,Basmahane,1929,1950-11-28,Kore Savaşı (1950-1953) Kore Cephesi,Kore Savaşı ve İzleri + ATASE,https://sehitlerimiz.org.tr/sehit/mehmet-donmezisik-101843
fcf73e5e31008bb7c41eb0f9,Mehmet Ertekin,Murat,P.Er,Kocaeli,İzmit,1929,1950-11-28,Kore Savaşı (1950-1953) Gaiben Şehitler,Kore Savaşı ve İzleri + ATASE,https://sehitlerimiz.org.tr/sehit/mehmet-ertekin-102447
5174d2a17f4d44e83ab0f5c9,Mehmet Sarı,Kavas,P.Er,Kırşehir,Çiçekdeği/Kırşehir,,1950-11-28,Kore Savaşı (1950-1953) Gaiben Şehitler,Kore Savaşı ve İzleri + ATASE,https://sehitlerimiz.org.tr/sehit/mehmet-sari-102518
f74ae6ab70b41a0bc8ca418c,Mehmet Çelik,Ali,P.Er,Gümüşhane,Torul,1929,1950-11-28,Kore Savaşı (1950-1953) Gaiben Şehitler,Kore Savaşı ve İzleri + ATASE,https://sehitlerimiz.org.tr/sehit/mehmet-celik-102429
b8bfca0851271aaec96aa253,Mehmet Ünal,Hasan,P.Er,Sakarya,Geyve,1929,1950-11-28,Kore Savaşı (1950-1953) Gaiben Şehitler,Kore Savaşı ve İzleri + ATASE,https://sehitlerimiz.org.tr/sehit/mehmet-unal-102541
d0484056a16c5b4724ab8938,Muharrem Karagöz,Nazif,P.Er,Kocaeli,İzmit,1926,1950-11-28,Kore Savaşı (1950-1953) Gaiben Şehitler,Kore Savaşı ve İzleri + ATASE,https://sehitlerimiz.org.tr/sehit/muharrem-karagoz-102474
176ab89cf9af7056e7e7cf5c,Muharrem Yavuz,Fevzi,P.Kd.Bçvş.,Burdur,Bucak,1913,1950-11-28,Kore Savaşı (1950-1953) Kore Cephesi,Kore Savaşı ve İzleri + ATASE,https://sehitlerimiz.org.tr/sehit/muharrem-yavuz-101712
b541e0afc6ee4fc514866177,Mustafa Atıcı,Süleyman,P.Er,Erzincan,Tercan,1929,1950-11-28,Kore Savaşı (1950-1953) Gaiben Şehitler,Kore Savaşı ve İzleri + ATASE,https://sehitlerimiz.org.tr/sehit/mustafa-atici-102411
753b018b75fbca6fc7deb793,Mustafa Ayna,Eyüp,P.Er,İzmir,Ödemiş,1929,1950-11-28,Kore Savaşı (1950-1953) Gaiben Şehitler,Kore Savaşı ve İzleri + ATASE,https://sehitlerimiz.org.tr/sehit/mustafa-ayna-102414
9833076f6e418fab879198f0,Mustafa Gök,Abdulkerim,P.Er,Mersin,Anamur,1929,1950-11-28,Kore Savaşı (1950-1953) Gaiben Şehitler,Kore Savaşı ve İzleri + ATASE,https://sehitlerimiz.org.tr/sehit/mustafa-gok-102450
08844edad4184681f325a88c,Mustafa Güçlü,Hüseyin,P.Er,İzmir,Tire,1929,1950-11-28,Kore Savaşı (1950-1953) Gaiben Şehitler,Kore Savaşı ve İzleri + ATASE,https://sehitlerimiz.org.tr/sehit/mustafa-guclu-102455
01913507557523cf6360c620,Mustafa Kocabıyık,Ali,P.Er,Balıkesir,İvrindi,1929,1950-11-28,Kore Savaşı (1950-1953) Gaiben Şehitler,Kore Savaşı ve İzleri + ATASE,https://sehitlerimiz.org.tr/sehit/mustafa-kocabiyik-102491
f5ced40ad341ed9055e849d2,Mustafa Yalçın,Hüseyin,P.Er,Konya,Ilgın,1928,1950-11-28,Kore Savaşı (1950-1953) Gaiben Şehitler,Kore Savaşı ve İzleri + ATASE,https://sehitlerimiz.org.tr/sehit/mustafa-yalcin-102545
05b9987baa323e0fff708542,Mustafa Yelken,Durali,P.Er,Mersin,Silifke,1928,1950-11-28,Kore Savaşı (1950-1953) Gaiben Şehitler,Kore Savaşı ve İzleri + ATASE,https://sehitlerimiz.org.tr/sehit/mustafa-yelken-102549
2b814215fbcd8f008f0f0ad0,Mustafa Özen,Hasan,P.Er,Balıkesir,İvrindi,1929,1950-11-28,Kore Savaşı (1950-1953) Gaiben Şehitler,Kore Savaşı ve İzleri + ATASE,https://sehitlerimiz.org.tr/sehit/mustafa-ozen-102508
790f06d7aab9d54315508fc6,Muzaffer Arca,Lütfü,İs.Ütğm.,Elazığ,Elazığ,1922,1950-11-28,Kore Savaşı (1950-1953) Kore Cephesi,Kore Savaşı ve İzleri + ATASE,https://sehitlerimiz.org.tr/sehit/muzaffer-arca-101696
fa03180355213897e8659c39,Muzaffer Açıkgöz,Mevlüt,P.Er,Konya,Ilgın,1929,1950-11-28,Kore Savaşı (1950-1953) Gaiben Şehitler,Kore Savaşı ve İzleri + ATASE,https://sehitlerimiz.org.tr/sehit/muzaffer-acikgoz-102401
85297eb604b4dff736bda851,Müstecep Cantimur,Recep,P.Er,Kocaeli,Kandıra,1929,1950-11-28,Kore Savaşı (1950-1953) Gaiben Şehitler,Kore Savaşı ve İzleri + ATASE,https://sehitlerimiz.org.tr/sehit/mustecep-cantimur-102423
180d06fbe284353122c2b89f,Nedim Tuğaltay,Emin,P.Tğm.,İzmir,İzmir,1925,1950-11-28,Kore Savaşı (1950-1953) Kore Cephesi,Kore Savaşı ve İzleri + ATASE,https://sehitlerimiz.org.tr/sehit/nedim-tugaltay-101705
d8bb81ee6762c4f7ff6cdc19,Nevzat Kontlar,Sabri,P.Er,Erzurum,Erzurum,1929,1950-11-28,Kore Savaşı (1950-1953) Gaiben Şehitler,Kore Savaşı ve İzleri + ATASE,https://sehitlerimiz.org.tr/sehit/nevzat-kontlar-102495
15fbc5638338a4102b42e7e0,Nurettin Arı,Ali,P.Er,Konya,Ilgın,1929,1950-11-28,Kore Savaşı (1950-1953) Gaiben Şehitler,Kore Savaşı ve İzleri + ATASE,https://sehitlerimiz.org.tr/sehit/nurettin-ari-102409
c732c328ac8ca987ddd9415e,Nuri İçten,Ahmet,P.Er,İzmir,Tire,1929,1950-11-28,Kore Savaşı (1950-1953) Gaiben Şehitler,Kore Savaşı ve İzleri + ATASE,https://sehitlerimiz.org.tr/sehit/nuri-icten-102464
b32dd2a2ff751480465fc902,Osman Kurt,Osman,P.Er,Zonguldak,Devrek,1925,1950-11-28,Kore Savaşı (1950-1953) Gaiben Şehitler,Kore Savaşı ve İzleri + ATASE,https://sehitlerimiz.org.tr/sehit/osman-kurt-102498
ef25a3aeabd9cd00b8fb8300,Recep Yangın,Mehmet,P.Er,Zonguldak,Devrek,1925,1950-11-28,Kore Savaşı (1950-1953) Gaiben Şehitler,Kore Savaşı ve İzleri + ATASE,https://sehitlerimiz.org.tr/sehit/recep-yangin-102546
5bad7bcf0b5626130849c50e,Remzi Göçmen,Salim,P.Er,Kocaeli,İzmit,1929,1950-11-28,Kore Savaşı (1950-1953) Gaiben Şehitler,Kore Savaşı ve İzleri + ATASE,https://sehitlerimiz.org.tr/sehit/remzi-gocmen-102448
4617f202fcb994de55fbccff,Selamettin Taybuka,Salih,P.Er,Kocaeli,İzmit,1929,1950-11-28,Kore Savaşı (1950-1953) Gaiben Şehitler,Kore Savaşı ve İzleri + ATASE,https://sehitlerimiz.org.tr/sehit/selamettin-taybuka-102528
c7e72df773b9ad18e0abbd83,Süleyman Demir,Hasan,P.Er,Kocaeli,İzmit,1929,1950-11-28,Kore Savaşı (1950-1953) Gaiben Şehitler,Kore Savaşı ve İzleri + ATASE,https://sehitlerimiz.org.tr/sehit/suleyman-demir-102438
820e4f741c4a6cb92fd564bd,Tahir Ün,Mehmet,Mu.Tğm.,Amasya,Akhisar,1926,1950-11-28,Kore Savaşı (1950-1953) Kore Cephesi,Kore Savaşı ve İzleri + ATASE,https://sehitlerimiz.org.tr/sehit/tahir-un-101706
3f9705fe5d610b3704444521,Timur Arıcı,Sabri,P.Er,Kırşehir,Kaman,1929,1950-11-28,Kore Savaşı (1950-1953) Gaiben Şehitler,Kore Savaşı ve İzleri + ATASE,https://sehitlerimiz.org.tr/sehit/timur-arici-102410
1705c8f36709fc9310dd8eb4,Vakkas Kartal,Ali,P.Er,Gaziantep,Gaziantep,1928,1950-11-28,Kore Savaşı (1950-1953) Kore Cephesi,Kore Savaşı ve İzleri + ATASE,https://sehitlerimiz.org.tr/sehit/vakkas-kartal-101931
71496d12a0fd8022127a7acb,Yusuf Kutlu,Ali,İs.Ütğm.,İzmir,Ödemiş,1923,1950-11-28,Kore Savaşı (1950-1953) Gaiben Şehitler,Kore Savaşı ve İzleri + ATASE,https://sehitlerimiz.org.tr/sehit/yusuf-kutlu-102398
b00639d945b834a6edd8c5c8,Ümit Demir,Ahmet,P.Er,Ankara,Çubuk,1929,1950-11-28,Kore Savaşı (1950-1953) Gaiben Şehitler,Kore Savaşı ve İzleri + ATASE,https://sehitlerimiz.org.tr/sehit/umit-demir-102437
abd39614a8cf37b905a8843f,İbrahim Güven,Hasan,P.Er,İzmir,Karaburun,1929,1950-11-28,Kore Savaşı (1950-1953) Gaiben Şehitler,Kore Savaşı ve İzleri + ATASE,https://sehitlerimiz.org.tr/sehit/ibrahim-guven-102460
3a2b12b7fc6e80b940757524,İbrahim Kahraman,İdris,P.Er,Kocaeli,İzmit,1929,1950-11-28,Kore Savaşı (1950-1953) Gaiben Şehitler,Kore Savaşı ve İzleri + ATASE,https://sehitlerimiz.org.tr/sehit/ibrahim-kahraman-102469
2bd46676e1129995187941d8,İbrahim Terzi,Mehmet,P.Er,Trabzon,Of,1926,1950-11-28,Kore Savaşı (1950-1953) Gaiben Şehitler,Kore Savaşı ve İzleri + ATASE,https://sehitlerimiz.org.tr/sehit/ibrahim-terzi-102531
3fb2e4ec1df7172364982c59,İbrahim Tuna,Mahmut,P.Er,Çankırı,Çankırı,1929,1950-11-28,Kore Savaşı (1950-1953) Gaiben Şehitler,Kore Savaşı ve İzleri + ATASE,https://sehitlerimiz.org.tr/sehit/ibrahim-tuna-102535
4b070e52f8a850a876b332cb,İsmail Kara,Hasan,P.Er,İzmir,Urla,1929,1950-11-28,Kore Savaşı (1950-1953) Gaiben Şehitler,Kore Savaşı ve İzleri + ATASE,https://sehitlerimiz.org.tr/sehit/ismail-kara-102472
9379422e4be8d663f4d9b772,İsmail Sezgin,Mustafa,P.Er,Kocaeli,İzmit,1929,1950-11-28,Kore Savaşı (1950-1953) Gaiben Şehitler,Kore Savaşı ve İzleri + ATASE,https://sehitlerimiz.org.tr/sehit/ismail-sezgin-102523
eef5cf396044dcd385a609af,İsmail İzmir,Esen,P.Er,İzmir,Ödemiş,1929,1950-11-28,Kore Savaşı (1950-1953) Gaiben Şehitler,Kore Savaşı ve İzleri + ATASE,https://sehitlerimiz.org.tr/sehit/ismail-izmir-102468
5187bf86177e6d52aaeaf96b,Şaban Oktay,Tahir,P.Kd.Bçvş.,Kırklareli,Kırklareli,1916,1950-11-28,Kore Savaşı (1950-1953) Kore Cephesi,Kore Savaşı ve İzleri + ATASE,https://sehitlerimiz.org.tr/sehit/saban-oktay-101710
ad34dac605e1485093f07d0f,Şaban Çetinkaya,Rıza,P.Er,Kocaeli,Kandıra,1929,1950-11-28,Kore Savaşı (1950-1953) Gaiben Şehitler,Kore Savaşı ve İzleri + ATASE,https://sehitlerimiz.org.tr/sehit/saban-cetinkaya-102431
906c0a48f198eab6e073c176,Şemsi Erdoğan,Genco,P.Er,Hatay,Altınözü,1929,1950-11-28,Kore Savaşı (1950-1953) Kore Cephesi,Kore Savaşı ve İzleri + ATASE,https://sehitlerimiz.org.tr/sehit/semsi-erdogan-101856
8c4e72393b8d6d91e43cf077,Abdi Bal,Naci,P.Er,Ankara,Çubuk,1929,1950-11-29,Kore Savaşı (1950-1953) Kore Cephesi,Kore Savaşı ve İzleri + ATASE,https://sehitlerimiz.org.tr/sehit/abdi-bal-101763
ba298a846fbc93c40ddabeac,Abdullah Kurt,Hüseyin,P.Er,Gaziantep,Oğuzeli,1928,1950-11-29,Kore Savaşı (1950-1953) Kore Cephesi,Kore Savaşı ve İzleri + ATASE,https://sehitlerimiz.org.tr/sehit/abdullah-kurt-101961
c711ed914af6f5a521edcef3,Abdullah Özbalcı,Hüseyin,P.Er,Burdur,Gölhisar,1929,1950-11-29,Kore Savaşı (1950-1953) Gaiben Şehitler,Kore Savaşı ve İzleri + ATASE,https://sehitlerimiz.org.tr/sehit/abdullah-ozbalci-102507
8a8a05fb0c14bbe48277b1dc,Abdurrahman Doğanay,Şevket,P.Er,Düzce,Düzce,1929,1950-11-29,Kore Savaşı (1950-1953) Gaiben Şehitler,Kore Savaşı ve İzleri + ATASE,https://sehitlerimiz.org.tr/sehit/abdurrahman-doganay-102442
bb0ac6000065cb88ea6a5e01,Abdülmecit Kalkıcı,-----------,P.Er,Van,Erciş,1916,1950-11-29,Kore Savaşı (1950-1953) Kore Cephesi,Kore Savaşı ve İzleri + ATASE,https://sehitlerimiz.org.tr/sehit/abdulmecit-kalkici-101910
14a0b375532b7451f3796d12,Adil Doğar,Hamit,P.Er,Adana,Adana,1929,1950-11-29,Kore Savaşı (1950-1953) Kore Cephesi,Kore Savaşı ve İzleri + ATASE,https://sehitlerimiz.org.tr/sehit/adil-dogar-101841
0de1620aed8ba1b47a08bb7d,Ahmet Akın,Yusuf,P.Er,Hatay,Altınözü,1929,1950-11-29,Kore Savaşı (1950-1953) Gaiben Şehitler,Kore Savaşı ve İzleri + ATASE,https://sehitlerimiz.org.tr/sehit/ahmet-akin-102404
c203515852beeab7c1205ed5,Ahmet Bilgili,Halil İbrahim,P.Er,İzmir,Ödemiş,1929,1950-11-29,Kore Savaşı (1950-1953) Kore Cephesi,Kore Savaşı ve İzleri + ATASE,https://sehitlerimiz.org.tr/sehit/ahmet-bilgili-101776
7888d5ae1c4c0fdc4236a6a6,Ahmet Demiral,Mehmet,P.Er,Karabük,Safranbolu,1929,1950-11-29,Kore Savaşı (1950-1953) Gaiben Şehitler,Kore Savaşı ve İzleri + ATASE,https://sehitlerimiz.org.tr/sehit/ahmet-demiral-102440
8e82fbf92c23d8b7a7d63900,Ahmet Doğan,Mustafa,P.Er,Kayseri,Develi,1929,1950-11-29,Kore Savaşı (1950-1953) Gaiben Şehitler,Kore Savaşı ve İzleri + ATASE,https://sehitlerimiz.org.tr/sehit/ahmet-dogan-102441
f879e73dcff01d2cb275f0a6,Ahmet Ecevit,Bilal,P.Er,Çankırı,Kurşunlu,1930,1950-11-29,Kore Savaşı (1950-1953) Kore Cephesi,Kore Savaşı ve İzleri + ATASE,https://sehitlerimiz.org.tr/sehit/ahmet-ecevit-101846
3b9e44b6b7afc3dbd39586e3,Ahmet Emin İp,Kasım,P.Er,Konya,Ilgın,1929,1950-11-29,Kore Savaşı (1950-1953) Gaiben Şehitler,Kore Savaşı ve İzleri + ATASE,https://sehitlerimiz.org.tr/sehit/ahmet-emin-ip-102466
f107f63a56b59607cc9d623a,Ahmet Gülhan,Abdul,P.Er,Mardin,Savur,1929,1950-11-29,Kore Savaşı (1950-1953) Kore Cephesi,Kore Savaşı ve İzleri + ATASE,https://sehitlerimiz.org.tr/sehit/ahmet-gulhan-101882
1cca67baf095d041308975d0,Ahmet Güçlü,İshak,P.Er,Konya,Bozkır,1929,1950-11-29,Kore Savaşı (1950-1953) Gaiben Şehitler,Kore Savaşı ve İzleri + ATASE,https://sehitlerimiz.org.tr/sehit/ahmet-guclu-102456
4ff9f34d005e36d8ca776c12,Ahmet Kartal,İbrahim,P.Er,İzmir,Ödemiş,1929,1950-11-29,Kore Savaşı (1950-1953) Gaiben Şehitler,Kore Savaşı ve İzleri + ATASE,https://sehitlerimiz.org.tr/sehit/ahmet-kartal-102478
d920aa409f8a6353a307b84c,Ahmet Kazan,Mustafa,P.Er,Tekirdağ,Hayrabolu,1928,1950-11-29,Kore Savaşı (1950-1953) Gaiben Şehitler,Kore Savaşı ve İzleri + ATASE,https://sehitlerimiz.org.tr/sehit/ahmet-kazan-102485
6a7f56b65409b02f5c6e82a1,Ahmet Korkmaz,İbrahim,P.Er,Kütahya,Kütahya,1929,1950-11-29,Kore Savaşı (1950-1953) Kore Cephesi,Kore Savaşı ve İzleri + ATASE,https://sehitlerimiz.org.tr/sehit/ahmet-korkmaz-101955
5f3c0f0e65d4fcb2ada6943f,Ahmet Kurt,Osman,P.Er,Bayburt,Bayburt,1929,1950-11-29,Kore Savaşı (1950-1953) Kore Cephesi,Kore Savaşı ve İzleri + ATASE,https://sehitlerimiz.org.tr/sehit/ahmet-kurt-101963
1ab44385de4be62201529c7d,Ahmet Orhan,Halil,P.Er,Muğla,Marmaris,1929,1950-11-29,Kore Savaşı (1950-1953) Kore Cephesi,Kore Savaşı ve İzleri + ATASE,https://sehitlerimiz.org.tr/sehit/ahmet-orhan-101983
e40bee13e07d182bc30bc3df,Ahmet Sarı,Ökkeş,P.Er,Adana,Bahçe,1929,1950-11-29,Kore Savaşı (1950-1953) Kore Cephesi,Kore Savaşı ve İzleri + ATASE,https://sehitlerimiz.org.tr/sehit/ahmet-sari-102023
0c51ed8264d7d9bb020998a2,Ahmet Tek,Mehmet,P.Er,Bilecik,Bilecik,1929,1950-11-29,Kore Savaşı (1950-1953) Gaiben Şehitler,Kore Savaşı ve İzleri + ATASE,https://sehitlerimiz.org.tr/sehit/ahmet-tek-102529
9e9e0b5307d44bb35afcc390,Ahmet Tuncer,Mevlüt,Top.Kd.Alb.,Amasya,Hasankale,1908,1950-11-29,Kore Savaşı (1950-1953) Kore Cephesi,Kore Savaşı ve İzleri + ATASE,https://sehitlerimiz.org.tr/sehit/ahmet-tuncer-101671
51b7e62e8a92f0d00d68794d,Ahmet Çabuk,Ramazan,P.Er,İzmir,Dikili,1929,1950-11-29,Kore Savaşı (1950-1953) Gaiben Şehitler,Kore Savaşı ve İzleri + ATASE,https://sehitlerimiz.org.tr/sehit/ahmet-cabuk-102425
0916535acee66f2d47a4c749,Ahmet Çetin,İsmail,P.Er,Bolu,Mudurnu,1929,1950-11-29,Kore Savaşı (1950-1953) Kore Cephesi,Kore Savaşı ve İzleri + ATASE,https://sehitlerimiz.org.tr/sehit/ahmet-cetin-101815
d6734041e79a37e7f1fd3282,Ahmet Özbek,Mehmet,P.Er,Niğde,Niğde,1929,1950-11-29,Kore Savaşı (1950-1953) Kore Cephesi,Kore Savaşı ve İzleri + ATASE,https://sehitlerimiz.org.tr/sehit/ahmet-ozbek-101991
75eb8a487cbf4237f41e85ba,Akif İyiusta,Hasan,P.Er,Zonguldak,Devrek,1926,1950-11-29,Kore Savaşı (1950-1953) Gaiben Şehitler,Kore Savaşı ve İzleri + ATASE,https://sehitlerimiz.org.tr/sehit/akif-iyiusta-102467
26ce4839bc4228367a72d009,Alaattin Akyaylı,Şakir,P.Er,İzmir,Kemalpaşa,1929,1950-11-29,Kore Savaşı (1950-1953) Gaiben Şehitler,Kore Savaşı ve İzleri + ATASE,https://sehitlerimiz.org.tr/sehit/alaattin-akyayli-102407
b7c6788508793a4908f08871,Ali Birer,Hüseyin,P.Er,İzmir,Bergama,1928,1950-11-29,Kore Savaşı (1950-1953) Gaiben Şehitler,Kore Savaşı ve İzleri + ATASE,https://sehitlerimiz.org.tr/sehit/ali-birer-102418
0d9e54cb1f4ef289711a7192,Ali Can,Ahmet,P.Er,Mersin,Mersin,1929,1950-11-29,Kore Savaşı (1950-1953) Kore Cephesi,Kore Savaşı ve İzleri + ATASE,https://sehitlerimiz.org.tr/sehit/ali-can-101784
6c1f5bb5e36792c5b5e1cb3a,Ali Ertek,Ahmet,P.Er,Mersin,Silifke,1929,1950-11-29,Kore Savaşı (1950-1953) Kore Cephesi,Kore Savaşı ve İzleri + ATASE,https://sehitlerimiz.org.tr/sehit/ali-ertek-101864
655dadc6a172629b8dda508b,Ali Hikmet Koyğun,Ali,Top.Yzb.,Konya,Konya,1922,1950-11-29,Kore Savaşı (1950-1953) Gaiben Şehitler,Kore Savaşı ve İzleri + ATASE,https://sehitlerimiz.org.tr/sehit/ali-hikmet-koygun-102396
f5f3f915d2db5cb818a8df9c,Ali Irmak,Tahir,P.Er,İzmir,Ödemiş,1929,1950-11-29,Kore Savaşı (1950-1953) Gaiben Şehitler,Kore Savaşı ve İzleri + ATASE,https://sehitlerimiz.org.tr/sehit/ali-irmak-102462
bfca32dd0b1a153e7541ce9e,Ali Kabaklı,Aziz,P.Er,Kahramanmaraş,K.maraş,1929,1950-11-29,Kore Savaşı (1950-1953) Kore Cephesi,Kore Savaşı ve İzleri + ATASE,https://sehitlerimiz.org.tr/sehit/ali-kabakli-101905
80160ef27e0e7867846d121c,Ali Keklik,Hasan,P.Er,Mersin,Silifke,1929,1950-11-29,Kore Savaşı (1950-1953) Kore Cephesi,Kore Savaşı ve İzleri + ATASE,https://sehitlerimiz.org.tr/sehit/ali-keklik-101937
b707e2ac57f8ef8507ea8a61,Ali Kellecioğlu,İbo,P.Er,Gaziantep,Akyol,1929,1950-11-29,Kore Savaşı (1950-1953) Kore Cephesi,Kore Savaşı ve İzleri + ATASE,https://sehitlerimiz.org.tr/sehit/ali-kellecioglu-101939
2c7bd1ae0394f94780df75e8,Ali Kunt,Mehmet,P.Er,Mersin,Mersin,1929,1950-11-29,Kore Savaşı (1950-1953) Kore Cephesi,Kore Savaşı ve İzleri + ATASE,https://sehitlerimiz.org.tr/sehit/ali-kunt-101959
3309531afb0a954008fce770,Ali Yaşa,Mehmet,P.Er,Sakarya,Geyve,1927,1950-11-29,Kore Savaşı (1950-1953) Kore Cephesi,Kore Savaşı ve İzleri + ATASE,https://sehitlerimiz.org.tr/sehit/ali-yasa-102078
52467ef25f801dbf11c79164,Ali Çalışkan,Ramazan,P.Er,Ordu,Fatsa,1929,1950-11-29,Kore Savaşı (1950-1953) Kore Cephesi,Kore Savaşı ve İzleri + ATASE,https://sehitlerimiz.org.tr/sehit/ali-caliskan-101797
52402efd9c81f68b400aea3f,Ali İhsan İçer,Mustafa,P.Er,Niğde,Niğde,1928,1950-11-29,Kore Savaşı (1950-1953) Kore Cephesi,Kore Savaşı ve İzleri + ATASE,https://sehitlerimiz.org.tr/sehit/ali-ihsan-icer-101901
3f2904ffe88a21a3521c97b3,Arif Boğa,Mehmet,P.Er,Sinop,Boyabat,1929,1950-11-29,Kore Savaşı (1950-1953) Kore Cephesi,Kore Savaşı ve İzleri + ATASE,https://sehitlerimiz.org.tr/sehit/arif-boga-101777
452c3da6304540a144789e8e,Arif Güler,İsmail,P.Er,Çankırı,Ilgaz,1929,1950-11-29,Kore Savaşı (1950-1953) Gaiben Şehitler,Kore Savaşı ve İzleri + ATASE,https://sehitlerimiz.org.tr/sehit/arif-guler-102457
d101e8ebf37806487cd36eee,Arif Kanlı,Yusuf,P.Er,Giresun,Alucra,1929,1950-11-29,Kore Savaşı (1950-1953) Kore Cephesi,Kore Savaşı ve İzleri + ATASE,https://sehitlerimiz.org.tr/sehit/arif-kanli-101912
deafb28f8d011f7b1f6581f3,Arif Karabıyık,Hasan,P.Er,İzmir,Menemen,1929,1950-11-29,Kore Savaşı (1950-1953) Kore Cephesi,Kore Savaşı ve İzleri + ATASE,https://sehitlerimiz.org.tr/sehit/arif-karabiyik-101920
e9c1c41e2ddd75c758280255,Aziz Alemdar,İsmail,P.Er,Trabzon,Of,1929,1950-11-29,Kore Savaşı (1950-1953) Kore Cephesi,Kore Savaşı ve İzleri + ATASE,https://sehitlerimiz.org.tr/sehit/aziz-alemdar-101746
a5df0a37999533cd655ff868,Bahattin Işık,Yusuf,P.Er,İzmir,Bayındır,1929,1950-11-29,Kore Savaşı (1950-1953) Kore Cephesi,Kore Savaşı ve İzleri + ATASE,https://sehitlerimiz.org.tr/sehit/bahattin-isik-101900
569697887e5fcb992029af34,Bayram Çap,Emin,P.Er,Ordu,Fatsa,1929,1950-11-29,Kore Savaşı (1950-1953) Kore Cephesi,Kore Savaşı ve İzleri + ATASE,https://sehitlerimiz.org.tr/sehit/bayram-cap-101800
8d791cf02fb594c1f3f5a2eb,Bekir Aver,Mehmet,P.Er,Şanlıurfa,Şanlıurfa,1928,1950-11-29,Kore Savaşı (1950-1953) Kore Cephesi,Kore Savaşı ve İzleri + ATASE,https://sehitlerimiz.org.tr/sehit/bekir-aver-101757
2250e930e0d724ba575fb354,Bekir Yay,Mehmet,P.Er,İzmir,Bayındır,1929,1950-11-29,Kore Savaşı (1950-1953) Kore Cephesi,Kore Savaşı ve İzleri + ATASE,https://sehitlerimiz.org.tr/sehit/bekir-yay-102081
a6493b3176940445a60032de,Bilal Hantaş,Osman,P.Er,Kırıkkale,Kırıkkale,1929,1950-11-29,Kore Savaşı (1950-1953) Kore Cephesi,Kore Savaşı ve İzleri + ATASE,https://sehitlerimiz.org.tr/sehit/bilal-hantas-101896
061dd888b5cea0e13fb5f4f1,Cemal Bozoğlan,Ali,P.Er,İzmir,Bayındır,1929,1950-11-29,Kore Savaşı (1950-1953) Kore Cephesi,Kore Savaşı ve İzleri + ATASE,https://sehitlerimiz.org.tr/sehit/cemal-bozoglan-101780
a23e0ccc7c6bf4612aab767a,Cemal Özaltın,Hasan,P.Er,İzmir,İzmir,1929,1950-11-29,Kore Savaşı (1950-1953) Gaiben Şehitler,Kore Savaşı ve İzleri + ATASE,https://sehitlerimiz.org.tr/sehit/cemal-ozaltin-102506
677eaf1197aa8e551f483a23,Cuma Güzel,Hasan,P.Er,Diyarbakır,Çermik,1928,1950-11-29,Kore Savaşı (1950-1953) Kore Cephesi,Kore Savaşı ve İzleri + ATASE,https://sehitlerimiz.org.tr/sehit/cuma-guzel-101893
125577a20077fc12a9ff6670,Dede Kazancı,İbrahim,P.Er,Gümüşhane,Kelkit,1929,1950-11-29,Kore Savaşı (1950-1953) Kore Cephesi,Kore Savaşı ve İzleri + ATASE,https://sehitlerimiz.org.tr/sehit/dede-kazanci-101936
fc00b3e0d5f0b622cc41812b,Duran Güler,Gazi,P.Er,Ankara,Şereflikoçhisar,1929,1950-11-29,Kore Savaşı (1950-1953) Kore Cephesi,Kore Savaşı ve İzleri + ATASE,https://sehitlerimiz.org.tr/sehit/duran-guler-101879
48978ff159735c5d9044413c,Esat Öztüzün,Hasan,P.Kd.Yzb.,Kırşehir,Kırşehir,1918,1950-11-29,Kore Savaşı (1950-1953) Kore Cephesi,Kore Savaşı ve İzleri + ATASE,https://sehitlerimiz.org.tr/sehit/esat-oztuzun-101676
18108230a7b5e17abd0b3348,Eyüp Can,Mehmet,P.Er,Afyonkarahisar,Emirdağ,1929,1950-11-29,Kore Savaşı (1950-1953) Gaiben Şehitler,Kore Savaşı ve İzleri + ATASE,https://sehitlerimiz.org.tr/sehit/eyup-can-102422
85fae37c0572b99e690e1d90,Eyüp Uzunlar,Beytullah,P.Er,Bursa,Mudanya,1928,1950-11-29,Kore Savaşı (1950-1953) Gaiben Şehitler,Kore Savaşı ve İzleri + ATASE,https://sehitlerimiz.org.tr/sehit/eyup-uzunlar-102539
9ea079a834c18ffeb2ca2d1c,Faik Üge,Mustafa,P.Er,Aydın,Söke,1929,1950-11-29,Kore Savaşı (1950-1953) Gaiben Şehitler,Kore Savaşı ve İzleri + ATASE,https://sehitlerimiz.org.tr/sehit/faik-uge-102540
0e9e428f5ba838f39c77c9b4,Habip Kocabaş,Ali,P.Er,Denizli,Buldan,1928,1950-11-29,Kore Savaşı (1950-1953) Gaiben Şehitler,Kore Savaşı ve İzleri + ATASE,https://sehitlerimiz.org.tr/sehit/habip-kocabas-102490
c79de65de5206a075a0473e7,Hacı Tülek,Satılmış,P.Er,Ankara,Elmadağ,1929,1950-11-29,Kore Savaşı (1950-1953) Gaiben Şehitler,Kore Savaşı ve İzleri + ATASE,https://sehitlerimiz.org.tr/sehit/haci-tulek-102537
c84ba8b825dd1d1ca41ffd86,Halil Danışman,Mehmet,P.Er,Hatay,Yayladağ,1929,1950-11-29,Kore Savaşı (1950-1953) Kore Cephesi,Kore Savaşı ve İzleri + ATASE,https://sehitlerimiz.org.tr/sehit/halil-danisman-101831
9eaab45b1424287041da8d30,Halil Demir,Mehmet,P.Er,Adana,Kozan,1929,1950-11-29,Kore Savaşı (1950-1953) Gaiben Şehitler,Kore Savaşı ve İzleri + ATASE,https://sehitlerimiz.org.tr/sehit/halil-demir-102439
91613479097c98bf72fa2958,Halil Erdoğan,İbrahim,Tbp.Ütğm.,Kars,Sarıkamış,1922,1950-11-29,Kore Savaşı (1950-1953) Kore Cephesi,Kore Savaşı ve İzleri + ATASE,https://sehitlerimiz.org.tr/sehit/halil-erdogan-101700
83559f9e879596b6f40133f1,Halil Karakaş,Rıfat,P.Er,Bursa,Bursa-İnegöl,1929,1950-11-29,Kore Savaşı (1950-1953) Kore Cephesi,Kore Savaşı ve İzleri + ATASE,https://sehitlerimiz.org.tr/sehit/halil-karakas-101925
87e4b05cb1e4bf73f092ad31,Halil Katlan,Mehmet,P.Er,Mersin,Mersin,1929,1950-11-29,Kore Savaşı (1950-1953) Gaiben Şehitler,Kore Savaşı ve İzleri + ATASE,https://sehitlerimiz.org.tr/sehit/halil-katlan-102479
bc4609266d867cda8783b231,Halil Mert,Eyüp,P.Er,Bartın,Bartın,1926,1950-11-29,Kore Savaşı (1950-1953) Gaiben Şehitler,Kore Savaşı ve İzleri + ATASE,https://sehitlerimiz.org.tr/sehit/halil-mert-102500
763463569f8eb67738187ef0,Halil Yıldız,Ali,P.Er,İzmir,Ödemiş,1929,1950-11-29,Kore Savaşı (1950-1953) Kore Cephesi,Kore Savaşı ve İzleri + ATASE,https://sehitlerimiz.org.tr/sehit/halil-yildiz-102088
a5574ccddacc05bfeadee3c6,Halil İbrahim Kaynak,Dede,P.Er,Ankara,Şereflikoçhisar,1929,1950-11-29,Kore Savaşı (1950-1953) Kore Cephesi,Kore Savaşı ve İzleri + ATASE,https://sehitlerimiz.org.tr/sehit/halil-ibrahim-kaynak-101935
af24c1d57e35071febaeff2b,Halil İbrahim Menteş,Mehmet,P.Er,Bursa,Orhaneli,1929,1950-11-29,Kore Savaşı (1950-1953) Kore Cephesi,Kore Savaşı ve İzleri + ATASE,https://sehitlerimiz.org.tr/sehit/halil-ibrahim-mentes-101975
978dfe25d8747ceb03a6a783,Halil İbrahim Özdemir,Hüseyin,P.Er,İzmir,Ödemiş,1929,1950-11-29,Kore Savaşı (1950-1953) Kore Cephesi,Kore Savaşı ve İzleri + ATASE,https://sehitlerimiz.org.tr/sehit/halil-ibrahim-ozdemir-101994
0fb7305f845ea0be6118206f,Haliloğlu Atalay,Halil,Lv.Yzb.,Konya,Ereğli,1918,1950-11-29,Kore Savaşı (1950-1953) Kore Cephesi,Kore Savaşı ve İzleri + ATASE,https://sehitlerimiz.org.tr/sehit/haliloglu-atalay-101681
f9e79a263f35edde6fb5e1e2,Halis Parla,Hüseyin,P.Er,Ankara,Kızılcahamam,1929,1950-11-29,Kore Savaşı (1950-1953) Gaiben Şehitler,Kore Savaşı ve İzleri + ATASE,https://sehitlerimiz.org.tr/sehit/halis-parla-102511
c7dce5100b43c120746cbaae,Halit Balat,Paşa Ali,P.Er,Kars,Posof,1928,1950-11-29,Kore Savaşı (1950-1953) Kore Cephesi,Kore Savaşı ve İzleri + ATASE,https://sehitlerimiz.org.tr/sehit/halit-balat-101764
b37531a977399da367b6a455,Halit Çoruk,Hamdi,P.Er,Kastamonu,Devrekani,1929,1950-11-29,Kore Savaşı (1950-1953) Gaiben Şehitler,Kore Savaşı ve İzleri + ATASE,https://sehitlerimiz.org.tr/sehit/halit-coruk-102434
a65b7203c51f4aee111a2b12,Halit Ürün,Hakkı,P.Er,Kırıkkale,Keskin,1929,1950-11-29,Kore Savaşı (1950-1953) Gaiben Şehitler,Kore Savaşı ve İzleri + ATASE,https://sehitlerimiz.org.tr/sehit/halit-urun-102543
75fcac35b699868aa90dc0c7,Hamdi Çelik,Mevlüt,P.Er,Ordu,Fatsa,1928,1950-11-29,Kore Savaşı (1950-1953) Kore Cephesi,Kore Savaşı ve İzleri + ATASE,https://sehitlerimiz.org.tr/sehit/hamdi-celik-101807
1573187517315ecfb0dff318,Hamdi Özkan,Mehmet,P.Er,İzmir,Tire,1929,1950-11-29,Kore Savaşı (1950-1953) Kore Cephesi,Kore Savaşı ve İzleri + ATASE,https://sehitlerimiz.org.tr/sehit/hamdi-ozkan-102001
44f0f6338ded777edf016c3d,Hamit Cihan,Halil,P.Er,Aydın,Söke,1929,1950-11-29,Kore Savaşı (1950-1953) Kore Cephesi,Kore Savaşı ve İzleri + ATASE,https://sehitlerimiz.org.tr/sehit/hamit-cihan-101789
e5cd0bf10db5673f96e55daa,Hamit Öztürk,Mahmut,P.Er,Ankara,Şereflikoçhisar,1929,1950-11-29,Kore Savaşı (1950-1953) Kore Cephesi,Kore Savaşı ve İzleri + ATASE,https://sehitlerimiz.org.tr/sehit/hamit-ozturk-102007
480040bb46f096622f3c9a85,Hasan Babacan,Hüseyin,P.Er,İzmir,Ödemiş,1929,1950-11-29,Kore Savaşı (1950-1953) Kore Cephesi,Kore Savaşı ve İzleri + ATASE,https://sehitlerimiz.org.tr/sehit/hasan-babacan-101760
ab8835808a4786da0ed11892,Hasan Erkek,Mehmet Ali,P.Er,Bilecik,Bozüyük,1929,1950-11-29,Kore Savaşı (1950-1953) Kore Cephesi,Kore Savaşı ve İzleri + ATASE,https://sehitlerimiz.org.tr/sehit/hasan-erkek-101860
c13626e8a11ca31d2bfabf23,Hasan Göktepe,Hüseyin,P.Er,Muğla,Milas,1929,1950-11-29,Kore Savaşı (1950-1953) Kore Cephesi,Kore Savaşı ve İzleri + ATASE,https://sehitlerimiz.org.tr/sehit/hasan-goktepe-101874
1a6d7b646a6f2418965b20cd,Hasan Günvardar,Hüseyin,P.Er,İzmir,Kemeraltı,1929,1950-11-29,Kore Savaşı (1950-1953) Kore Cephesi,Kore Savaşı ve İzleri + ATASE,https://sehitlerimiz.org.tr/sehit/hasan-gunvardar-101888
1bb7adf4fe759a6eb29e06a3,Hasan Karaca,Mehmet,P.Er,Osmaniye,Osmaniye,1929,1950-11-29,Kore Savaşı (1950-1953) Kore Cephesi,Kore Savaşı ve İzleri + ATASE,https://sehitlerimiz.org.tr/sehit/hasan-karaca-101921
6a1d0343380d53374916b572,Hasan Kaçar,Celil,P.Er,İzmir,Dikili,1929,1950-11-29,Kore Savaşı (1950-1953) Kore Cephesi,Kore Savaşı ve İzleri + ATASE,https://sehitlerimiz.org.tr/sehit/hasan-kacar-101906
2e3d8224692c9b4065a02449,Hasan Kurulduk,Mehmet,P.Er,Adana,Bahçe,1929,1950-11-29,Kore Savaşı (1950-1953) Kore Cephesi,Kore Savaşı ve İzleri + ATASE,https://sehitlerimiz.org.tr/sehit/hasan-kurulduk-101966
e63e838da487b98f8b3313a8,Hasan Soykara,Ahmet,P.Er,İzmir,Ödemiş,1929,1950-11-29,Kore Savaşı (1950-1953) Kore Cephesi,Kore Savaşı ve İzleri + ATASE,https://sehitlerimiz.org.tr/sehit/hasan-soykara-102033
72283977003d80e8cbe21a3e,Hasan Topçu,Ali,P.Er,Zonguldak,Çaycuma,1929,1950-11-29,Kore Savaşı (1950-1953) Gaiben Şehitler,Kore Savaşı ve İzleri + ATASE,https://sehitlerimiz.org.tr/sehit/hasan-topcu-102534
bfb1053de19eb8ef9804d5f8,Hasan Çatık,Mehmet,P.Er,Kastamonu,Kastamonu,1929,1950-11-29,Kore Savaşı (1950-1953) Kore Cephesi,Kore Savaşı ve İzleri + ATASE,https://sehitlerimiz.org.tr/sehit/hasan-catik-101803
17dc78760cddde457998badc,Hasan Öcal,Dursun,P.Er,Kırıkkale,Kırıkkale,1929,1950-11-29,Kore Savaşı (1950-1953) Kore Cephesi,Kore Savaşı ve İzleri + ATASE,https://sehitlerimiz.org.tr/sehit/hasan-ocal-101985
2bb717069ae6d94f1ae8553b,Hasan Özenç,Ahmet,P.Er,Adana,Karaisali,1929,1950-11-29,Kore Savaşı (1950-1953) Kore Cephesi,Kore Savaşı ve İzleri + ATASE,https://sehitlerimiz.org.tr/sehit/hasan-ozenc-101999
9edc20dc5416ee708c137675,Hasan Özulu,Mustafa,P.Er,Çorum,Sungurlu,1929,1950-11-29,Kore Savaşı (1950-1953) Kore Cephesi,Kore Savaşı ve İzleri + ATASE,https://sehitlerimiz.org.tr/sehit/hasan-ozulu-102008
b4b4367e1e40d1c206fc0c19,Hasım Cücal,Hasan,P.Er,Rize,Rize,1929,1950-11-29,Kore Savaşı (1950-1953) Kore Cephesi,Kore Savaşı ve İzleri + ATASE,https://sehitlerimiz.org.tr/sehit/hasim-cucal-101791
0c5e76ecddfdbfdbe67e3fe3,Hidayet Akpınar,Hasan,P.Er,Çankırı,Çankırı,1929,1950-11-29,Kore Savaşı (1950-1953) Kore Cephesi,Kore Savaşı ve İzleri + ATASE,https://sehitlerimiz.org.tr/sehit/hidayet-akpinar-101740
c4003df9ff21d37c0fdca21b,Hidayet Kuzu,Tahir,P.Er,Kocaeli,İzmit,1929,1950-11-29,Kore Savaşı (1950-1953) Gaiben Şehitler,Kore Savaşı ve İzleri + ATASE,https://sehitlerimiz.org.tr/sehit/hidayet-kuzu-102499
dff5c796c5c2c8668da7177a,Hulusi Piroğlu,Mehmet,P.Er,Zonguldak,Kr.ereğli,1929,1950-11-29,Kore Savaşı (1950-1953) Gaiben Şehitler,Kore Savaşı ve İzleri + ATASE,https://sehitlerimiz.org.tr/sehit/hulusi-piroglu-102513
6034503e5fc88dbcf78d8aef,Hüseyin Altın,Abdullah,P.Er,Malatya,Akçadağ,1929,1950-11-29,Kore Savaşı (1950-1953) Gaiben Şehitler,Kore Savaşı ve İzleri + ATASE,https://sehitlerimiz.org.tr/sehit/huseyin-altin-102408
e5f6b79333441bf4d0e4ce07,Hüseyin Balkan,Mehmet,P.Er,Aydın,Çine,1929,1950-11-29,Kore Savaşı (1950-1953) Kore Cephesi,Kore Savaşı ve İzleri + ATASE,https://sehitlerimiz.org.tr/sehit/huseyin-balkan-101765
59be26c6bfb323adc632b5f9,Hüseyin Gökgöz,Abdulgani,P.Er,Bingöl,Genç,1927,1950-11-29,Kore Savaşı (1950-1953) Gaiben Şehitler,Kore Savaşı ve İzleri + ATASE,https://sehitlerimiz.org.tr/sehit/huseyin-gokgoz-102452
f69336f4de881b91b9c10884,Hüseyin Gürbüz,Seyit Ali,P.Er,Tunceli,Nazimiye,1929,1950-11-29,Kore Savaşı (1950-1953) Kore Cephesi,Kore Savaşı ve İzleri + ATASE,https://sehitlerimiz.org.tr/sehit/huseyin-gurbuz-101891
b7f4b06c9411322ba6a8eda4,Hüseyin Koşucu,Mustafa,Lv.Ütğm.,Bursa,Mudanya,1924,1950-11-29,Kore Savaşı (1950-1953) Kore Cephesi,Kore Savaşı ve İzleri + ATASE,https://sehitlerimiz.org.tr/sehit/huseyin-kosucu-101701
d0fb0134db84ec0ccf053ef9,Hüseyin Yüksel,Osman,P.Er,Mersin,Silifke,1929,1950-11-29,Kore Savaşı (1950-1953) Gaiben Şehitler,Kore Savaşı ve İzleri + ATASE,https://sehitlerimiz.org.tr/sehit/huseyin-yuksel-102552
854bb72db335b8943ae83aa7,Kadir Akser,Mehmet Ali,P.Er,Ordu,Fatsa,1929,1950-11-29,Kore Savaşı (1950-1953) Gaiben Şehitler,Kore Savaşı ve İzleri + ATASE,https://sehitlerimiz.org.tr/sehit/kadir-akser-102405
f95fbb3776ea7381715f621b,Kadir Kutlu,Kazım,P.Er,İzmir,Bergama,1929,1950-11-29,Kore Savaşı (1950-1953) Kore Cephesi,Kore Savaşı ve İzleri + ATASE,https://sehitlerimiz.org.tr/sehit/kadir-kutlu-101970
b59f40ca796d2c371b4b14b0,Kamil Koç,H.ibrahim,P.Er,Bursa,Orhaneli,1929,1950-11-29,Kore Savaşı (1950-1953) Kore Cephesi,Kore Savaşı ve İzleri + ATASE,https://sehitlerimiz.org.tr/sehit/kamil-koc-101954
616e2c51c7392ea8b2c0d836,Kazım Pala,Veli,P.Er,Mersin,Tarsus,1929,1950-11-29,Kore Savaşı (1950-1953) Kore Cephesi,Kore Savaşı ve İzleri + ATASE,https://sehitlerimiz.org.tr/sehit/kazim-pala-102009
b755d5a606748cd8ef65c469,Kemal Erten,Ali Rıza,Ulş.Kd.Alb.,Erzincan,Erzincan,1908,1950-11-29,Kore Savaşı (1950-1953) Kore Cephesi,Kore Savaşı ve İzleri + ATASE,https://sehitlerimiz.org.tr/sehit/kemal-erten-101672
9cd96b22a1543c7386ccd8c5,Kemal Görgülü,Etem,P.Er,Van,Van,1928,1950-11-29,Kore Savaşı (1950-1953) Gaiben Şehitler,Kore Savaşı ve İzleri + ATASE,https://sehitlerimiz.org.tr/sehit/kemal-gorgulu-102454
c82a7dc5b7052e5659738ad9,Kemalettin İnce,İsmail,P.Er,İstanbul,Çatalca,1928,1950-11-29,Kore Savaşı (1950-1953) Kore Cephesi,Kore Savaşı ve İzleri + ATASE,https://sehitlerimiz.org.tr/sehit/kemalettin-ince-101904
a253c8f22cc045eb02babdee,Kenan Doğangil,Mersin,P.Er,İstanbul,Beyoğlu,1921,1950-11-29,Kore Savaşı (1950-1953) Kore Cephesi,Kore Savaşı ve İzleri + ATASE,https://sehitlerimiz.org.tr/sehit/kenan-dogangil-101840
8fbefe1826867d4805aac8a2,Kirkor Şamdiyan,Onnik,P.Er,İstanbul,Bakırköy,1929,1950-11-29,Kore Savaşı (1950-1953) Gaiben Şehitler,Kore Savaşı ve İzleri + ATASE,https://sehitlerimiz.org.tr/sehit/kirkor-samdiyan-102526
e84b2f46e50a67243b923bc9,Koru Çelik,Mehmet,P.Er,Van,Erciş,1929,1950-11-29,Kore Savaşı (1950-1953) Kore Cephesi,Kore Savaşı ve İzleri + ATASE,https://sehitlerimiz.org.tr/sehit/koru-celik-101806
9a888f1806423d32dc2f9e8f,Koço Boğadaki,Dimitri,P.Er,İstanbul,Beşiktaş,1929,1950-11-29,Kore Savaşı (1950-1953) Gaiben Şehitler,Kore Savaşı ve İzleri + ATASE,https://sehitlerimiz.org.tr/sehit/koco-bogadaki-102419
2f00f2219db94f8b4197c539,Lütfü Gökçe,Hidayet,P.Er,Bilecik,Bozüyük,1929,1950-11-29,Kore Savaşı (1950-1953) Gaiben Şehitler,Kore Savaşı ve İzleri + ATASE,https://sehitlerimiz.org.tr/sehit/lutfu-gokce-102451
9c217f43023b1420bc872ad5,Lütfü Zor,İsmail,P.Er,Erzurum,İspir,1929,1950-11-29,Kore Savaşı (1950-1953) Kore Cephesi,Kore Savaşı ve İzleri + ATASE,https://sehitlerimiz.org.tr/sehit/lutfu-zor-102100
043b3a3b2cdc8be8c31815e1,Mehmet Akman,Nuri,YHSSvl.Me.,Bolu,Mengen,1921,1950-11-29,Kore Savaşı (1950-1953) Kore Cephesi,Kore Savaşı ve İzleri + ATASE,https://sehitlerimiz.org.tr/sehit/mehmet-akman-102101
8c9623be6e471dc1048f72a7,Mehmet Altıntaş,İsmail,P.Er,Zonguldak,Devrek,1926,1950-11-29,Kore Savaşı (1950-1953) Kore Cephesi,Kore Savaşı ve İzleri + ATASE,https://sehitlerimiz.org.tr/sehit/mehmet-altintas-101750
984fd58c5bc52b52c75c35e2,Mehmet Bayraktar,Mustafa,P.Er,Hatay,Altınözü,1929,1950-11-29,Kore Savaşı (1950-1953) Gaiben Şehitler,Kore Savaşı ve İzleri + ATASE,https://sehitlerimiz.org.tr/sehit/mehmet-bayraktar-102416
99a0987f117b4a8b6892c96b,Mehmet Başaran,Hasan,P.Er,Çanakkale,Biga,1929,1950-11-29,Kore Savaşı (1950-1953) Kore Cephesi,Kore Savaşı ve İzleri + ATASE,https://sehitlerimiz.org.tr/sehit/mehmet-basaran-101770
0a8f0e4354a00f8c3abb57ac,Mehmet Boz,İsmail,P.Er,İzmir,Bayındır,1929,1950-11-29,Kore Savaşı (1950-1953) Gaiben Şehitler,Kore Savaşı ve İzleri + ATASE,https://sehitlerimiz.org.tr/sehit/mehmet-boz-102421
170589f9c555afdc77fe38b6,Mehmet Ergül,Ali,P.Er,Elazığ,Palu,1929,1950-11-29,Kore Savaşı (1950-1953) Gaiben Şehitler,Kore Savaşı ve İzleri + ATASE,https://sehitlerimiz.org.tr/sehit/mehmet-ergul-102446
44db444248175468dfa7ef67,Mehmet Eğilmez,Arif,P.Er,Konya,Karatay,1927,1950-11-29,Kore Savaşı (1950-1953) Kore Cephesi,Kore Savaşı ve İzleri + ATASE,https://sehitlerimiz.org.tr/sehit/mehmet-egilmez-101848
15f946a8eeb700b7f97e115d,Mehmet Gönüllü,İsmail,P.Er,Isparta,Sütcüler,1929,1950-11-29,Kore Savaşı (1950-1953) Kore Cephesi,Kore Savaşı ve İzleri + ATASE,https://sehitlerimiz.org.tr/sehit/mehmet-gonullu-101877
12cfaa632276f6a00a1a006f,Mehmet Karakuyu,Salim,P.Er,Manisa,Manisa,1929,1950-11-29,Kore Savaşı (1950-1953) Gaiben Şehitler,Kore Savaşı ve İzleri + ATASE,https://sehitlerimiz.org.tr/sehit/mehmet-karakuyu-102475
7dc903ba599b2f48b6a7b590,Mehmet Kavak,Salih,P.Er,Aydın,Bozdoğan,1928,1950-11-29,Kore Savaşı (1950-1953) Gaiben Şehitler,Kore Savaşı ve İzleri + ATASE,https://sehitlerimiz.org.tr/sehit/mehmet-kavak-102481
52ad65506a2ee10be1224d74,Mehmet Kaya,Mehmet,P.Er,Hatay,Hassa/Hatay,,1950-11-29,Kore Savaşı (1950-1953) Kore Cephesi,Kore Savaşı ve İzleri + ATASE,https://sehitlerimiz.org.tr/sehit/mehmet-kaya-101933
4cb6525f4192d037a167c88a,Mehmet Kaçmaz,Ahmet,P.Er,İstanbul,Harbiye,1929,1950-11-29,Kore Savaşı (1950-1953) Kore Cephesi,Kore Savaşı ve İzleri + ATASE,https://sehitlerimiz.org.tr/sehit/mehmet-kacmaz-101907
0d4bfad5fd0e155df5cb85ab,Mehmet Semiz,Ali,P.Er,Gaziantep,Gaziantep,1929,1950-11-29,Kore Savaşı (1950-1953) Gaiben Şehitler,Kore Savaşı ve İzleri + ATASE,https://sehitlerimiz.org.tr/sehit/mehmet-semiz-102520
0fa5fb826f0c2483fb83c33a,Mehmet Solmaz,Mehmet,P.Er,İzmir,Bergama,1929,1950-11-29,Kore Savaşı (1950-1953) Kore Cephesi,Kore Savaşı ve İzleri + ATASE,https://sehitlerimiz.org.tr/sehit/mehmet-solmaz-102032
9b35deaf77c54085976836c7,Mehmet Sönmez,Hakkı,P.Er,Çankırı,Çankırı,1929,1950-11-29,Kore Savaşı (1950-1953) Kore Cephesi,Kore Savaşı ve İzleri + ATASE,https://sehitlerimiz.org.tr/sehit/mehmet-sonmez-102034
c00c185020acfabbc6e87167,Mehmet Uzunboy,Ömer,P.Er,Elazığ,Maden,1929,1950-11-29,Kore Savaşı (1950-1953) Gaiben Şehitler,Kore Savaşı ve İzleri + ATASE,https://sehitlerimiz.org.tr/sehit/mehmet-uzunboy-102538
bd01bfd4561e85a720b94e49,Mehmet Çimen,Ali,P.Er,İzmir,Torbalı,1929,1950-11-29,Kore Savaşı (1950-1953) Kore Cephesi,Kore Savaşı ve İzleri + ATASE,https://sehitlerimiz.org.tr/sehit/mehmet-cimen-101823
4ec6660ae2e6435bba2d244e,Mehmet Öz,Durmuş Şali,P.Er,Mersin,Silifke,1929,1950-11-29,Kore Savaşı (1950-1953) Kore Cephesi,Kore Savaşı ve İzleri + ATASE,https://sehitlerimiz.org.tr/sehit/mehmet-oz-101988
f1784f5d0f7b7b75c9b21e4d,Mehmet Özcan,Ömer,P.Er,İzmir,Bergama,1929,1950-11-29,Kore Savaşı (1950-1953) Kore Cephesi,Kore Savaşı ve İzleri + ATASE,https://sehitlerimiz.org.tr/sehit/mehmet-ozcan-101992
f7d29c3440934c555cba4fa2,Mehmet Özkoç,Dede,P.Er,Zonguldak,Ereğli,1927,1950-11-29,Kore Savaşı (1950-1953) Kore Cephesi,Kore Savaşı ve İzleri + ATASE,https://sehitlerimiz.org.tr/sehit/mehmet-ozkoc-102005
d2260e1330766c93da6d83bb,Mehmet Özyiğit,Tevfik,P.Er,Aydın,Nazilli,1929,1950-11-29,Kore Savaşı (1950-1953) Gaiben Şehitler,Kore Savaşı ve İzleri + ATASE,https://sehitlerimiz.org.tr/sehit/mehmet-ozyigit-102510
68af1257b8acd0a0a080d20b,Mehmet Şahin,Hüseyin,P.Er,Eskişehir,Eskişehir,1929,1950-11-29,Kore Savaşı (1950-1953) Kore Cephesi,Kore Savaşı ve İzleri + ATASE,https://sehitlerimiz.org.tr/sehit/mehmet-sahin-102037
56006268228994e0726ee02d,Muharrem Çoşkun,Mehmet,P.Er,Muğla,Marmaris,1927,1950-11-29,Kore Savaşı (1950-1953) Kore Cephesi,Kore Savaşı ve İzleri + ATASE,https://sehitlerimiz.org.tr/sehit/muharrem-coskun-101826
fe3e9218df127b6d3f726bd4,Muharrem Ödemişlioğlu,Mehmet,P.Er,İzmir,Bayındır,1929,1950-11-29,Kore Savaşı (1950-1953) Kore Cephesi,Kore Savaşı ve İzleri + ATASE,https://sehitlerimiz.org.tr/sehit/muharrem-odemislioglu-101986
3789d43212f6371ad91addf4,Muhittin Ergin,Mehmet,P.Er,İzmir,Bergama,1929,1950-11-29,Kore Savaşı (1950-1953) Kore Cephesi,Kore Savaşı ve İzleri + ATASE,https://sehitlerimiz.org.tr/sehit/muhittin-ergin-101858
d28d5fb668b49658fd1f2e36,Murat Kuru,Mevlüt,P.Er,Ordu,Fatsa,1929,1950-11-29,Kore Savaşı (1950-1953) Kore Cephesi,Kore Savaşı ve İzleri + ATASE,https://sehitlerimiz.org.tr/sehit/murat-kuru-101965
7292cd3b30aeb57c8acc3945,Murat Odabaş,Murat,P.Er,Düzce,Düzce,1929,1950-11-29,Kore Savaşı (1950-1953) Kore Cephesi,Kore Savaşı ve İzleri + ATASE,https://sehitlerimiz.org.tr/sehit/murat-odabas-101979
7d9ba31b48c2a28122970a75,Musa Selli,Halil,P.Er,Hatay,Hassa,1928,1950-11-29,Kore Savaşı (1950-1953) Kore Cephesi,Kore Savaşı ve İzleri + ATASE,https://sehitlerimiz.org.tr/sehit/musa-selli-102026
df33bf2e9e075a55bfd8dd47,Mustafa Alibaş,Hasan,P.Er,Kastamonu,Daday,1929,1950-11-29,Kore Savaşı (1950-1953) Kore Cephesi,Kore Savaşı ve İzleri + ATASE,https://sehitlerimiz.org.tr/sehit/mustafa-alibas-101749
5acfe695a601146457adc3e6,Mustafa Can,Bayram,P.Er,Zonguldak,Ereğli,1924,1950-11-29,Kore Savaşı (1950-1953) Kore Cephesi,Kore Savaşı ve İzleri + ATASE,https://sehitlerimiz.org.tr/sehit/mustafa-can-101782
edb9fc4dbb568db9c8ff8e61,Mustafa Ceylan,Şükrü,P.Er,Antalya,Antalya,1929,1950-11-29,Kore Savaşı (1950-1953) Gaiben Şehitler,Kore Savaşı ve İzleri + ATASE,https://sehitlerimiz.org.tr/sehit/mustafa-ceylan-102424
17e431a93c9300ed9eeca4d5,Mustafa Davas,Hüseyin,P.Er,İzmir,Bayındır,1929,1950-11-29,Kore Savaşı (1950-1953) Kore Cephesi,Kore Savaşı ve İzleri + ATASE,https://sehitlerimiz.org.tr/sehit/mustafa-davas-101832
b3cafe061efd313ced48bd4b,Mustafa Dağdelen,Hüseyin,P.Er,İzmir,Tire,1928,1950-11-29,Kore Savaşı (1950-1953) Kore Cephesi,Kore Savaşı ve İzleri + ATASE,https://sehitlerimiz.org.tr/sehit/mustafa-dagdelen-101829
3abd605bdef32a26642b922a,Mustafa Eker,Ömer,P.Er,Konya,Ilgın,1929,1950-11-29,Kore Savaşı (1950-1953) Kore Cephesi,Kore Savaşı ve İzleri + ATASE,https://sehitlerimiz.org.tr/sehit/mustafa-eker-101849
7ad9c1ecf101608b284bb92e,Mustafa Erman,Mehmet,P.Er,İzmir,Bergama,1929,1950-11-29,Kore Savaşı (1950-1953) Kore Cephesi,Kore Savaşı ve İzleri + ATASE,https://sehitlerimiz.org.tr/sehit/mustafa-erman-101861
be1a2921265b8a72824d96fa,Mustafa Gedik,Ali,P.Er,İzmir,Ödemiş,1929,1950-11-29,Kore Savaşı (1950-1953) Kore Cephesi,Kore Savaşı ve İzleri + ATASE,https://sehitlerimiz.org.tr/sehit/mustafa-gedik-101868
1268d384b198b3f49288b8c0,Mustafa Güneş,Rüsen,P.Er,Samsun,Alaçam,1929,1950-11-29,Kore Savaşı (1950-1953) Gaiben Şehitler,Kore Savaşı ve İzleri + ATASE,https://sehitlerimiz.org.tr/sehit/mustafa-gunes-102458
acdcde6e0919e865ddd8a420,Mustafa Gürbüz,Hasan,P.Er,Osmaniye,Osmaniye,1929,1950-11-29,Kore Savaşı (1950-1953) Kore Cephesi,Kore Savaşı ve İzleri + ATASE,https://sehitlerimiz.org.tr/sehit/mustafa-gurbuz-101890
c6ff08b8f55ce53988ea5309,Mustafa Kankulak,Mustafa,P.Er,Bursa,M.kemalpaşa,1928,1950-11-29,Kore Savaşı (1950-1953) Kore Cephesi,Kore Savaşı ve İzleri + ATASE,https://sehitlerimiz.org.tr/sehit/mustafa-kankulak-101911
347eebd539db8d2e8832bc66,Mustafa Köse,Ali,P.Er,Ankara,Polatlı,1928,1950-11-29,Kore Savaşı (1950-1953) Gaiben Şehitler,Kore Savaşı ve İzleri + ATASE,https://sehitlerimiz.org.tr/sehit/mustafa-kose-102497
fe599ea6e3519edb2a24d689,Mustafa Reçber,Hasan,P.Er,Amasya,Amasya,1929,1950-11-29,Kore Savaşı (1950-1953) Kore Cephesi,Kore Savaşı ve İzleri + ATASE,https://sehitlerimiz.org.tr/sehit/mustafa-recber-102016
56cdafcf31bc7ef696977a6a,Mustafa Sahra,Mahmut,P.Er,Ordu,Fatsa,1928,1950-11-29,Kore Savaşı (1950-1953) Kore Cephesi,Kore Savaşı ve İzleri + ATASE,https://sehitlerimiz.org.tr/sehit/mustafa-sahra-102017
ea932467170cff54387e0fe1,Mustafa Sarı,Kamil,P.Er,Bursa,Orhaneli,1929,1950-11-29,Kore Savaşı (1950-1953) Kore Cephesi,Kore Savaşı ve İzleri + ATASE,https://sehitlerimiz.org.tr/sehit/mustafa-sari-102022
b390d95cec82d102e7cfe6d3,Mustafa Taşçı,Hüseyin,P.Er,Balıkesir,Bandırma,1928,1950-11-29,Kore Savaşı (1950-1953) Kore Cephesi,Kore Savaşı ve İzleri + ATASE,https://sehitlerimiz.org.tr/sehit/mustafa-tasci-102047
262310a31fb388e67a0eb94e,Mustafa Torun,M.ali,P.Er,Ordu,Ünye,1929,1950-11-29,Kore Savaşı (1950-1953) Kore Cephesi,Kore Savaşı ve İzleri + ATASE,https://sehitlerimiz.org.tr/sehit/mustafa-torun-102058
12131acb29fadfe6535dc668,Mustafa Yatman,Ömer,P.Er,İzmir,Bayındır,1929,1950-11-29,Kore Savaşı (1950-1953) Gaiben Şehitler,Kore Savaşı ve İzleri + ATASE,https://sehitlerimiz.org.tr/sehit/mustafa-yatman-102547
4c6ac0286bb97014d2d8f92b,Mustafa Yılmaz,Mehmet,P.Er,Muğla,Marmaris,1929,1950-11-29,Kore Savaşı (1950-1953) Kore Cephesi,Kore Savaşı ve İzleri + ATASE,https://sehitlerimiz.org.tr/sehit/mustafa-yilmaz-102091
da9c984d5247be96a3865b74,Mustafa Çelik,Hüseyin,P.Er,İzmir,Ödemiş,1929,1950-11-29,Kore Savaşı (1950-1953) Kore Cephesi,Kore Savaşı ve İzleri + ATASE,https://sehitlerimiz.org.tr/sehit/mustafa-celik-101804
170a909c9483850ca9a3dfa9,Mustafa Çelik,Abdurrahman,P.Er,Erzurum,Oltu,1929,1950-11-29,Kore Savaşı (1950-1953) Kore Cephesi,Kore Savaşı ve İzleri + ATASE,https://sehitlerimiz.org.tr/sehit/mustafa-celik-102120
d174a7d8eff1822d7b3cd632,Mustafa Çetin,Mehmet,P.Er,İzmir,Ödemiş,1927,1950-11-29,Kore Savaşı (1950-1953) Kore Cephesi,Kore Savaşı ve İzleri + ATASE,https://sehitlerimiz.org.tr/sehit/mustafa-cetin-101814
894f51d90909f0372875e03c,Mustafa Çetinalp,Mehmet,P.Er,Bartın,Ulus,1929,1950-11-29,Kore Savaşı (1950-1953) Kore Cephesi,Kore Savaşı ve İzleri + ATASE,https://sehitlerimiz.org.tr/sehit/mustafa-cetinalp-101818
770ca47ea4f3e818c10a72af,Mustafa Çoşkun,Mehmet,P.Er,Bolu,Mudurnu,1929,1950-11-29,Kore Savaşı (1950-1953) Kore Cephesi,Kore Savaşı ve İzleri + ATASE,https://sehitlerimiz.org.tr/sehit/mustafa-coskun-101827
c0fdefacfdaa7573a367c62d,Müşir Eşme,Veli,P.Er,Kırıkkale,Keskin,1929,1950-11-29,Kore Savaşı (1950-1953) Kore Cephesi,Kore Savaşı ve İzleri + ATASE,https://sehitlerimiz.org.tr/sehit/musir-esme-101865
ee8e3bce0fcfa9e473e5e82d,Nasif Karaca,Mehmet Ali,P.Er,Denizli,Acıpayam,1929,1950-11-29,Kore Savaşı (1950-1953) Gaiben Şehitler,Kore Savaşı ve İzleri + ATASE,https://sehitlerimiz.org.tr/sehit/nasif-karaca-102473
62a61e48dc97730ad5437cd3,Necati Mert,Hasan,P.Er,Sakarya,İzmit,1929,1950-11-29,Kore Savaşı (1950-1953) Kore Cephesi,Kore Savaşı ve İzleri + ATASE,https://sehitlerimiz.org.tr/sehit/necati-mert-101976
ac86aa53ab6a7078c8748bea,Necati Yavuz,Ahmet,P.Er,Bursa,Karacabey,1928,1950-11-29,Kore Savaşı (1950-1953) Gaiben Şehitler,Kore Savaşı ve İzleri + ATASE,https://sehitlerimiz.org.tr/sehit/necati-yavuz-102548
d6f3c62b9b2a235f7ed46773,Necip Eren,Mehmet,P.Er,Çankırı,Çankırı,1929,1950-11-29,Kore Savaşı (1950-1953) Kore Cephesi,Kore Savaşı ve İzleri + ATASE,https://sehitlerimiz.org.tr/sehit/necip-eren-101857
e712693a96d69bc7d41bc1ff,Necip Kesen,Hayrullah,P.Er,Aydın,Aydın-Germencik,1928,1950-11-29,Kore Savaşı (1950-1953) Kore Cephesi,Kore Savaşı ve İzleri + ATASE,https://sehitlerimiz.org.tr/sehit/necip-kesen-101941
821fc98e340e82bdc89f8673,Nevzat Ayder,Abdül,P.Er,İzmir,Basmahane,1929,1950-11-29,Kore Savaşı (1950-1953) Gaiben Şehitler,Kore Savaşı ve İzleri + ATASE,https://sehitlerimiz.org.tr/sehit/nevzat-ayder-102413
9dbb0128c114893b155381d2,Niyazi Barutçu,Mehmet,P.Er,İzmir,Kemeraltı,1929,1950-11-29,Kore Savaşı (1950-1953) Kore Cephesi,Kore Savaşı ve İzleri + ATASE,https://sehitlerimiz.org.tr/sehit/niyazi-barutcu-101769
a3ec1feb8e8bba907ea30695,Nizamettin Haney,Halim,P.Er,Balıkesir,Balıkesir,1929,1950-11-29,Kore Savaşı (1950-1953) Kore Cephesi,Kore Savaşı ve İzleri + ATASE,https://sehitlerimiz.org.tr/sehit/nizamettin-haney-101895
7493a9159bc8643e880d6a48,Nurettin Şahin,Halil,P.Er,İzmir,Ödemiş,1929,1950-11-29,Kore Savaşı (1950-1953) Gaiben Şehitler,Kore Savaşı ve İzleri + ATASE,https://sehitlerimiz.org.tr/sehit/nurettin-sahin-102525
16718dfbe6eb2739db7816fd,Nuri Solak,Emin,P.Er,İzmir,Ödemiş,1929,1950-11-29,Kore Savaşı (1950-1953) Kore Cephesi,Kore Savaşı ve İzleri + ATASE,https://sehitlerimiz.org.tr/sehit/nuri-solak-102031
8779880d16b8627f18692e99,Orhan Tokgöz,Şükrü,İs.Ütğm.,İzmir,Ödemiş,1925,1950-11-29,Kore Savaşı (1950-1953) Gaiben Şehitler,Kore Savaşı ve İzleri + ATASE,https://sehitlerimiz.org.tr/sehit/orhan-tokgoz-102397
70d7e0f108f7b3e1802274a2,Osman Ceylan,Tahsin,P.Er,Çanakkale,Lapseki,1928,1950-11-29,Kore Savaşı (1950-1953) Kore Cephesi,Kore Savaşı ve İzleri + ATASE,https://sehitlerimiz.org.tr/sehit/osman-ceylan-101788
4aa63add84e338d6f337e1bf,Osman Coşkun,M.ali,P.Kd.Bçvş.,Tokat,Tokat,1916,1950-11-29,Kore Savaşı (1950-1953) Kore Cephesi,Kore Savaşı ve İzleri + ATASE,https://sehitlerimiz.org.tr/sehit/osman-coskun-101709
3df0cd3d63cb9942300ef161,Osman Erdem,Mehmet,P.Er,Kahramanmaraş,Elbistan,1929,1950-11-29,Kore Savaşı (1950-1953) Kore Cephesi,Kore Savaşı ve İzleri + ATASE,https://sehitlerimiz.org.tr/sehit/osman-erdem-101855
65750096f50a547034518ffe,Osman Işık,Osman,P.Er,Mersin,Mut,1929,1950-11-29,Kore Savaşı (1950-1953) Gaiben Şehitler,Kore Savaşı ve İzleri + ATASE,https://sehitlerimiz.org.tr/sehit/osman-isik-102463
5acb9fc40895daf375f25e57,Osman Koçak,Abidin,P.Er,Kırıkkale,Kırıkkale,1929,1950-11-29,Kore Savaşı (1950-1953) Gaiben Şehitler,Kore Savaşı ve İzleri + ATASE,https://sehitlerimiz.org.tr/sehit/osman-kocak-102492
e4b4f5bf69133c82646899da,Osman Köse,,P.Er,Sakarya,Karasu,1929,1950-11-29,Kore Savaşı (1950-1953) Kore Cephesi,Kore Savaşı ve İzleri + ATASE,https://sehitlerimiz.org.tr/sehit/osman-kose-101958
8189a352b08fb2dfd201db81,Osman Kırmıt,Mustafa,P.Er,Sivas,Yıldızeli,1929,1950-11-29,Kore Savaşı (1950-1953) Gaiben Şehitler,Kore Savaşı ve İzleri + ATASE,https://sehitlerimiz.org.tr/sehit/osman-kirmit-102488
c2ef10b7a8dba8650fd352ab,Osman Mazhar Göral,Hasan,P.Tğm.,Samsun,Samsun,1925,1950-11-29,Kore Savaşı (1950-1953) Kore Cephesi,Kore Savaşı ve İzleri + ATASE,https://sehitlerimiz.org.tr/sehit/osman-mazhar-goral-101702
cfae6022474e11afa82ffc4d,Osman Teke,Hasan,P.Er,Ankara,Beypazarı,1928,1950-11-29,Kore Savaşı (1950-1953) Gaiben Şehitler,Kore Savaşı ve İzleri + ATASE,https://sehitlerimiz.org.tr/sehit/osman-teke-102530
58e02c3761a36ec9490b2e88,Osman Turan,Mustafa,P.Er,Muğla,Köyceğiz,1929,1950-11-29,Kore Savaşı (1950-1953) Kore Cephesi,Kore Savaşı ve İzleri + ATASE,https://sehitlerimiz.org.tr/sehit/osman-turan-102062
b47f41559c1a07baf4585288,Osman Yaşar,Hamit,P.Er,Ankara,Kalecik,1929,1950-11-29,Kore Savaşı (1950-1953) Kore Cephesi,Kore Savaşı ve İzleri + ATASE,https://sehitlerimiz.org.tr/sehit/osman-yasar-102079
b5d9496da027277b2b477905,Osman Yürük,Mehmet,P.Er,Ankara,Ayaş,1929,1950-11-29,Kore Savaşı (1950-1953) Kore Cephesi,Kore Savaşı ve İzleri + ATASE,https://sehitlerimiz.org.tr/sehit/osman-yuruk-102098
aac45afe686791e4a8d208da,Rafet Şayan,Ali Osman,P.Er,Balıkesir,Kepsut,1929,1950-11-29,Kore Savaşı (1950-1953) Kore Cephesi,Kore Savaşı ve İzleri + ATASE,https://sehitlerimiz.org.tr/sehit/rafet-sayan-102040
fbca6f35c868d703665f97bc,Ramazan Bahar,Osman,P.Er,İstanbul,Çatalca,1929,1950-11-29,Kore Savaşı (1950-1953) Gaiben Şehitler,Kore Savaşı ve İzleri + ATASE,https://sehitlerimiz.org.tr/sehit/ramazan-bahar-102415
0eb75158f18b4407c671085d,Ramazan Demir,Kahraman,P.Er,Ordu,Fatsa,1929,1950-11-29,Kore Savaşı (1950-1953) Gaiben Şehitler,Kore Savaşı ve İzleri + ATASE,https://sehitlerimiz.org.tr/sehit/ramazan-demir-102436
432c04bdf4e1654d4b6c9287,Ramazan Ediz,Ali,P.Er,Mardin,İdil,1922,1950-11-29,Kore Savaşı (1950-1953) Kore Cephesi,Kore Savaşı ve İzleri + ATASE,https://sehitlerimiz.org.tr/sehit/ramazan-ediz-101847
9ed07d585d32f640fbb0872e,Ramazan Sancak,Mirza,P.Er,İzmir,Menemen,1929,1950-11-29,Kore Savaşı (1950-1953) Kore Cephesi,Kore Savaşı ve İzleri + ATASE,https://sehitlerimiz.org.tr/sehit/ramazan-sancak-102020
7bbc80a33183302e9a4eadfb,Ramazan Çetin,Ahmet,P.Er,Zonguldak,Safranbolu,1927,1950-11-29,Kore Savaşı (1950-1953) Kore Cephesi,Kore Savaşı ve İzleri + ATASE,https://sehitlerimiz.org.tr/sehit/ramazan-cetin-101813
69efc943c08efa34c284a162,Rasim Karapınar,Mustafa,P.Er,Bolu,Mudurnu,1929,1950-11-29,Kore Savaşı (1950-1953) Kore Cephesi,Kore Savaşı ve İzleri + ATASE,https://sehitlerimiz.org.tr/sehit/rasim-karapinar-101928
f30237fcb56b2a65ce271a77,Raşit Mete,Mehmet,Hesap Me.5 nci Snf.,İstanbul,Eminönü,1912,1950-11-29,Kore Savaşı (1950-1953) Kore Cephesi,Kore Savaşı ve İzleri + ATASE,https://sehitlerimiz.org.tr/sehit/rasit-mete-101707
bc3610ed08ff9fbf14fd1f51,Recep Sezer,İbrahim,P.Er,Zonguldak,Ereğli,1929,1950-11-29,Kore Savaşı (1950-1953) Gaiben Şehitler,Kore Savaşı ve İzleri + ATASE,https://sehitlerimiz.org.tr/sehit/recep-sezer-102522
9f4c8c98e6f5d3c3ce667585,Recep Torlak,Mustafa,P.Er,Bursa,Çekirge,1928,1950-11-29,Kore Savaşı (1950-1953) Kore Cephesi,Kore Savaşı ve İzleri + ATASE,https://sehitlerimiz.org.tr/sehit/recep-torlak-102057
60e20871ffb2a64d4899d5ed,Remzi Özkaynak,Hakkı,P.Er,Niğde,Niğde,1928,1950-11-29,Kore Savaşı (1950-1953) Kore Cephesi,Kore Savaşı ve İzleri + ATASE,https://sehitlerimiz.org.tr/sehit/remzi-ozkaynak-102004
e74f9c11888bb3de70a27595,Rıfat Yiğitoğlu,Mehmet,P.Er,Çankırı,Çankırı,1929,1950-11-29,Kore Savaşı (1950-1953) Gaiben Şehitler,Kore Savaşı ve İzleri + ATASE,https://sehitlerimiz.org.tr/sehit/rifat-yigitoglu-102551
3240f8448382c45137632c38,Rıza Özeren,Durak,P.Er,Yozgat,Yozgat,1929,1950-11-29,Kore Savaşı (1950-1953) Kore Cephesi,Kore Savaşı ve İzleri + ATASE,https://sehitlerimiz.org.tr/sehit/riza-ozeren-102000
89ebda5f3d3f3db7ee8332bf,Sabri Pehlivan,Hasan,P.Er,Ordu,Fatsa,1929,1950-11-29,Kore Savaşı (1950-1953) Kore Cephesi,Kore Savaşı ve İzleri + ATASE,https://sehitlerimiz.org.tr/sehit/sabri-pehlivan-102013
9d4cea972a6933f4fe24f489,Sadettin Karabay,İsa,P.Er,Ankara,Şereflikoçhisar,1929,1950-11-29,Kore Savaşı (1950-1953) Kore Cephesi,Kore Savaşı ve İzleri + ATASE,https://sehitlerimiz.org.tr/sehit/sadettin-karabay-101919
5a0112856b844373a41e0441,Sait Özdemir,Sait,P.Er,Ordu,Fatsa,1929,1950-11-29,Kore Savaşı (1950-1953) Kore Cephesi,Kore Savaşı ve İzleri + ATASE,https://sehitlerimiz.org.tr/sehit/sait-ozdemir-101995
88de6cedd89145a7828e4382,Salih Güner,Rıza,Ulş.Üçvş.,Niğde,Niğde,1925,1950-11-29,Kore Savaşı (1950-1953) Gaiben Şehitler,Kore Savaşı ve İzleri + ATASE,https://sehitlerimiz.org.tr/sehit/salih-guner-102399
a5a5b14a01d713e04be97abf,Satılmış Odabaş,Abdurrahma,P.Er,Zonguldak,Çaycuma,1926,1950-11-29,Kore Savaşı (1950-1953) Kore Cephesi,Kore Savaşı ve İzleri + ATASE,https://sehitlerimiz.org.tr/sehit/satilmis-odabas-101980
765d540977c76d2d767956ff,Satılmış Çatalkaya,Halil,P.Er,Çankırı,Şabanözü,1929,1950-11-29,Kore Savaşı (1950-1953) Kore Cephesi,Kore Savaşı ve İzleri + ATASE,https://sehitlerimiz.org.tr/sehit/satilmis-catalkaya-101802
7e201e4e2573deb7c4dbe872,Satılmış Şen,Abdullah,P.Er,Ankara,Çubuk,1929,1950-11-29,Kore Savaşı (1950-1953) Gaiben Şehitler,Kore Savaşı ve İzleri + ATASE,https://sehitlerimiz.org.tr/sehit/satilmis-sen-102527
10ff3f2ee93ff437b9c2bcf8,Selahattin Topaloğlu,Halil İbrahim,P.Er,İzmir,Seferihisar,1929,1950-11-29,Kore Savaşı (1950-1953) Kore Cephesi,Kore Savaşı ve İzleri + ATASE,https://sehitlerimiz.org.tr/sehit/selahattin-topaloglu-102053
951226e65dc2b123161a882c,Seydi Sarı,Abdurrahman,P.Er,Mardin,Kızıltepe,1928,1950-11-29,Kore Savaşı (1950-1953) Kore Cephesi,Kore Savaşı ve İzleri + ATASE,https://sehitlerimiz.org.tr/sehit/seydi-sari-102024
d48da7b6b8f3d8e21a6d693a,Sezai Aktaş,Ahmet,P.Er,Bolu,Gerede,1929,1950-11-29,Kore Savaşı (1950-1953) Kore Cephesi,Kore Savaşı ve İzleri + ATASE,https://sehitlerimiz.org.tr/sehit/sezai-aktas-101741
cc4b6b8e3fe731d684d36408,Süleyman Ak,Ali,P.Er,İzmir,Tire,1929,1950-11-29,Kore Savaşı (1950-1953) Gaiben Şehitler,Kore Savaşı ve İzleri + ATASE,https://sehitlerimiz.org.tr/sehit/suleyman-ak-102402
645fa9e8697e19fef2186402,Süleyman Bacak,Arif,P.Er,Ankara,Kalecik,1929,1950-11-29,Kore Savaşı (1950-1953) Kore Cephesi,Kore Savaşı ve İzleri + ATASE,https://sehitlerimiz.org.tr/sehit/suleyman-bacak-101761
c76fe26fcc36651b33416cfa,Süleyman Sakallı,İbrahim,P.Er,İzmir,Ödemiş,1929,1950-11-29,Kore Savaşı (1950-1953) Gaiben Şehitler,Kore Savaşı ve İzleri + ATASE,https://sehitlerimiz.org.tr/sehit/suleyman-sakalli-102514
0aac8c18b4869234fddf6f30,Süleyman Subatan,Hasan,P.Er,İzmir,Ödemiş,1929,1950-11-29,Kore Savaşı (1950-1953) Gaiben Şehitler,Kore Savaşı ve İzleri + ATASE,https://sehitlerimiz.org.tr/sehit/suleyman-subatan-102524
71b66e5fb8b9e3eb3a3a6a67,Süleyman Yılmaz,Ahmet,P.Er,İzmir,Ödemiş,1929,1950-11-29,Kore Savaşı (1950-1953) Gaiben Şehitler,Kore Savaşı ve İzleri + ATASE,https://sehitlerimiz.org.tr/sehit/suleyman-yilmaz-102550
9e4e987a71512332dfd478fa,Süleyman Çepni,Mehmet,P.Er,İzmir,Ödemiş,1929,1950-11-29,Kore Savaşı (1950-1953) Kore Cephesi,Kore Savaşı ve İzleri + ATASE,https://sehitlerimiz.org.tr/sehit/suleyman-cepni-101811
c1729edce2635c460c91192a,Süleyman Şahin,Mustafa,P.Er,Ankara,Kızılcahamam,1929,1950-11-29,Kore Savaşı (1950-1953) Kore Cephesi,Kore Savaşı ve İzleri + ATASE,https://sehitlerimiz.org.tr/sehit/suleyman-sahin-102038
c2dc8d6691cff7d01a510678,Tahir Bayır,Veli,P.Er,İzmir,Tire,1929,1950-11-29,Kore Savaşı (1950-1953) Kore Cephesi,Kore Savaşı ve İzleri + ATASE,https://sehitlerimiz.org.tr/sehit/tahir-bayir-101772
841c070c52fb4bf2986da44e,Tahir Orçin,Mehmet,P.Er,İzmir,Bayındır,1929,1950-11-29,Kore Savaşı (1950-1953) Kore Cephesi,Kore Savaşı ve İzleri + ATASE,https://sehitlerimiz.org.tr/sehit/tahir-orcin-101982
0f697dddd7e97d39fb6b2a59,Turan Boran,Tahsin,P.Er,İstanbul,Fatih,1929,1950-11-29,Kore Savaşı (1950-1953) Gaiben Şehitler,Kore Savaşı ve İzleri + ATASE,https://sehitlerimiz.org.tr/sehit/turan-boran-102420
6624dd1d23c8111a365dff72,Vahdettin Özkaya,Refik,P.Er,Konya,Ilgın,1929,1950-11-29,Kore Savaşı (1950-1953) Kore Cephesi,Kore Savaşı ve İzleri + ATASE,https://sehitlerimiz.org.tr/sehit/vahdettin-ozkaya-102002
0c1d5a3d4f7d0e8a2f096cc9,Veli Boz,Ömer,P.Er,Osmaniye,Osmaniye,1929,1950-11-29,Kore Savaşı (1950-1953) Kore Cephesi,Kore Savaşı ve İzleri + ATASE,https://sehitlerimiz.org.tr/sehit/veli-boz-101778
f887a064ba05c0e24ffcbda7,Yahya Tüfek,Mustafa,P.Er,İzmir,Bergama,1929,1950-11-29,Kore Savaşı (1950-1953) Gaiben Şehitler,Kore Savaşı ve İzleri + ATASE,https://sehitlerimiz.org.tr/sehit/yahya-tufek-102536
8604fa24e2ec05ff5d021a3c,Yakup Yılmaz,Tahsin,P.Er,Ordu,Mesudiye,1929,1950-11-29,Kore Savaşı (1950-1953) Kore Cephesi,Kore Savaşı ve İzleri + ATASE,https://sehitlerimiz.org.tr/sehit/yakup-yilmaz-102092
cfe650b6ee801d4148cf6655,Yaşar Türkmen,Ahmet,P.Er,Elazığ,Elazığ,1928,1950-11-29,Kore Savaşı (1950-1953) Kore Cephesi,Kore Savaşı ve İzleri + ATASE,https://sehitlerimiz.org.tr/sehit/yasar-turkmen-102067
428b1b9ec274c04641d415b9,Yunus Uçar,Bayram,P.Er,Zonguldak,Çaycuma,1926,1950-11-29,Kore Savaşı (1950-1953) Kore Cephesi,Kore Savaşı ve İzleri + ATASE,https://sehitlerimiz.org.tr/sehit/yunus-ucar-102068
382ff070c67b190ed738f449,Yusuf Dalgın,Yusuf,P.Er,Balıkesir,İvrindi,1929,1950-11-29,Kore Savaşı (1950-1953) Kore Cephesi,Kore Savaşı ve İzleri + ATASE,https://sehitlerimiz.org.tr/sehit/yusuf-dalgin-101830
b0ffa1504a6d9af362a150c7,Yusuf Duman,Kulyani,P.Er,Hakkâri,Hakkâri,1929,1950-11-29,Kore Savaşı (1950-1953) Gaiben Şehitler,Kore Savaşı ve İzleri + ATASE,https://sehitlerimiz.org.tr/sehit/yusuf-duman-102444
3899b8f0f50b178a60a28ba8,Yusuf Haydar,Necip,P.Er,Hatay,Altınözü,1928,1950-11-29,Kore Savaşı (1950-1953) Kore Cephesi,Kore Savaşı ve İzleri + ATASE,https://sehitlerimiz.org.tr/sehit/yusuf-haydar-101897
30774398450c863b2218ead6,Yusuf Karaaslan,Behlül,P.Er,Çankırı,Çankırı,1929,1950-11-29,Kore Savaşı (1950-1953) Kore Cephesi,Kore Savaşı ve İzleri + ATASE,https://sehitlerimiz.org.tr/sehit/yusuf-karaaslan-101918
c4eb590e99736c3e1cb3271a,Yusuf Kaya,İsmail,P.Er,Gaziantep,İslahiye,1929,1950-11-29,Kore Savaşı (1950-1953) Gaiben Şehitler,Kore Savaşı ve İzleri + ATASE,https://sehitlerimiz.org.tr/sehit/yusuf-kaya-102484
e4fc37785c2a9cb96715cc3f,Yusuf Özek,Hasan,P.Er,Afyonkarahisar,Afyon,1929,1950-11-29,Kore Savaşı (1950-1953) Kore Cephesi,Kore Savaşı ve İzleri + ATASE,https://sehitlerimiz.org.tr/sehit/yusuf-ozek-101998
60b5103dd2fcc0f29014a7ca,Yılmaz Can,Cemal,P.Er,Uşak,Uşak,1929,1950-11-29,Kore Savaşı (1950-1953) Kore Cephesi,Kore Savaşı ve İzleri + ATASE,https://sehitlerimiz.org.tr/sehit/yilmaz-can-101785
d5adb4637263b0110721d02f,Zaim Fırat,Recep,P.Er,Erzurum,Erzurum,1929,1950-11-29,Kore Savaşı (1950-1953) Kore Cephesi,Kore Savaşı ve İzleri + ATASE,https://sehitlerimiz.org.tr/sehit/zaim-firat-101866
f9ce8392b9deaefcbaa01b37,Zekeriya İnan,Abdil,P.Er,Mersin,Mersin,1929,1950-11-29,Kore Savaşı (1950-1953) Kore Cephesi,Kore Savaşı ve İzleri + ATASE,https://sehitlerimiz.org.tr/sehit/zekeriya-inan-101903
ed3ed7a9c39ff2d00f756513,Ömer Alışcı,Mehmet,P.Er,Ankara,Beypazarı,1929,1950-11-29,Kore Savaşı (1950-1953) Kore Cephesi,Kore Savaşı ve İzleri + ATASE,https://sehitlerimiz.org.tr/sehit/omer-alisci-101748
340e170ae877f881f56e8483,Ömer Hotoğlu,Hüseyin,P.Er,Trabzon,Akçaabat,1929,1950-11-29,Kore Savaşı (1950-1953) Kore Cephesi,Kore Savaşı ve İzleri + ATASE,https://sehitlerimiz.org.tr/sehit/omer-hotoglu-101899
8cc9b5d7e3f2dd56ceba4959,Ömer Konaklı,Hüseyin,P.Er,Osmaniye,Kadirli,1929,1950-11-29,Kore Savaşı (1950-1953) Gaiben Şehitler,Kore Savaşı ve İzleri + ATASE,https://sehitlerimiz.org.tr/sehit/omer-konakli-102494
d802b0a0ab9958393ec51ca7,Ömer Kıyas,Halit,P.Er,Şırnak,Şırnak,1929,1950-11-29,Kore Savaşı (1950-1953) Kore Cephesi,Kore Savaşı ve İzleri + ATASE,https://sehitlerimiz.org.tr/sehit/omer-kiyas-101952
d7a91f2eef7a0c1973ebae6d,Ömer Çoğalan,İsmail,P.Er,Çankırı,Çankırı,1929,1950-11-29,Kore Savaşı (1950-1953) Kore Cephesi,Kore Savaşı ve İzleri + ATASE,https://sehitlerimiz.org.tr/sehit/omer-cogalan-101825
a91c104c5dc6297bfeb20047,İbiş Bahadır,Ali,P.Er,Hatay,Hassa,1929,1950-11-29,Kore Savaşı (1950-1953) Kore Cephesi,Kore Savaşı ve İzleri + ATASE,https://sehitlerimiz.org.tr/sehit/ibis-bahadir-101762
7a9a4d53fb0d7e458430628a,İbrahim Gültekin,Şükrü,P.Er,Uşak,Uşak-Banaz,1927,1950-11-29,Kore Savaşı (1950-1953) Kore Cephesi,Kore Savaşı ve İzleri + ATASE,https://sehitlerimiz.org.tr/sehit/ibrahim-gultekin-101883
ac7174f4e1982912bc4f082c,İbrahim Halil Akdemir,Kasım,P.Kd.Ütğm.,Konya,Konya,1923,1950-11-29,Kore Savaşı (1950-1953) Kore Cephesi,Kore Savaşı ve İzleri + ATASE,https://sehitlerimiz.org.tr/sehit/ibrahim-halil-akdemir-101683
30ebdc9206e6ce287a80ab36,İbrahim Kapucu,Emin,P.Er,Kırıkkale,Balışeyh,1929,1950-11-29,Kore Savaşı (1950-1953) Gaiben Şehitler,Kore Savaşı ve İzleri + ATASE,https://sehitlerimiz.org.tr/sehit/ibrahim-kapucu-102470
cad0eac5bf4b0ef5222531cf,İbrahim Karatekin,Muharrem,P.Er,Çankırı,Ilgaz,1926,1950-11-29,Kore Savaşı (1950-1953) Kore Cephesi,Kore Savaşı ve İzleri + ATASE,https://sehitlerimiz.org.tr/sehit/ibrahim-karatekin-101929
873585a739fe53d01f1aacdf,İbrahim Parapan,Ali,P.Er,İzmir,Bergama,1929,1950-11-29,Kore Savaşı (1950-1953) Kore Cephesi,Kore Savaşı ve İzleri + ATASE,https://sehitlerimiz.org.tr/sehit/ibrahim-parapan-102010
9ccc3be11137f2946e17f918,İbrahim Sakman,Osman,P.Er,Muğla,Fethiye,1929,1950-11-29,Kore Savaşı (1950-1953) Gaiben Şehitler,Kore Savaşı ve İzleri + ATASE,https://sehitlerimiz.org.tr/sehit/ibrahim-sakman-102515
49959b79a07063273c4a3040,İbrahim Tezeren,Ali,P.Er,Zonguldak,Ereğli,1926,1950-11-29,Kore Savaşı (1950-1953) Kore Cephesi,Kore Savaşı ve İzleri + ATASE,https://sehitlerimiz.org.tr/sehit/ibrahim-tezeren-102050
61cd3feb79b6bdbb3e78c788,İbrahim Turan,Ali,P.Er,İzmir,Urla,1929,1950-11-29,Kore Savaşı (1950-1953) Kore Cephesi,Kore Savaşı ve İzleri + ATASE,https://sehitlerimiz.org.tr/sehit/ibrahim-turan-102060
7aea66dcd8dda45dae7cb4fd,İbrahim Yıldızdal,Kasım,P.Er,Kocaeli,Karamürsel,1928,1950-11-29,Kore Savaşı (1950-1953) Kore Cephesi,Kore Savaşı ve İzleri + ATASE,https://sehitlerimiz.org.tr/sehit/ibrahim-yildizdal-102090
1f38e2e8102b9ad60c09292c,İbrahim Özden,Adem,P.Er,Bingöl,Solgan,1926,1950-11-29,Kore Savaşı (1950-1953) Kore Cephesi,Kore Savaşı ve İzleri + ATASE,https://sehitlerimiz.org.tr/sehit/ibrahim-ozden-101997
39faf183820835a6b72f8861,İlyas Kılıç,Mustafa,P.Er,Sakarya,Akyazı,1929,1950-11-29,Kore Savaşı (1950-1953) Kore Cephesi,Kore Savaşı ve İzleri + ATASE,https://sehitlerimiz.org.tr/sehit/ilyas-kilic-101946
3e6a63f16def522dd6731475,İsmail Dereli,Mehmet,P.Er,İzmir,Tire,1929,1950-11-29,Kore Savaşı (1950-1953) Kore Cephesi,Kore Savaşı ve İzleri + ATASE,https://sehitlerimiz.org.tr/sehit/ismail-dereli-101837
57a6ee5c12c922cecb9ad867,İsmail Olgun,Salih,P.Er,Edirne,Uzunköprü,1929,1950-11-29,Kore Savaşı (1950-1953) Kore Cephesi,Kore Savaşı ve İzleri + ATASE,https://sehitlerimiz.org.tr/sehit/ismail-olgun-101981
e4c31db99f0961169bc8bb16,İsmail Pideci,Hüseyin,P.Er,Aydın,Söke,1929,1950-11-29,Kore Savaşı (1950-1953) Kore Cephesi,Kore Savaşı ve İzleri + ATASE,https://sehitlerimiz.org.tr/sehit/ismail-pideci-102015
1177142e1c558793b786571a,İsmail Topal,Sadullah,P.Er,Çankırı,Şabanözü,1929,1950-11-29,Kore Savaşı (1950-1953) Kore Cephesi,Kore Savaşı ve İzleri + ATASE,https://sehitlerimiz.org.tr/sehit/ismail-topal-102052
242cfde80404344140cf1c05,İsmail Yalçın,Mehmet Ali,P.Er,İzmir,Urla,1929,1950-11-29,Kore Savaşı (1950-1953) Kore Cephesi,Kore Savaşı ve İzleri + ATASE,https://sehitlerimiz.org.tr/sehit/ismail-yalcin-102075
82623303595d62a68073fe03,İsmail Çamur,Hasan,P.Er,Sakarya,Hendek,1929,1950-11-29,Kore Savaşı (1950-1953) Kore Cephesi,Kore Savaşı ve İzleri + ATASE,https://sehitlerimiz.org.tr/sehit/ismail-camur-101799
1fa412f106941640a524dded,İsmail Ören,Hasan,P.Er,Çankırı,Çankırı,1929,1950-11-29,Kore Savaşı (1950-1953) Kore Cephesi,Kore Savaşı ve İzleri + ATASE,https://sehitlerimiz.org.tr/sehit/ismail-oren-101987
ae1d56d80342d83fd2fe05d9,İsmet Köksal,İbrahim,P.Er,Ankara,Beypazarı,1929,1950-11-29,Kore Savaşı (1950-1953) Gaiben Şehitler,Kore Savaşı ve İzleri + ATASE,https://sehitlerimiz.org.tr/sehit/ismet-koksal-102496
ccc0a2cc6e932e5b9c0f8a90,İsmet Özkaya,Murat,P.Er,Kocaeli,Kandıra,1929,1950-11-29,Kore Savaşı (1950-1953) Gaiben Şehitler,Kore Savaşı ve İzleri + ATASE,https://sehitlerimiz.org.tr/sehit/ismet-ozkaya-102509
eb9dd8aa6c2f921fb8ca0a36,İzzet Sayar,Mustafa,P.Er,Çankırı,Çankırı,1927,1950-11-29,Kore Savaşı (1950-1953) Gaiben Şehitler,Kore Savaşı ve İzleri + ATASE,https://sehitlerimiz.org.tr/sehit/izzet-sayar-102519
70cc7f1ba9fe9fac37722ec0,Şaban Çepel,Yunus,P.Er,Çankırı,Çankırı,1929,1950-11-29,Kore Savaşı (1950-1953) Kore Cephesi,Kore Savaşı ve İzleri + ATASE,https://sehitlerimiz.org.tr/sehit/saban-cepel-101810
d83a6c47c4bbacf4d5e7ab7b,Şakir Doğan,Ali,P.Er,Zonguldak,Safranbolu,1929,1950-11-29,Kore Savaşı (1950-1953) Kore Cephesi,Kore Savaşı ve İzleri + ATASE,https://sehitlerimiz.org.tr/sehit/sakir-dogan-101839
934238877a771650bf74efb5,Şerafettin Küpeli,Fevzi,P.Er,Bursa,Bursa,1928,1950-11-29,Kore Savaşı (1950-1953) Kore Cephesi,Kore Savaşı ve İzleri + ATASE,https://sehitlerimiz.org.tr/sehit/serafettin-kupeli-101972
4b9d85fadf31c70266e029b8,Şerif Yavuz,Hüseyin,P.Ütğm.,Giresun,Şebinkarahisar,1923,1950-11-29,Kore Savaşı (1950-1953) Kore Cephesi,Kore Savaşı ve İzleri + ATASE,https://sehitlerimiz.org.tr/sehit/serif-yavuz-101693
1100ca3beecb4aefe67da84a,Şevket Candemir,İzzet,P.Er,Kocaeli,Kandıra,1929,1950-11-29,Kore Savaşı (1950-1953) Kore Cephesi,Kore Savaşı ve İzleri + ATASE,https://sehitlerimiz.org.tr/sehit/sevket-candemir-101787
e8aac1f437487129a11fd7a2,Şevket Dere,Ahmet,P.Er,Bartın,Bartın,1926,1950-11-29,Kore Savaşı (1950-1953) Kore Cephesi,Kore Savaşı ve İzleri + ATASE,https://sehitlerimiz.org.tr/sehit/sevket-dere-101836
e2d80b1da44a970194d5aba2,Şevket Kıvılcım,Akif,P.Er,İzmir,Torbalı,1929,1950-11-29,Kore Savaşı (1950-1953) Kore Cephesi,Kore Savaşı ve İzleri + ATASE,https://sehitlerimiz.org.tr/sehit/sevket-kivilcim-101951
5ce22b2a4d33ff40254d3747,Şevket Ünal,Tahir,P.Er,Zonguldak,Çaycuma,1929,1950-11-29,Kore Savaşı (1950-1953) Gaiben Şehitler,Kore Savaşı ve İzleri + ATASE,https://sehitlerimiz.org.tr/sehit/sevket-unal-102542
9ce4d069d87c67fff5329698,Şükrü Gündoğdu,Satılmış,P.Er,Amasya,Gümüşhacıköy,1929,1950-11-29,Kore Savaşı (1950-1953) Kore Cephesi,Kore Savaşı ve İzleri + ATASE,https://sehitlerimiz.org.tr/sehit/sukru-gundogdu-101885
a8aef60cf6334248cc8ae101,Şükrü Memiş,Hakkı,P.Er,Samsun,Havza,1929,1950-11-29,Kore Savaşı (1950-1953) Kore Cephesi,Kore Savaşı ve İzleri + ATASE,https://sehitlerimiz.org.tr/sehit/sukru-memis-101974
ed737420774ae4c1273e0b43,Mustafa Çetinkaya,Ahmet,P.Er,Samsun,Ladik,1929,1950-11-30,Kore Savaşı (1950-1953) Kore Cephesi,Kore Savaşı ve İzleri + ATASE,https://sehitlerimiz.org.tr/sehit/mustafa-cetinkaya-101819
8ea1e3f73e0492cb7ad03fb5,Halil Küçük,Mehmet,P.Er,Hatay,Altınözü,1929,1950-12-02,Kore Savaşı (1950-1953) Kore Cephesi,Kore Savaşı ve İzleri + ATASE,https://sehitlerimiz.org.tr/sehit/halil-kucuk-101971
dd0f038e7bc34a021151343c,Kazım Tezcan,Rasim,P.Er,Ordu,Fatsa,1929,1950-12-02,Kore Savaşı (1950-1953) Kore Cephesi,Kore Savaşı ve İzleri + ATASE,https://sehitlerimiz.org.tr/sehit/kazim-tezcan-102049
8782820cdf4fa5430e168aa4,Mustafa Acal,Hüseyin,P.Er,Konya,Bozkır,1929,1950-12-10,Kore Savaşı (1950-1953) Gaiben Şehitler,Kore Savaşı ve İzleri + ATASE,https://sehitlerimiz.org.tr/sehit/mustafa-acal-102400
2e1d66395471f17e53cb5d6b,Çetin Engiri,Hakkı,P.Er,İzmir,Kemeraltı,1929,1950-12-12,Kore Savaşı (1950-1953) Kore Cephesi,Kore Savaşı ve İzleri + ATASE,https://sehitlerimiz.org.tr/sehit/cetin-engiri-101852
de6590ca982620600e006008,Bilal Aydemir,Mecit,P.Kd.Bçvş.,Çorum,Çorum,1929,1950-12-26,Kore Savaşı (1950-1953) Kore Cephesi,Kore Savaşı ve İzleri + ATASE,https://sehitlerimiz.org.tr/sehit/bilal-aydemir-101715
262d3dc8f51b18db56df299f,Ahmet Karatepe,Ali,P.Er,Kocaeli,Karamürsel,1929,1951-01-05,Kore Savaşı (1950-1953) Kore Cephesi,Kore Savaşı ve İzleri + ATASE,https://sehitlerimiz.org.tr/sehit/ahmet-karatepe-101930
8f6b5771763c97303b29f6aa,Emirhan Karaca,Osman,P.Er,Kahramanmaraş,Elbistan,1929,1951-01-25,Kore Savaşı (1950-1953) Kore Cephesi,Kore Savaşı ve İzleri + ATASE,https://sehitlerimiz.org.tr/sehit/emirhan-karaca-101922
814a8f6f54419054ab29bf34,Kuddisi Kuşdemir,Musa,P.Er,Adana,Karaisalı,1928,1951-01-25,Kore Savaşı (1950-1953) Kore Cephesi,Kore Savaşı ve İzleri + ATASE,https://sehitlerimiz.org.tr/sehit/kuddisi-kusdemir-101969
bbb951b8a92d4b2678df1e46,Mustafa Düzgün,Mustafa,P.Er,Mersin,Anamur,1929,1951-01-25,Kore Savaşı (1950-1953) Kore Cephesi,Kore Savaşı ve İzleri + ATASE,https://sehitlerimiz.org.tr/sehit/mustafa-duzgun-101844
3b8fbe840df4597463e17814,Recep Arıipek,Bekir,P.Er,Bartın,Bartın,1928,1951-01-25,Kore Savaşı (1950-1953) Kore Cephesi,Kore Savaşı ve İzleri + ATASE,https://sehitlerimiz.org.tr/sehit/recep-ariipek-101751
5532e702802e6a2f9d987d56,Abdullah Kılıç,Ali,P.Er,Afyonkarahisar,Bolvadin,1929,1951-01-26,Kore Savaşı (1950-1953) Kore Cephesi,Kore Savaşı ve İzleri + ATASE,https://sehitlerimiz.org.tr/sehit/abdullah-kilic-101945
377ea571e5c52e10c8109999,Ahmet Keskin,Mustafa,P.Astsb.Çvş.,Mersin,Silifke,1928,1951-01-26,Kore Savaşı (1950-1953) Kore Cephesi,Kore Savaşı ve İzleri + ATASE,https://sehitlerimiz.org.tr/sehit/ahmet-keskin-101730
b9e5d738d4d40ac530e69514,Halil Dağ,Osman,P.Er,Elazığ,Elazığ,1928,1951-01-26,Kore Savaşı (1950-1953) Kore Cephesi,Kore Savaşı ve İzleri + ATASE,https://sehitlerimiz.org.tr/sehit/halil-dag-101828
2ffb7870171e6c6832cb95c0,Halil Çetin,İbrahim,P.Er,Mardin,Midyat,1929,1951-01-26,Kore Savaşı (1950-1953) Kore Cephesi,Kore Savaşı ve İzleri + ATASE,https://sehitlerimiz.org.tr/sehit/halil-cetin-101812
30ff10fed7bb90f7ffa8a3db,Hasanoğlu Ballı,Hasan,P.Er,Hatay,Yayladağ,1928,1951-01-26,Kore Savaşı (1950-1953) Kore Cephesi,Kore Savaşı ve İzleri + ATASE,https://sehitlerimiz.org.tr/sehit/hasanoglu-balli-101766
205b826eaf20f7c2d4493ab8,Salim Yüksel,Ahmet,P.Er,Kastamonu,Devrekani,1929,1951-01-26,Kore Savaşı (1950-1953) Kore Cephesi,Kore Savaşı ve İzleri + ATASE,https://sehitlerimiz.org.tr/sehit/salim-yuksel-102097
acf8bc62d3d267021d4bd8d6,İlyas Kahveci,İshak,P.Er,Çankırı,Kurşunlu,1929,1951-01-26,Kore Savaşı (1950-1953) Kore Cephesi,Kore Savaşı ve İzleri + ATASE,https://sehitlerimiz.org.tr/sehit/ilyas-kahveci-101909
107f127222836c4df7ee0366,İsmail Kılıç,Mustafa,P.Er,Uşak,Uşak,1929,1951-01-26,Kore Savaşı (1950-1953) Kore Cephesi,Kore Savaşı ve İzleri + ATASE,https://sehitlerimiz.org.tr/sehit/ismail-kilic-101947
03a47d5594316fe55c3edbbe,Mustafa Moripek,Ahmet,P.Er,Eskişehir,Eskişehir,1928,1951-01-27,Kore Savaşı (1950-1953) Kore Cephesi,Kore Savaşı ve İzleri + ATASE,https://sehitlerimiz.org.tr/sehit/mustafa-moripek-101977
54a027236a7d33149163ee71,Orhan Sapancı,Kazım,P.Er,Muğla,Milas,1929,1951-01-28,Kore Savaşı (1950-1953) Kore Cephesi,Kore Savaşı ve İzleri + ATASE,https://sehitlerimiz.org.tr/sehit/orhan-sapanci-102021
6f2bb72dfe360a99ea0e4148,Selahattin Yılmaz,Hüseyin,P.Er,Mersin,Tarsus,1929,1951-01-28,Kore Savaşı (1950-1953) Kore Cephesi,Kore Savaşı ve İzleri + ATASE,https://sehitlerimiz.org.tr/sehit/selahattin-yilmaz-102093
a8b3a79bca5976d3ae3527b0,Süleyman Turan,Latif,P.Er,Sakarya,Geyve,1929,1951-01-29,Kore Savaşı (1950-1953) Kore Cephesi,Kore Savaşı ve İzleri + ATASE,https://sehitlerimiz.org.tr/sehit/suleyman-turan-102063
472e76f692a6eb14d1957914,Abdullah Avras,Mehmet,P.Er,Van,Çaldıran,1928,1951-01-30,Kore Savaşı (1950-1953) Kore Cephesi,Kore Savaşı ve İzleri + ATASE,https://sehitlerimiz.org.tr/sehit/abdullah-avras-101758
6d0cf4720abca606443c1f05,Abdullah Keser,İskender,P.Er,Hatay,Altınözü,1929,1951-01-30,Kore Savaşı (1950-1953) Kore Cephesi,Kore Savaşı ve İzleri + ATASE,https://sehitlerimiz.org.tr/sehit/abdullah-keser-101942
d7d9e282d7f03c31252947f9,Ahmet Aşkar,Aşur,P.Er,Hatay,Altınözü,1929,1951-01-30,Kore Savaşı (1950-1953) Kore Cephesi,Kore Savaşı ve İzleri + ATASE,https://sehitlerimiz.org.tr/sehit/ahmet-askar-101754
cee5317eeebf5d0c430297d4,Ahmet Bıyıklı,Bayram,P.Er,Samsun,Samsun,1929,1951-01-30,Kore Savaşı (1950-1953) Kore Cephesi,Kore Savaşı ve İzleri + ATASE,https://sehitlerimiz.org.tr/sehit/ahmet-biyikli-101775
40368309c3c5fa55d67eaa58,Ahmet Şener,Ahmet,P.Er,Mersin,Gülnar,1929,1951-01-30,Kore Savaşı (1950-1953) Kore Cephesi,Kore Savaşı ve İzleri + ATASE,https://sehitlerimiz.org.tr/sehit/ahmet-sener-102043
1818928a12ee0192608025fa,Cevat Alan,Hasan,P.Er,Diyarbakır,Çermik,1929,1951-01-30,Kore Savaşı (1950-1953) Kore Cephesi,Kore Savaşı ve İzleri + ATASE,https://sehitlerimiz.org.tr/sehit/cevat-alan-101745
9936a4130dd7ddf1783914b2,Davut Gürbıyık,Rüpen,P.Er,Yozgat,Yozgat,1929,1951-01-30,Kore Savaşı (1950-1953) Kore Cephesi,Kore Savaşı ve İzleri + ATASE,https://sehitlerimiz.org.tr/sehit/davut-gurbiyik-101889
9bbbb7bc42c44df14c50c809,Hüseyin Kadim,Hasan,P.Er,Çankırı,Şabanözü,1929,1951-01-30,Kore Savaşı (1950-1953) Kore Cephesi,Kore Savaşı ve İzleri + ATASE,https://sehitlerimiz.org.tr/sehit/huseyin-kadim-101908
63cb22746a2bf76a1f0d5f84,Kadir Kurt,Arif,P.Er,Balıkesir,Balıkesir,1928,1951-01-30,Kore Savaşı (1950-1953) Kore Cephesi,Kore Savaşı ve İzleri + ATASE,https://sehitlerimiz.org.tr/sehit/kadir-kurt-101964
0682b939ba88fe44b2d7dc3f,Mehmet Kara,Ali,P.Er,Çankırı,Çankırı,1929,1951-01-30,Kore Savaşı (1950-1953) Kore Cephesi,Kore Savaşı ve İzleri + ATASE,https://sehitlerimiz.org.tr/sehit/mehmet-kara-101915
66233c38e8f6777c8100e810,Mehmet Keskin,Şükrü,Ulş.Astsb.Çvş.,Giresun,Giresun,1929,1951-01-30,Kore Savaşı (1950-1953) Kore Cephesi,Kore Savaşı ve İzleri + ATASE,https://sehitlerimiz.org.tr/sehit/mehmet-keskin-101731
200d41e2ae469608cb8f8585,Mehmet Tomar,Ahmet,P.Er,İzmir,Bayındır,1929,1951-01-30,Kore Savaşı (1950-1953) Kore Cephesi,Kore Savaşı ve İzleri + ATASE,https://sehitlerimiz.org.tr/sehit/mehmet-tomar-102051
5f250bf74eda0741bc500982,Mustafa Yıldız,Hasan,P.Er,Ordu,Fatsa,1929,1951-01-30,Kore Savaşı (1950-1953) Kore Cephesi,Kore Savaşı ve İzleri + ATASE,https://sehitlerimiz.org.tr/sehit/mustafa-yildiz-102086
96c33959d670aa1d380672b7,Osman Yavuz,Himmet,P.Er,Kırıkkale,Kırıkkale,1929,1951-01-30,Kore Savaşı (1950-1953) Kore Cephesi,Kore Savaşı ve İzleri + ATASE,https://sehitlerimiz.org.tr/sehit/osman-yavuz-102080
fe15661176dde5a92ece0d8c,Ramazan Çelikkaya,Mehmet,P.Er,Sinop,Ayancık,1929,1951-01-30,Kore Savaşı (1950-1953) Kore Cephesi,Kore Savaşı ve İzleri + ATASE,https://sehitlerimiz.org.tr/sehit/ramazan-celikkaya-101808
308df8f040ea3aed17387277,Recep Yıldız,Recep,P.Er,Bursa,İnegöl,1929,1951-01-30,Kore Savaşı (1950-1953) Kore Cephesi,Kore Savaşı ve İzleri + ATASE,https://sehitlerimiz.org.tr/sehit/recep-yildiz-102085
c012c89fbaf2dc3b31749573,Rıfkı Şahin,Cemal,P.Er,Ordu,Fatsa,1929,1951-01-30,Kore Savaşı (1950-1953) Kore Cephesi,Kore Savaşı ve İzleri + ATASE,https://sehitlerimiz.org.tr/sehit/rifki-sahin-102036
ba8e8a1e8004178f3ecfbe79,Selahattin Ereğemen,Mehmet Ali,P.Ütğm.,İstanbul,Beyoğlu,1942,1951-01-30,Kore Savaşı (1950-1953) Kore Cephesi,Kore Savaşı ve İzleri + ATASE,https://sehitlerimiz.org.tr/sehit/selahattin-eregemen-101687
cefb8faf02f2aafd1bafb473,Süleyman Güvercin,Osman,P.Er,İzmir,Bergama,1929,1951-01-30,Kore Savaşı (1950-1953) Kore Cephesi,Kore Savaşı ve İzleri + ATASE,https://sehitlerimiz.org.tr/sehit/suleyman-guvercin-101892
899e64310aae5870886b5359,Yasinoğlu Ömer,Yasin,P.Er,Muş,Muş,1929,1951-01-30,Kore Savaşı (1950-1953) Kore Cephesi,Kore Savaşı ve İzleri + ATASE,https://sehitlerimiz.org.tr/sehit/yasinoglu-omer-101853
9792602580388a6d7eb2095e,Ömer Diker,Muttalip,P.Bçvş.,Aksaray,Aksaray/İst.,1917,1951-01-30,Kore Savaşı (1950-1953) Kore Cephesi,Kore Savaşı ve İzleri + ATASE,https://sehitlerimiz.org.tr/sehit/omer-diker-101719
a1788609265bb44f0a592f64,Ömer Pekiyi,Şakir,P.Er,Ordu,Fatsa,1929,1951-01-30,Kore Savaşı (1950-1953) Kore Cephesi,Kore Savaşı ve İzleri + ATASE,https://sehitlerimiz.org.tr/sehit/omer-pekiyi-102014
08ca91c4ac71977e36235535,İbrahim Etem Şenel,Halit,P.Er,Bursa,İznik,1929,1951-01-30,Kore Savaşı (1950-1953) Kore Cephesi,Kore Savaşı ve İzleri + ATASE,https://sehitlerimiz.org.tr/sehit/ibrahim-etem-senel-102042
fe2867c22631a37de65a21e6,İbrahim Ünlü,Ali,P.Er,İzmir,Ödemiş,1929,1951-01-30,Kore Savaşı (1950-1953) Kore Cephesi,Kore Savaşı ve İzleri + ATASE,https://sehitlerimiz.org.tr/sehit/ibrahim-unlu-102071
ee56e5bbbc5799c9871818e1,İsmail Karakuş,Mustafa,P.Er,Adana,Feke,1929,1951-01-30,Kore Savaşı (1950-1953) Kore Cephesi,Kore Savaşı ve İzleri + ATASE,https://sehitlerimiz.org.tr/sehit/ismail-karakus-101927
cb12c0f330c6801d75201f4d,Ali Yamuklar,Mustafa,P.Er,Adana,Ceyhan,1928,1951-01-31,Kore Savaşı (1950-1953) Kore Cephesi,Kore Savaşı ve İzleri + ATASE,https://sehitlerimiz.org.tr/sehit/ali-yamuklar-102076
25ed563ec93baa4785f7a900,Mehmet Ali Gündüzeli,Mehmet,P.Er,Diyarbakır,Çermik,1929,1951-01-31,Kore Savaşı (1950-1953) Kore Cephesi,Kore Savaşı ve İzleri + ATASE,https://sehitlerimiz.org.tr/sehit/mehmet-ali-gunduzeli-101887
8b3bd626863687b2662828ff,Hakkı Aktaş,Hasan,P.Er,Samsun,Çarşamba,1929,1951-02-02,Kore Savaşı (1950-1953) Kore Cephesi,Kore Savaşı ve İzleri + ATASE,https://sehitlerimiz.org.tr/sehit/hakki-aktas-101742
b7a24da2056b947733d79195,Hasan Hüseyin Ünlü,Emin,P.Er,Konya,Hadim,1929,1951-02-03,Kore Savaşı (1950-1953) Kore Cephesi,Kore Savaşı ve İzleri + ATASE,https://sehitlerimiz.org.tr/sehit/hasan-huseyin-unlu-102072
c3e46255eb23e495f5036056,Hasan Tükenmez,Mehmet,P.Er,Osmaniye,Bahçe,1929,1951-02-03,Kore Savaşı (1950-1953) Kore Cephesi,Kore Savaşı ve İzleri + ATASE,https://sehitlerimiz.org.tr/sehit/hasan-tukenmez-102064
e12cbfa936b7ec0aea968f7e,Nazım Karagöz,Tahir,P.Er,İzmir,Ödemiş,1929,1951-02-05,Kore Savaşı (1950-1953) Kore Cephesi,Kore Savaşı ve İzleri + ATASE,https://sehitlerimiz.org.tr/sehit/nazim-karagoz-101924
c2de1cf5e518e34bbbd4bff0,Durmuş Çarşambalı,Mehmet,P.Er,Samsun,Çarşamba,1925,1951-02-24,Kore Savaşı (1950-1953) Kore Cephesi,Kore Savaşı ve İzleri + ATASE,https://sehitlerimiz.org.tr/sehit/durmus-carsambali-101801
1a9fdcf55358be30cbb6b24d,Selahattin Kar,Şevki,P.Er,Düzce,Düzce,1929,1951-02-24,Kore Savaşı (1950-1953) Kore Cephesi,Kore Savaşı ve İzleri + ATASE,https://sehitlerimiz.org.tr/sehit/selahattin-kar-101913
9d64adde6cc36dc843f92eba,Mehmet Üstüner,İbrahim,P.Er,Ankara,Beypazarı,1929,1951-03-03,Kore Savaşı (1950-1953) Kore Cephesi,Kore Savaşı ve İzleri + ATASE,https://sehitlerimiz.org.tr/sehit/mehmet-ustuner-102074
fc6425fbad7384c7ffa6c80c,Mustafa Yanık,Ömer,P.Er,Kahramanmaraş,K.maraş,1929,1951-03-14,Kore Savaşı (1950-1953) Kore Cephesi,Kore Savaşı ve İzleri + ATASE,https://sehitlerimiz.org.tr/sehit/mustafa-yanik-102077
3894125089ebf1b12cce5a20,Sefer Camcı,Durmuş,P.Er,Düzce,Düzce,1928,1951-03-15,Kore Savaşı (1950-1953) Kore Cephesi,Kore Savaşı ve İzleri + ATASE,https://sehitlerimiz.org.tr/sehit/sefer-camci-101781
6af2d8d27c18edac8d383ab1,Halil Gümüş,Mehmet,P.Er,İzmir,Ödemiş,1929,1951-03-17,Kore Savaşı (1950-1953) Kore Cephesi,Kore Savaşı ve İzleri + ATASE,https://sehitlerimiz.org.tr/sehit/halil-gumus-101884
979ad22622895e572078e18b,Haydar Topuz,Ali,P.Er,Çankırı,Çankırı,1929,1951-03-18,Kore Savaşı (1950-1953) Kore Cephesi,Kore Savaşı ve İzleri + ATASE,https://sehitlerimiz.org.tr/sehit/haydar-topuz-102056
08b397c8932234703df9b049,Satı Çetin,Mustafa,P.Er,Bartın,Bartın,1924,1951-03-18,Kore Savaşı (1950-1953) Kore Cephesi,Kore Savaşı ve İzleri + ATASE,https://sehitlerimiz.org.tr/sehit/sati-cetin-101817
e77f6e65a278f03d8b8b3c3a,Osman Gezer,Ahmet,P.Er,Mersin,Mut,1927,1951-03-23,Kore Savaşı (1950-1953) Kore Cephesi,Kore Savaşı ve İzleri + ATASE,https://sehitlerimiz.org.tr/sehit/osman-gezer-101869
b8e7fe6b6d7d0e91bcb4bf30,Sadık Elbir,Mehmet,P.Er,İzmir,Bayındır,1929,1951-03-23,Kore Savaşı (1950-1953) Kore Cephesi,Kore Savaşı ve İzleri + ATASE,https://sehitlerimiz.org.tr/sehit/sadik-elbir-101850
3f5749a261a93a5cd48bac5e,Bayram Gişihan,Mehmet,P.Er,Adana,Kadirli,1929,1951-03-24,Kore Savaşı (1950-1953) Kore Cephesi,Kore Savaşı ve İzleri + ATASE,https://sehitlerimiz.org.tr/sehit/bayram-gisihan-101870
796de627fc624ee96d202f43,Nevzat Aydoğdu,Ali,P.Er,Aydın,Çine,1929,1951-03-28,Kore Savaşı (1950-1953) Kore Cephesi,Kore Savaşı ve İzleri + ATASE,https://sehitlerimiz.org.tr/sehit/nevzat-aydogdu-101759
6929570b966f249826b27cf6,Ahmet Cevat Olhon,Mehmet Ali,P.Kd.Yzb.,İstanbul,İstanbul-Fatih,1914,1951-04-11,Kore Savaşı (1950-1953) Kore Cephesi,Kore Savaşı ve İzleri + ATASE,https://sehitlerimiz.org.tr/sehit/ahmet-cevat-olhon-101677
999ac52c947dd504ca3cf5c5,Fevzi Akkan,Raşit,P.Er,Hatay,Altınözü,1929,1951-04-11,Kore Savaşı (1950-1953) Kore Cephesi,Kore Savaşı ve İzleri + ATASE,https://sehitlerimiz.org.tr/sehit/fevzi-akkan-101739
c029f40e94c3ece2c3060e8d,Nuri Canayakın,Süleyman,P.Er,Erzincan,Erzincan,1929,1951-04-11,Kore Savaşı (1950-1953) Kore Cephesi,Kore Savaşı ve İzleri + ATASE,https://sehitlerimiz.org.tr/sehit/nuri-canayakin-101786
31472a69434fc894f4de94bb,İsmet Korur,Mehmet,P.Er,Eskişehir,Sivrihisar,1929,1951-04-11,Kore Savaşı (1950-1953) Kore Cephesi,Kore Savaşı ve İzleri + ATASE,https://sehitlerimiz.org.tr/sehit/ismet-korur-101956
6daea6086d52408a22767ba3,Hüseyin Göncü,Emin,P.Er,Muğla,Milas,1929,1951-04-12,Kore Savaşı (1950-1953) Kore Cephesi,Kore Savaşı ve İzleri + ATASE,https://sehitlerimiz.org.tr/sehit/huseyin-goncu-101876
f33da520fcdd399d7b5ecc81,Hüseyin Yıldız,Hasan,P.Er,Sinop,Ayancık,1929,1951-04-12,Kore Savaşı (1950-1953) Kore Cephesi,Kore Savaşı ve İzleri + ATASE,https://sehitlerimiz.org.tr/sehit/huseyin-yildiz-102087
e3560a1dd89cc33e58651bdd,Battal Güler,Mehmet Şerif,P.Er,Adana,Ceyhan,1929,1951-04-13,Kore Savaşı (1950-1953) Kore Cephesi,Kore Savaşı ve İzleri + ATASE,https://sehitlerimiz.org.tr/sehit/battal-guler-101881
e1333906a86ebb30b4589b6b,Ali Kılınç,Hüseyin,P.Er,Aydın,Nazilli,1929,1951-04-14,Kore Savaşı (1950-1953) Kore Cephesi,Kore Savaşı ve İzleri + ATASE,https://sehitlerimiz.org.tr/sehit/ali-kilinc-101948
819608306f8bf80e1a88df4e,Halil Uzun,Bayram,P.Er,Çankırı,Kurşunlu,1929,1951-04-14,Kore Savaşı (1950-1953) Kore Cephesi,Kore Savaşı ve İzleri + ATASE,https://sehitlerimiz.org.tr/sehit/halil-uzun-102069
879d7f013cba0449af965934,Mehmet Çağlar,Hasan,P.Er,Mersin,Mut,1929,1951-04-14,Kore Savaşı (1950-1953) Kore Cephesi,Kore Savaşı ve İzleri + ATASE,https://sehitlerimiz.org.tr/sehit/mehmet-caglar-101792
1a4b42d2e545096fdc6b78d7,Mustafa Çetin,Osman,P.Er,Mersin,Gülnar,1929,1951-04-15,Kore Savaşı (1950-1953) Kore Cephesi,Kore Savaşı ve İzleri + ATASE,https://sehitlerimiz.org.tr/sehit/mustafa-cetin-101816
54549f91a6154e65101cc4bb,Hasan Mudara,Hüseyin,P.Er,Çorum,İskilip,1928,1951-04-16,Kore Savaşı (1950-1953) Kore Cephesi,Kore Savaşı ve İzleri + ATASE,https://sehitlerimiz.org.tr/sehit/hasan-mudara-101978
d4fa04f63ad937ab8d39906c,Hüseyin Göçmen,Ali,P.Er,Kırıkkale,Keskin,1929,1951-04-19,Kore Savaşı (1950-1953) Kore Cephesi,Kore Savaşı ve İzleri + ATASE,https://sehitlerimiz.org.tr/sehit/huseyin-gocmen-101871
5d4c8bb4da064e063ea751a7,Abdulvahap Kara,Abdülmecit,P.Er,Muş,Bulanık,1929,1951-04-21,Kore Savaşı (1950-1953) Kore Cephesi,Kore Savaşı ve İzleri + ATASE,https://sehitlerimiz.org.tr/sehit/abdulvahap-kara-101914
db31f4e6a4c19551ebb558a4,Bedrettin Çiğdem,Feridun,P.Ütğm.,Bursa,Gemlik,1925,1951-04-21,Kore Savaşı (1950-1953) Kore Cephesi,Kore Savaşı ve İzleri + ATASE,https://sehitlerimiz.org.tr/sehit/bedrettin-cigdem-101692
1ae8ea6638c438915b6fffbb,Halil Gedigüzel,Ali,P.Er,İzmir,Tire,1929,1951-04-21,Kore Savaşı (1950-1953) Kore Cephesi,Kore Savaşı ve İzleri + ATASE,https://sehitlerimiz.org.tr/sehit/halil-gediguzel-101867
3b8689d5b79680de5f5163d6,Halis Akgül,Hüseyin,P.Er,Düzce,Düzce-Kaynaşlı,1928,1951-04-21,Kore Savaşı (1950-1953) Kore Cephesi,Kore Savaşı ve İzleri + ATASE,https://sehitlerimiz.org.tr/sehit/halis-akgul-101737
2682682a3fd93d18b4413dee,Mustafa Sözeri,Ahmet,P.Üçvş.,Çorum,Çorum,1928,1951-04-21,Kore Savaşı (1950-1953) Kore Cephesi,Kore Savaşı ve İzleri + ATASE,https://sehitlerimiz.org.tr/sehit/mustafa-sozeri-101723
74cda4a32aa8a5b4e5a9c742,Muzaffer Erdönmez,M.naci,Plt.Ütğm.,İstanbul,Bakırköy,1922,1951-04-21,Kore Savaşı (1950-1953) Kore Cephesi,Kore Savaşı ve İzleri + ATASE,https://sehitlerimiz.org.tr/sehit/muzaffer-erdonmez-101695
73b21f1043f700e5299a3420,İbrahim Köken,Ali,P.Er,İzmir,Ödemiş,1929,1951-04-21,Kore Savaşı (1950-1953) Kore Cephesi,Kore Savaşı ve İzleri + ATASE,https://sehitlerimiz.org.tr/sehit/ibrahim-koken-101957
1f1143c69ba7aa2cdeec16a8,Abdullah Özbek,Hüseyin,P.Er,Hakkâri,Hakkâri,1929,1951-04-22,Kore Savaşı (1950-1953) Kore Cephesi,Kore Savaşı ve İzleri + ATASE,https://sehitlerimiz.org.tr/sehit/abdullah-ozbek-101990
410ae70578e4c05230919d69,Cafer Kılıchan,Nuri,P.Er,Sakarya,Akyazı,1929,1951-04-22,Kore Savaşı (1950-1953) Kore Cephesi,Kore Savaşı ve İzleri + ATASE,https://sehitlerimiz.org.tr/sehit/cafer-kilichan-101944
4fd8d268f379c0b80b76d65b,Durmuş Düzgün,Mehmet,P.Er,Muğla,Marmaris,1929,1951-04-22,Kore Savaşı (1950-1953) Kore Cephesi,Kore Savaşı ve İzleri + ATASE,https://sehitlerimiz.org.tr/sehit/durmus-duzgun-101845
6a4e584fdde73baaf7b93b13,Hasan Türker,İsmail,P.Er,Ankara,Ayaş,1929,1951-04-22,Kore Savaşı (1950-1953) Kore Cephesi,Kore Savaşı ve İzleri + ATASE,https://sehitlerimiz.org.tr/sehit/hasan-turker-102066
63afe0ee3581262d54d14ae4,Hasan Çiğdem,İsmail,P.Er,Çankırı,Çankırı,1929,1951-04-22,Kore Savaşı (1950-1953) Kore Cephesi,Kore Savaşı ve İzleri + ATASE,https://sehitlerimiz.org.tr/sehit/hasan-cigdem-101822
49a96fcf10a804e7fda98f7f,Hidayet Şen,İbrahim,P.Er,Ankara,Şereflikoçhisar,1929,1951-04-22,Kore Savaşı (1950-1953) Kore Cephesi,Kore Savaşı ve İzleri + ATASE,https://sehitlerimiz.org.tr/sehit/hidayet-sen-102041
570c1d324df978bc5edf9bd4,Hüseyin Abacı,Ahmet,P.Er,Zonguldak,Zonguldak,1929,1951-04-22,Kore Savaşı (1950-1953) Kore Cephesi,Kore Savaşı ve İzleri + ATASE,https://sehitlerimiz.org.tr/sehit/huseyin-abaci-101732
a792ade19691bf394adba133,Hüseyin Aktürk,İbrahim,P.Er,İzmir,Tire,1929,1951-04-22,Kore Savaşı (1950-1953) Kore Cephesi,Kore Savaşı ve İzleri + ATASE,https://sehitlerimiz.org.tr/sehit/huseyin-akturk-101743
4ef9d26069b1deae66d22ac1,Mehmet Arslan,Recep,P.Er,Zonguldak,Çaycuma,1925,1951-04-22,Kore Savaşı (1950-1953) Kore Cephesi,Kore Savaşı ve İzleri + ATASE,https://sehitlerimiz.org.tr/sehit/mehmet-arslan-101752
a3cd6949a4198dd5eb87425d,Muharrem Güler,Aziz,P.Er,Sivas,Suşehri,1929,1951-04-22,Kore Savaşı (1950-1953) Kore Cephesi,Kore Savaşı ve İzleri + ATASE,https://sehitlerimiz.org.tr/sehit/muharrem-guler-101880
603fc8c2ff58065cb5d0c464,Mustafa Ağaçkıran,Salih,P.Er,İzmir,Ödemiş,1929,1951-04-22,Kore Savaşı (1950-1953) Kore Cephesi,Kore Savaşı ve İzleri + ATASE,https://sehitlerimiz.org.tr/sehit/mustafa-agackiran-101735
15622a1c941efefc06d49200,Necati Parlar,Hüseyin,P.Er,İzmir,Ödemiş,1929,1951-04-22,Kore Savaşı (1950-1953) Kore Cephesi,Kore Savaşı ve İzleri + ATASE,https://sehitlerimiz.org.tr/sehit/necati-parlar-102012
36a06fbce4244cbca7188232,Necmettin Baloğlu,Hakkı,P.Er,Hatay,Altınözü,1929,1951-04-22,Kore Savaşı (1950-1953) Kore Cephesi,Kore Savaşı ve İzleri + ATASE,https://sehitlerimiz.org.tr/sehit/necmettin-baloglu-101767
535d909cba083618e39d8916,Osman Erol,Mestan,P.Er,İzmir,Tire,1929,1951-04-22,Kore Savaşı (1950-1953) Kore Cephesi,Kore Savaşı ve İzleri + ATASE,https://sehitlerimiz.org.tr/sehit/osman-erol-101862
0f7d7f232d3c43f4add2f16f,Rıfat Topraktaş,Himmet,P.Er,Adana,Feke,1929,1951-04-22,Kore Savaşı (1950-1953) Kore Cephesi,Kore Savaşı ve İzleri + ATASE,https://sehitlerimiz.org.tr/sehit/rifat-topraktas-102055
07d326b50fc4c7f0e03ffac4,Süleyman Necati Yılmaz,Mustafa,P.Er,Kocaeli,Karamürsel,1928,1951-04-22,Kore Savaşı (1950-1953) Kore Cephesi,Kore Savaşı ve İzleri + ATASE,https://sehitlerimiz.org.tr/sehit/suleyman-necati-yilmaz-102094
828f881337d8c4a6da35c690,Tevfik Arslantaş,Hüdaverdi,P.Er,Ordu,Fatsa,1929,1951-04-22,Kore Savaşı (1950-1953) Kore Cephesi,Kore Savaşı ve İzleri + ATASE,https://sehitlerimiz.org.tr/sehit/tevfik-arslantas-101753
e999e1a272cf8d0763b5e94d,İbrahim Sakarya,Rıdvan,P.Er,Ankara,Kalecik,1929,1951-04-22,Kore Savaşı (1950-1953) Kore Cephesi,Kore Savaşı ve İzleri + ATASE,https://sehitlerimiz.org.tr/sehit/ibrahim-sakarya-102019
b7c43351e28a516d3e813a43,Abdi Özkan,Yusuf,P.Kd.Bçvş.,Zonguldak,Safranbolu,1914,1951-04-23,Kore Savaşı (1950-1953) Kore Cephesi,Kore Savaşı ve İzleri + ATASE,https://sehitlerimiz.org.tr/sehit/abdi-ozkan-101711
6108ee025bf666643ae67749,Ali Bilgin,İsmail,Mu.Kd.Üçvş.,Ordu,Ordu,1927,1951-04-23,Kore Savaşı (1950-1953) Kore Cephesi,Kore Savaşı ve İzleri + ATASE,https://sehitlerimiz.org.tr/sehit/ali-bilgin-101726
1e307af5707ad95b18f4aa3b,Ali Osman Koçoğlu,Hasan,P.Er,Düzce,Düzce,1929,1951-04-23,Kore Savaşı (1950-1953) Gaiben Şehitler,Kore Savaşı ve İzleri + ATASE,https://sehitlerimiz.org.tr/sehit/ali-osman-kocoglu-102493
45bc933ec53ba268f7ee39e9,Ali Sanal,Hakkı,P.Er,Ankara,Ankara,1929,1951-04-23,Kore Savaşı (1950-1953) Gaiben Şehitler,Kore Savaşı ve İzleri + ATASE,https://sehitlerimiz.org.tr/sehit/ali-sanal-102517
93b709c777434f730a91d325,Ali Çoban,Ahmet,P.Er,Ankara,Beypazarı,1929,1951-04-23,Kore Savaşı (1950-1953) Kore Cephesi,Kore Savaşı ve İzleri + ATASE,https://sehitlerimiz.org.tr/sehit/ali-coban-101824
f77608b9d055b1852295e14b,Dursun Dalyan,Abdullah,P.Er,Çankırı,Şabanözü,1929,1951-04-23,Kore Savaşı (1950-1953) Gaiben Şehitler,Kore Savaşı ve İzleri + ATASE,https://sehitlerimiz.org.tr/sehit/dursun-dalyan-102435
d0cdc747e57535272546b1b3,Faik Kırak,Yusuf,P.Er,Elazığ,Elazığ-Sivrice,1929,1951-04-23,Kore Savaşı (1950-1953) Kore Cephesi,Kore Savaşı ve İzleri + ATASE,https://sehitlerimiz.org.tr/sehit/faik-kirak-101950
65222232da48e2a45061b325,Hüseyin Yıldız,Murat,P.Er,Aydın,Çine,1929,1951-04-23,Kore Savaşı (1950-1953) Kore Cephesi,Kore Savaşı ve İzleri + ATASE,https://sehitlerimiz.org.tr/sehit/huseyin-yildiz-102089
51f8f0b02b0231bb7cfae269,Hüseyin Çağlayan,Halil,P.Er,Samsun,Samsun,1929,1951-04-23,Kore Savaşı (1950-1953) Gaiben Şehitler,Kore Savaşı ve İzleri + ATASE,https://sehitlerimiz.org.tr/sehit/huseyin-caglayan-102426
692eddf11b1f92d65e48322b,Kerim Şen,Veli,P.Üçvş.,Tokat,Artova,1926,1951-04-23,Kore Savaşı (1950-1953) Kore Cephesi,Kore Savaşı ve İzleri + ATASE,https://sehitlerimiz.org.tr/sehit/kerim-sen-101724
032a77bb1dac2207d2e10cc6,Mahmut Tetik,Hasan,P.Er,Kırıkkale,Kırıkkale,1929,1951-04-23,Kore Savaşı (1950-1953) Gaiben Şehitler,Kore Savaşı ve İzleri + ATASE,https://sehitlerimiz.org.tr/sehit/mahmut-tetik-102532
90414bea6e6e0ec2d4d96e58,Mehmet Gönenç,Süleyman,Top.Kd.Ütğm.,Balıkesir,Bandırma,1924,1951-04-23,Kore Savaşı (1950-1953) Kore Cephesi,Kore Savaşı ve İzleri + ATASE,https://sehitlerimiz.org.tr/sehit/mehmet-gonenc-101686
f68e71ad3f05337773130fe8,Mehmet Oktay,İzzet,P.Er,Zonguldak,Kz.ereğli,1925,1951-04-23,Kore Savaşı (1950-1953) Gaiben Şehitler,Kore Savaşı ve İzleri + ATASE,https://sehitlerimiz.org.tr/sehit/mehmet-oktay-102505
a3a5e53e5369abb7f6fe3d94,Mehmet Çakır,Ahmet,P.Er,Kayseri,İncesu,1929,1951-04-23,Kore Savaşı (1950-1953) Kore Cephesi,Kore Savaşı ve İzleri + ATASE,https://sehitlerimiz.org.tr/sehit/mehmet-cakir-101795
803947cd3ee2ea3869be818e,Mustafa Aktar,Şahin,P.Er,Bilecik,Birecik,1929,1951-04-23,Kore Savaşı (1950-1953) Gaiben Şehitler,Kore Savaşı ve İzleri + ATASE,https://sehitlerimiz.org.tr/sehit/mustafa-aktar-102406
edac66635a475fd078f53ee5,Mustafa Kaya,İsmail,P.Er,Ankara,Kalecik,1929,1951-04-23,Kore Savaşı (1950-1953) Gaiben Şehitler,Kore Savaşı ve İzleri + ATASE,https://sehitlerimiz.org.tr/sehit/mustafa-kaya-102483
54aabd5fb4826636121edfac,Mustafa Mezla,İbrahim,P.Er,Hatay,Hassa,1929,1951-04-23,Kore Savaşı (1950-1953) Gaiben Şehitler,Kore Savaşı ve İzleri + ATASE,https://sehitlerimiz.org.tr/sehit/mustafa-mezla-102502
cc0661e4e1116a566a0fca6d,Mustafa Çetinkaya,Sadık,P.Er,Çankırı,Çerkeş,1929,1951-04-23,Kore Savaşı (1950-1953) Gaiben Şehitler,Kore Savaşı ve İzleri + ATASE,https://sehitlerimiz.org.tr/sehit/mustafa-cetinkaya-102432
010244ee09a8791b5ea4c9c4,Nurettin Nazlıgüney,M.ali,P.Er,Kırıkkale,Delice,1929,1951-04-23,Kore Savaşı (1950-1953) Gaiben Şehitler,Kore Savaşı ve İzleri + ATASE,https://sehitlerimiz.org.tr/sehit/nurettin-nazliguney-102504
701e41a6b4abddea07418bef,Osman Açıkgöz,Mustafa,P.Er,Ankara,Kalecik,1928,1951-04-23,Kore Savaşı (1950-1953) Kore Cephesi,Kore Savaşı ve İzleri + ATASE,https://sehitlerimiz.org.tr/sehit/osman-acikgoz-101733
a5d54aa3fed43b2bbef56104,Osman Kar,Mehmet,P.Er,Mersin,Anamur,1929,1951-04-23,Kore Savaşı (1950-1953) Gaiben Şehitler,Kore Savaşı ve İzleri + ATASE,https://sehitlerimiz.org.tr/sehit/osman-kar-102471
e43a8e25bc77df5dccbb98db,Tahir Çiçek,Abdullah,P.Er,Muğla,Muğla,1928,1951-04-23,Kore Savaşı (1950-1953) Gaiben Şehitler,Kore Savaşı ve İzleri + ATASE,https://sehitlerimiz.org.tr/sehit/tahir-cicek-102433
7373124e7515c6f4832c2aae,Talip Karşanbaş,Şekip,P.Er,Hatay,Antakya,1929,1951-04-23,Kore Savaşı (1950-1953) Gaiben Şehitler,Kore Savaşı ve İzleri + ATASE,https://sehitlerimiz.org.tr/sehit/talip-karsanbas-102477
9f8440687dd3e2cfa8a147c1,İbrahim Hızarcı,Mehmet,P.Er,Balıkesir,Edremit,1928,1951-04-23,Kore Savaşı (1950-1953) Kore Cephesi,Kore Savaşı ve İzleri + ATASE,https://sehitlerimiz.org.tr/sehit/ibrahim-hizarci-101898
360509e79797f3530e72507d,İsmail Karaman,Ahmet,P.Er,İzmir,Ödemiş,1929,1951-04-23,Kore Savaşı (1950-1953) Gaiben Şehitler,Kore Savaşı ve İzleri + ATASE,https://sehitlerimiz.org.tr/sehit/ismail-karaman-102476
e962d76ba03794b4227d2a89,Kazım Pehlivan,Yusuf,P.Er,Kırıkkale,Kırıkkale,1929,1951-04-24,Kore Savaşı (1950-1953) Gaiben Şehitler,Kore Savaşı ve İzleri + ATASE,https://sehitlerimiz.org.tr/sehit/kazim-pehlivan-102512
ad34209a32567e41e4200f30,Kemal Elçi,Rıza,P.Er,Van,Van,1929,1951-04-29,Kore Savaşı (1950-1953) Kore Cephesi,Kore Savaşı ve İzleri + ATASE,https://sehitlerimiz.org.tr/sehit/kemal-elci-101851
37ea77546c99c836309b922c,Abdullah Çakır,Abdullah,P.Er,Çankırı,Çankırı,1929,1951-05-04,Kore Savaşı (1950-1953) Kore Cephesi,Kore Savaşı ve İzleri + ATASE,https://sehitlerimiz.org.tr/sehit/abdullah-cakir-101793
13b6cf4ccb6947facd849104,Kadir Kelleci,Abdullah,P.Er,Çankırı,Şabanözü,1929,1951-05-04,Kore Savaşı (1950-1953) Kore Cephesi,Kore Savaşı ve İzleri + ATASE,https://sehitlerimiz.org.tr/sehit/kadir-kelleci-101938
57417e255730d515b7a5aabc,Bekir Barut,İsmail,P.Er,Çankırı,Çankırı,1929,1951-05-08,Kore Savaşı (1950-1953) Kore Cephesi,Kore Savaşı ve İzleri + ATASE,https://sehitlerimiz.org.tr/sehit/bekir-barut-101768
920bf77a21d89b596293b3cf,Nahit Özdemir,Ali,P.Er,İzmir,Kemeraltı,1929,1951-05-08,Kore Savaşı (1950-1953) Kore Cephesi,Kore Savaşı ve İzleri + ATASE,https://sehitlerimiz.org.tr/sehit/nahit-ozdemir-101996
4823050e399261f65bb71ffe,Resul Ertaş,Mehmet,P.Er,Diyarbakır,Lice,1928,1951-05-11,Kore Savaşı (1950-1953) Kore Cephesi,Kore Savaşı ve İzleri + ATASE,https://sehitlerimiz.org.tr/sehit/resul-ertas-101863
36ce27371ec2d021403609f1,Rüştü Bozkoyunlu,Hasan,P.Er,Kırıkkale,Kırıkkale,1929,1951-05-11,Kore Savaşı (1950-1953) Kore Cephesi,Kore Savaşı ve İzleri + ATASE,https://sehitlerimiz.org.tr/sehit/rustu-bozkoyunlu-101779
f3906b5bdebf7152c0132d53,Fevzi Bayram,İbrahim,P.Er,Balıkesir,Susurluk,1929,1951-05-15,Kore Savaşı (1950-1953) Kore Cephesi,Kore Savaşı ve İzleri + ATASE,https://sehitlerimiz.org.tr/sehit/fevzi-bayram-101773
9cc5599c4f8a161f64093845,Durmuş Kurt,Mehmet,P.Er,Mersin,Gülnar,1929,1951-05-16,Kore Savaşı (1950-1953) Kore Cephesi,Kore Savaşı ve İzleri + ATASE,https://sehitlerimiz.org.tr/sehit/durmus-kurt-101960
18b1ffca212c759b22ed583d,Hasan Kaya,Muhittin,P.Er,Kastamonu,Taşköprü,1929,1951-05-16,Kore Savaşı (1950-1953) Kore Cephesi,Kore Savaşı ve İzleri + ATASE,https://sehitlerimiz.org.tr/sehit/hasan-kaya-101932
45251d205895e159b049f62a,Nihat Sarıkayalı,Tahir,P.Er,İzmir,Ödemiş,1929,1951-05-17,Kore Savaşı (1950-1953) Kore Cephesi,Kore Savaşı ve İzleri + ATASE,https://sehitlerimiz.org.tr/sehit/nihat-sarikayali-102025
661632974c3662cce722025f,Ali Ormanlı,Hüseyin,P.Er,Kocaeli,Gölcük,1929,1951-05-18,Kore Savaşı (1950-1953) Kore Cephesi,Kore Savaşı ve İzleri + ATASE,https://sehitlerimiz.org.tr/sehit/ali-ormanli-101984
73d84a088e603da22dc151fe,Durmuş Ali Can,Mustafa,P.Er,İzmir,Ödemiş,1929,1951-05-18,Kore Savaşı (1950-1953) Kore Cephesi,Kore Savaşı ve İzleri + ATASE,https://sehitlerimiz.org.tr/sehit/durmus-ali-can-101783
332959d4632971fbfa40ef03,Kamil Yetkin,Adil,P.Er,Bolu,Mengen,1929,1951-05-18,Kore Savaşı (1950-1953) Kore Cephesi,Kore Savaşı ve İzleri + ATASE,https://sehitlerimiz.org.tr/sehit/kamil-yetkin-102083
34b9da2ca87ce05af5823f8d,Mehmet Mikdat Uluünlü,İbrahim,P.Bnb.,Diyarbakır,Diyarbakır,1909,1951-05-18,Kore Savaşı (1950-1953) Kore Cephesi,Kore Savaşı ve İzleri + ATASE,https://sehitlerimiz.org.tr/sehit/mehmet-mikdat-uluunlu-101673
65dd6648055dbc03f96bedfe,Murat Taş,Osman,P.Er,Siirt,Eruh,1929,1951-05-18,Kore Savaşı (1950-1953) Kore Cephesi,Kore Savaşı ve İzleri + ATASE,https://sehitlerimiz.org.tr/sehit/murat-tas-102045
b435c25e6abc3e0f0c66d2de,Rıdvan Terzi,Ömer,P.Tğm.,Zonguldak,Ereğli/Kdz.,1927,1951-05-18,Kore Savaşı (1950-1953) Kore Cephesi,Kore Savaşı ve İzleri + ATASE,https://sehitlerimiz.org.tr/sehit/ridvan-terzi-101704
62da122a4f1ac47c0bde68a9,Tevfik Dinçer,Mustafa,P.Er,Uşak,Uşak,1929,1951-05-18,Kore Savaşı (1950-1953) Kore Cephesi,Kore Savaşı ve İzleri + ATASE,https://sehitlerimiz.org.tr/sehit/tevfik-dincer-101838
fc3d56bf21441e8baf33885f,Yaşar Türk,Osman,P.Er,Isparta,Eğirdir,1929,1951-05-18,Kore Savaşı (1950-1953) Kore Cephesi,Kore Savaşı ve İzleri + ATASE,https://sehitlerimiz.org.tr/sehit/yasar-turk-102065
d85ac944881740a3cca42c56,Şerif Gören,İbrahim,P.Er,İzmir,Ödemiş,1929,1951-05-18,Kore Savaşı (1950-1953) Kore Cephesi,Kore Savaşı ve İzleri + ATASE,https://sehitlerimiz.org.tr/sehit/serif-goren-101878
c2c9f726c83dc35afca7840e,Kemal Karacadağ,Kasım,P.Er,Diyarbakır,Çınar,1928,1951-05-20,Kore Savaşı (1950-1953) Kore Cephesi,Kore Savaşı ve İzleri + ATASE,https://sehitlerimiz.org.tr/sehit/kemal-karacadag-101923
def4a7c70b107c41dc0520cf,Mehmet Çallıer,Osman,P.Er,İzmir,Bayındır,1928,1951-05-20,Kore Savaşı (1950-1953) Kore Cephesi,Kore Savaşı ve İzleri + ATASE,https://sehitlerimiz.org.tr/sehit/mehmet-callier-101798
c949cd726b668986e52e7ecf,Mustafa Elibol,Emin,P.Er,İzmir,Ödemiş,1927,1951-05-20,Kore Savaşı (1950-1953) Gaiben Şehitler,Kore Savaşı ve İzleri + ATASE,https://sehitlerimiz.org.tr/sehit/mustafa-elibol-102445
de10827f87a90cddb947d2ab,İsmail Kurt,Hakkı,P.Er,Rize,Pazar,1929,1951-05-21,Kore Savaşı (1950-1953) Kore Cephesi,Kore Savaşı ve İzleri + ATASE,https://sehitlerimiz.org.tr/sehit/ismail-kurt-101962
c3a2b1d86164ee5980f93ad1,Mehmet Kara,Abdullah,P.Er,Hakkâri,Beytüşşebap,1929,1951-05-23,Kore Savaşı (1950-1953) Kore Cephesi,Kore Savaşı ve İzleri + ATASE,https://sehitlerimiz.org.tr/sehit/mehmet-kara-101916
2b39f8c6f4b6840bcc0ab99e,Halil Çayan,Hasan,P.Kd.Yzb.,İstanbul,İstanbul,1913,1951-05-24,Kore Savaşı (1950-1953) Kore Cephesi,Kore Savaşı ve İzleri + ATASE,https://sehitlerimiz.org.tr/sehit/halil-cayan-101678
4340343888e69c5750f2b31c,Mehmet Lütfü Bülgin,Sabit,P.Bnb.,Erzincan,Erzincan,1911,1951-05-24,Kore Savaşı (1950-1953) Kore Cephesi,Kore Savaşı ve İzleri + ATASE,https://sehitlerimiz.org.tr/sehit/mehmet-lutfu-bulgin-101674
c588752d29a40ffe8b92f51b,Nazım Taştan,İsmail,P.Er,Artvin,Yusufeli,1929,1951-05-24,Kore Savaşı (1950-1953) Kore Cephesi,Kore Savaşı ve İzleri + ATASE,https://sehitlerimiz.org.tr/sehit/nazim-tastan-102048
424c4f9c3d1ecca629b09c3c,Selim Yurtseven,Hakkı,P.Er,Zonguldak,Zonguldak,1926,1951-05-24,Kore Savaşı (1950-1953) Kore Cephesi,Kore Savaşı ve İzleri + ATASE,https://sehitlerimiz.org.tr/sehit/selim-yurtseven-102096
3e45987389742f6d12651526,Halit Dolduray,Basri,P.Er,İstanbul,Karagümrük,1929,1951-05-26,Kore Savaşı (1950-1953) Kore Cephesi,Kore Savaşı ve İzleri + ATASE,https://sehitlerimiz.org.tr/sehit/halit-dolduray-101842
5fd043c8d6974f78266160a4,Aziz Turan,Hüdai,P.Er,Niğde,Niğde,1929,1951-05-28,Kore Savaşı (1950-1953) Kore Cephesi,Kore Savaşı ve İzleri + ATASE,https://sehitlerimiz.org.tr/sehit/aziz-turan-102061
a9df0b11f0be013ff3e45ea3,Mehmet Gündüz,İlyas,P.Er,Aydın,Söke,1929,1951-05-28,Kore Savaşı (1950-1953) Kore Cephesi,Kore Savaşı ve İzleri + ATASE,https://sehitlerimiz.org.tr/sehit/mehmet-gunduz-101886
9df8c57d8d7bca1a59e91d52,Ömer Sarıkaya,Ahmet,P.Er,Denizli,Acıpayam,1931,1951-05-28,Kore Savaşı (1950-1953) Kore Cephesi,Kore Savaşı ve İzleri + ATASE,https://sehitlerimiz.org.tr/sehit/omer-sarikaya-102347
0d15c96ded4b9470101f47b7,Bekir Kara,Mahmut,P.Er,Mersin,Gülnar,1929,1951-05-30,Kore Savaşı (1950-1953) Kore Cephesi,Kore Savaşı ve İzleri + ATASE,https://sehitlerimiz.org.tr/sehit/bekir-kara-101917
2bceb8869cc35f5bdd2223ce,İbrahim Bitirgen,Mustafa,P.Er,Aksaray,Aksaray,1930,1951-06-09,Kore Savaşı (1950-1953) Kore Cephesi,Kore Savaşı ve İzleri + ATASE,https://sehitlerimiz.org.tr/sehit/ibrahim-bitirgen-102115
f34452d94689a76cf9f825ef,İsmail Alakara,Ali,P.Er,Kırıkkale,Kırıkkale,1929,1951-06-12,Kore Savaşı (1950-1953) Kore Cephesi,Kore Savaşı ve İzleri + ATASE,https://sehitlerimiz.org.tr/sehit/ismail-alakara-101744
332c7dfc6807641b6f6ac760,Şerafettin Zikoş,Hasan,P.Er,İzmir,Ödemiş,1929,1951-06-12,Kore Savaşı (1950-1953) Kore Cephesi,Kore Savaşı ve İzleri + ATASE,https://sehitlerimiz.org.tr/sehit/serafettin-zikos-102099
979659ee6f5252fa2225e116,Abdurrahman Sinan,İsmail,P.Er,Afyonkarahisar,Afyon,1929,1951-06-13,Kore Savaşı (1950-1953) Kore Cephesi,Kore Savaşı ve İzleri + ATASE,https://sehitlerimiz.org.tr/sehit/abdurrahman-sinan-102030
0ec7ec716244d8a0f8c8ed7a,Hasan Kuş,Ahmet,P.Er,Hatay,Reyhanlı,1929,1951-06-13,Kore Savaşı (1950-1953) Kore Cephesi,Kore Savaşı ve İzleri + ATASE,https://sehitlerimiz.org.tr/sehit/hasan-kus-101968
e48ccf9f259041d8c0a2d446,Hüseyin Kenar,Osman,P.Er,Balıkesir,Gönen,1929,1951-06-13,Kore Savaşı (1950-1953) Kore Cephesi,Kore Savaşı ve İzleri + ATASE,https://sehitlerimiz.org.tr/sehit/huseyin-kenar-101940
cca9144b46012a4009d2ad82,Rıza Erdal,Naim,P.Er,İzmir,Bornova,1929,1951-06-13,Kore Savaşı (1950-1953) Kore Cephesi,Kore Savaşı ve İzleri + ATASE,https://sehitlerimiz.org.tr/sehit/riza-erdal-101854
a560f840e3cdb880f9f1b1d2,İbrahim Çakır,Yusuf,P.Er,Adana,Kozan,1929,1951-06-13,Kore Savaşı (1950-1953) Kore Cephesi,Kore Savaşı ve İzleri + ATASE,https://sehitlerimiz.org.tr/sehit/ibrahim-cakir-101794
d3ed141d059af6287ed23ff4,Ali Han,Ramazan,P.Er,Şanlıurfa,Siverek,1928,1951-06-14,Kore Savaşı (1950-1953) Kore Cephesi,Kore Savaşı ve İzleri + ATASE,https://sehitlerimiz.org.tr/sehit/ali-han-101894
0f18f3f3c6fe0ef80339b133,Mehmet Demirbay,Mehmet,P.Er,Adıyaman,Adıyaman,1928,1951-06-14,Kore Savaşı (1950-1953) Kore Cephesi,Kore Savaşı ve İzleri + ATASE,https://sehitlerimiz.org.tr/sehit/mehmet-demirbay-101835
927e8052dfadc29c671494f2,Mustafa Kurumluoğlu,Hüseyin,P.Er,İzmir,İzmir,1929,1951-06-14,Kore Savaşı (1950-1953) Kore Cephesi,Kore Savaşı ve İzleri + ATASE,https://sehitlerimiz.org.tr/sehit/mustafa-kurumluoglu-101967
7f53988ae7bb2dfd1b106a55,İsmail Değer,Ahmet,P.Er,İzmir,Ödemiş,1929,1951-06-14,Kore Savaşı (1950-1953) Kore Cephesi,Kore Savaşı ve İzleri + ATASE,https://sehitlerimiz.org.tr/sehit/ismail-deger-101833
2df2db7205c2e4951fbc77ad,İsmail Malı,Mustafa,P.Er,Balıkesir,Bandırma,1929,1951-06-14,Kore Savaşı (1950-1953) Kore Cephesi,Kore Savaşı ve İzleri + ATASE,https://sehitlerimiz.org.tr/sehit/ismail-mali-101973
34a2c0e7cf494dd175d2e6ed,Yusuf Gökalp,Yakup,P.Er,Bolu,Gerede,1929,1951-06-15,Kore Savaşı (1950-1953) Kore Cephesi,Kore Savaşı ve İzleri + ATASE,https://sehitlerimiz.org.tr/sehit/yusuf-gokalp-101872
bb010ce022694ac4f93051c8,İbrahim Ergül,Mehmet,P.Er,Zonguldak,Safranbolu,1929,1951-06-24,Kore Savaşı (1950-1953) Kore Cephesi,Kore Savaşı ve İzleri + ATASE,https://sehitlerimiz.org.tr/sehit/ibrahim-ergul-101859
eb2a9c223e6335656d515748,Nazım Topaloğlu,Mehmet,P.Er,Osmaniye,Osmaniye,1928,1951-06-25,Kore Savaşı (1950-1953) Kore Cephesi,Kore Savaşı ve İzleri + ATASE,https://sehitlerimiz.org.tr/sehit/nazim-topaloglu-102054
276ce2e22105ca1114277e0d,Recep Özdemir,Abdurrahman,P.Er,Çorum,Kargı,1929,1951-06-25,Kore Savaşı (1950-1953) Kore Cephesi,Kore Savaşı ve İzleri + ATASE,https://sehitlerimiz.org.tr/sehit/recep-ozdemir-101993
bedddbfa4e3ae975dc803759,Ahmet Saka,Adil,P.Er,Aydın,Söke,1929,1951-06-26,Kore Savaşı (1950-1953) Kore Cephesi,Kore Savaşı ve İzleri + ATASE,https://sehitlerimiz.org.tr/sehit/ahmet-saka-102018
41936cd34b96ab8540856be1,Halil Avcı,Mustafa,P.Er,İzmir,Tire,1929,1951-07-02,Kore Savaşı (1950-1953) Kore Cephesi,Kore Savaşı ve İzleri + ATASE,https://sehitlerimiz.org.tr/sehit/halil-avci-101755
54619b06f9ec196d77cd0b17,Bilal Kır,Mustafa,P.Er,Kocaeli,İzmit,1929,1951-07-03,Kore Savaşı (1950-1953) Kore Cephesi,Kore Savaşı ve İzleri + ATASE,https://sehitlerimiz.org.tr/sehit/bilal-kir-101949
1bf406469d763c080c302d18,Mehmet Avcı,Hüseyin,P.Er,İzmir,Menemen,1928,1951-07-03,Kore Savaşı (1950-1953) Kore Cephesi,Kore Savaşı ve İzleri + ATASE,https://sehitlerimiz.org.tr/sehit/mehmet-avci-101756
92e6d84ecaf09e3bd0c4c65c,Kadir Türkmen,Hüseyin,P.Er,Denizli,Acıpayam,1930,1951-07-05,Kore Savaşı (1950-1953) Kore Cephesi,Kore Savaşı ve İzleri + ATASE,https://sehitlerimiz.org.tr/sehit/kadir-turkmen-102201
9dca17e87c9740ea3f321fb1,Ali Çiçek,Şerif,P.Er,Sivas,Koyulhisar,1928,1951-07-16,Kore Savaşı (1950-1953) Kore Cephesi,Kore Savaşı ve İzleri + ATASE,https://sehitlerimiz.org.tr/sehit/ali-cicek-101820
aa2888e0b1598bfc8cd4a14a,Ahmet Katırcı,Mehmet,P.Er,Manisa,Turgutlu,1930,1951-07-23,Kore Savaşı (1950-1953) Gaiben Şehitler,Kore Savaşı ve İzleri + ATASE,https://sehitlerimiz.org.tr/sehit/ahmet-katirci-102555
96d1acb8c219a64508d3d8ef,Burhan Gül,Mehmet,P.Er,İstanbul,Karagümrük,1930,1951-07-23,Kore Savaşı (1950-1953) Gaiben Şehitler,Kore Savaşı ve İzleri + ATASE,https://sehitlerimiz.org.tr/sehit/burhan-gul-102553
50ed8da4612b7988b27476dd,Halil Şahin,Hüseyin,P.Er,Adana,Kozan,1929,1951-07-27,Kore Savaşı (1950-1953) Kore Cephesi,Kore Savaşı ve İzleri + ATASE,https://sehitlerimiz.org.tr/sehit/halil-sahin-102188
468004f24798ecf6240796f3,Hüseyin Tugay,İbrahim,P.Er,Konya,Beyşehir,1929,1951-07-27,Kore Savaşı (1950-1953) Kore Cephesi,Kore Savaşı ve İzleri + ATASE,https://sehitlerimiz.org.tr/sehit/huseyin-tugay-102059
7ab1feb2856bd958279bbbf3,Kemal Çeven,Mehmet,P.Er,Bursa,M.kemalpaşa,1930,1951-07-27,Kore Savaşı (1950-1953) Kore Cephesi,Kore Savaşı ve İzleri + ATASE,https://sehitlerimiz.org.tr/sehit/kemal-ceven-102124
132369c5a5f8cde25129ac5e,Musa Sert,Osman,P.Er,Burdur,Yeşilova,1929,1951-07-27,Kore Savaşı (1950-1953) Kore Cephesi,Kore Savaşı ve İzleri + ATASE,https://sehitlerimiz.org.tr/sehit/musa-sert-102028
d8debc4ccc9221730500aca0,Hakkı Eraslan,Bayram,P.Er,Rize,Rize,1929,1951-07-30,Kore Savaşı (1950-1953) Kore Cephesi,Kore Savaşı ve İzleri + ATASE,https://sehitlerimiz.org.tr/sehit/hakki-eraslan-102133
56be2fa5061d0f3a1fe0eeff,Mehmet Kaya,İsmail,P.Er,Aksaray,Aksaray,1929,1951-07-30,Kore Savaşı (1950-1953) Kore Cephesi,Kore Savaşı ve İzleri + ATASE,https://sehitlerimiz.org.tr/sehit/mehmet-kaya-101934
f5573b69069f3071194be20f,Tahsin Göksu,Abdullah,P.Er,İzmir,Bergama,1929,1951-07-30,Kore Savaşı (1950-1953) Kore Cephesi,Kore Savaşı ve İzleri + ATASE,https://sehitlerimiz.org.tr/sehit/tahsin-goksu-101873
7efaaf941b95af966d579139,Mustafa Çakmak,Ali,P.Er,Konya,Ilgın,1929,1951-08-01,Kore Savaşı (1950-1953) Kore Cephesi,Kore Savaşı ve İzleri + ATASE,https://sehitlerimiz.org.tr/sehit/mustafa-cakmak-101796
914347bd81887fa69686ebac,Emin Çiçek,Yusuf,P.Er,Mersin,Tarsus,1929,1951-08-13,Kore Savaşı (1950-1953) Kore Cephesi,Kore Savaşı ve İzleri + ATASE,https://sehitlerimiz.org.tr/sehit/emin-cicek-101821
a8c200ffe486df35211221c9,Halil Parlar,Ali,P.Er,İzmir,Bayındır,1929,1951-08-13,Kore Savaşı (1950-1953) Kore Cephesi,Kore Savaşı ve İzleri + ATASE,https://sehitlerimiz.org.tr/sehit/halil-parlar-102011
94317d60bbed6961141a8456,Ahmet Zor,Süleyman,P.Er,Gaziantep,İslahiye,1930,1951-08-19,Kore Savaşı (1950-1953) Kore Cephesi,Kore Savaşı ve İzleri + ATASE,https://sehitlerimiz.org.tr/sehit/ahmet-zor-102208
b12509595706d2f0bd1ce77d,Ergün Eren,Mustafa,P.Er,Mersin,Mersin,1930,1951-08-19,Kore Savaşı (1950-1953) Kore Cephesi,Kore Savaşı ve İzleri + ATASE,https://sehitlerimiz.org.tr/sehit/ergun-eren-102135
98803b3ff4ca8f315c509a54,Halim Kızılkaya,Halit,P.Er,Kocaeli,İzmit,1929,1951-08-19,Kore Savaşı (1950-1953) Kore Cephesi,Kore Savaşı ve İzleri + ATASE,https://sehitlerimiz.org.tr/sehit/halim-kizilkaya-101953
be6f7f530f04c69adf2449aa,Mehmet Şimşek,Afo,P.Er,Erzurum,Horasan,1929,1951-08-19,Kore Savaşı (1950-1953) Kore Cephesi,Kore Savaşı ve İzleri + ATASE,https://sehitlerimiz.org.tr/sehit/mehmet-simsek-102044
324fe26abd79d063f20c05ea,Sabri Aydın,Recep,P.Er,Kütahya,Kütahya,1930,1951-08-19,Kore Savaşı (1950-1953) Kore Cephesi,Kore Savaşı ve İzleri + ATASE,https://sehitlerimiz.org.tr/sehit/sabri-aydin-102111
0d6b8b8f27ee140c0951b139,Salim Demir,Raif,P.Er,Kocaeli,İzmit,1929,1951-08-19,Kore Savaşı (1950-1953) Kore Cephesi,Kore Savaşı ve İzleri + ATASE,https://sehitlerimiz.org.tr/sehit/salim-demir-101834
1bb1ceb6f74481efa7068764,Yusuf Özcan,Muharrem Hüsnü,P.Er,Kocaeli,Kandıra,1930,1951-08-19,Kore Savaşı (1950-1953) Kore Cephesi,Kore Savaşı ve İzleri + ATASE,https://sehitlerimiz.org.tr/sehit/yusuf-ozcan-102173
8eb8028e3af6791d49ff2402,Zühtü Yeniay,Mehmet,P.Er,Giresun,Bulancak,1929,1951-08-29,Kore Savaşı (1950-1953) Kore Cephesi,Kore Savaşı ve İzleri + ATASE,https://sehitlerimiz.org.tr/sehit/zuhtu-yeniay-102082
8c53a3d3889c19483b6e10cf,Mehmet Özmen,Abdullah,P.Er,Elazığ,Sivrice,1930,1951-09-23,Kore Savaşı (1950-1953) Kore Cephesi,Kore Savaşı ve İzleri + ATASE,https://sehitlerimiz.org.tr/sehit/mehmet-ozmen-102175
6b594eb8358c253c9ac56565,Sadık Topcan,Serif,P.Er,Manisa,Kula,1930,1951-09-26,Kore Savaşı (1950-1953) Gaiben Şehitler,Kore Savaşı ve İzleri + ATASE,https://sehitlerimiz.org.tr/sehit/sadik-topcan-102554
82faa9fddf224be905380072,Mehmet Talas,Yakup Canlı,P.Er,Yozgat,Boğazlıyan,1930,1951-09-27,Kore Savaşı (1950-1953) Kore Cephesi,Kore Savaşı ve İzleri + ATASE,https://sehitlerimiz.org.tr/sehit/mehmet-talas-102190
1868a926ac30b9d6734474a3,Mustafa Taşkın,Hasan,P.Er,İzmir,Kemeraltı,1930,1951-09-28,Kore Savaşı (1950-1953) Kore Cephesi,Kore Savaşı ve İzleri + ATASE,https://sehitlerimiz.org.tr/sehit/mustafa-taskin-102194
1ee7eb8c5d87dca12ed07cb3,Nejmi Sonka,Osman,P.Er,İstanbul,Eyüp,1929,1951-09-29,Kore Savaşı (1950-1953) Kore Cephesi,Kore Savaşı ve İzleri + ATASE,https://sehitlerimiz.org.tr/sehit/nejmi-sonka-102185
6aa19a258b83da5f0381bd68,Rafet Demirbaş,Ahmet,P.Er,Eskişehir,Sivrihisar,1930,1951-10-04,Kore Savaşı (1950-1953) Kore Cephesi,Kore Savaşı ve İzleri + ATASE,https://sehitlerimiz.org.tr/sehit/rafet-demirbas-102128
3644a52fd59936ae128d0cd6,Server Kurum,Abdullatif,P.Er,Eskişehir,Eskişehir,1930,1951-10-04,Kore Savaşı (1950-1953) Kore Cephesi,Kore Savaşı ve İzleri + ATASE,https://sehitlerimiz.org.tr/sehit/server-kurum-102166
beb1c1bcfae21ca8da6273bb,İsmail Göreli,Dede,P.Er,Adana,Adana,1930,1951-10-05,Kore Savaşı (1950-1953) Kore Cephesi,Kore Savaşı ve İzleri + ATASE,https://sehitlerimiz.org.tr/sehit/ismail-goreli-102140
57a5e82cc33a2b3f47c0acc8,Durmuş Erçoban,Ali,P.Er,Ankara,Beypazarı,1927,1951-10-06,Kore Savaşı (1950-1953) Kore Cephesi,Kore Savaşı ve İzleri + ATASE,https://sehitlerimiz.org.tr/sehit/durmus-ercoban-102134
d996b3dcaf2d0045343ef2d2,Gençağa Balık,Rıfat,P.Er,Bayburt,Bayburt,1930,1951-10-06,Kore Savaşı (1950-1953) Kore Cephesi,Kore Savaşı ve İzleri + ATASE,https://sehitlerimiz.org.tr/sehit/gencaga-balik-102113
e554718f2530ccb1f0955487,Halil Yongacı,Yusuf,P.Er,Bolu,Gerede,1930,1951-10-06,Kore Savaşı (1950-1953) Kore Cephesi,Kore Savaşı ve İzleri + ATASE,https://sehitlerimiz.org.tr/sehit/halil-yongaci-102206
ff8f6b0abf98334090dc400b,Mehmet Kemal Patatoğlu,Mehmet Ali,P.Er,Kayseri,Düvenönü,1930,1951-10-06,Kore Savaşı (1950-1953) Kore Cephesi,Kore Savaşı ve İzleri + ATASE,https://sehitlerimiz.org.tr/sehit/mehmet-kemal-patatoglu-102178
fb5fe67f4e1ebdc07bdec062,Mehmet Şahin,Mutu,P.Er,Giresun,Giresun,1929,1951-10-06,Kore Savaşı (1950-1953) Kore Cephesi,Kore Savaşı ve İzleri + ATASE,https://sehitlerimiz.org.tr/sehit/mehmet-sahin-102039
e68780bea980c2a16bb77750,Musa Gülpınar,Abidin,P.Er,Sivas,Gürün,1930,1951-10-06,Kore Savaşı (1950-1953) Kore Cephesi,Kore Savaşı ve İzleri + ATASE,https://sehitlerimiz.org.tr/sehit/musa-gulpinar-102142
2e1bdf16353e2a8784c9418d,Ali Emeksiz,Abdullah,P.Er,Malatya,Darende,1929,1951-10-08,Kore Savaşı (1950-1953) Kore Cephesi,Kore Savaşı ve İzleri + ATASE,https://sehitlerimiz.org.tr/sehit/ali-emeksiz-102132
3b54b8ed45365f5b9241e679,Hakir Uslu,Selim,P.Er,Erzincan,Kemaliye,1930,1951-10-08,Kore Savaşı (1950-1953) Kore Cephesi,Kore Savaşı ve İzleri + ATASE,https://sehitlerimiz.org.tr/sehit/hakir-uslu-102202
67d874acdfb990c9a2256689,Durmuş Özatamer,Ali,P.Er,Niğde,Niğde,1929,1951-10-17,Kore Savaşı (1950-1953) Kore Cephesi,Kore Savaşı ve İzleri + ATASE,https://sehitlerimiz.org.tr/sehit/durmus-ozatamer-101989
c9c7a93282061f53fe44d74c,Yusuf Algın,Dilbaz,P.Er,Hakkâri,Yüksekova,1930,1951-10-18,Kore Savaşı (1950-1953) Kore Cephesi,Kore Savaşı ve İzleri + ATASE,https://sehitlerimiz.org.tr/sehit/yusuf-algin-102106
db0847b468b9e1a1bf4befa7,Kazım Kurt,Emin,P.Er,İstanbul,Ortaköy,1930,1951-10-19,Kore Savaşı (1950-1953) Kore Cephesi,Kore Savaşı ve İzleri + ATASE,https://sehitlerimiz.org.tr/sehit/kazim-kurt-102163
d86a0aeb2f705cf24cdab153,Hüsnü Pehlivanoğlu,Hasan,P.Er,Tekirdağ,Tekirdağ,1930,1951-10-29,Kore Savaşı (1950-1953) Kore Cephesi,Kore Savaşı ve İzleri + ATASE,https://sehitlerimiz.org.tr/sehit/husnu-pehlivanoglu-102179
71138a31d8ad7a0e2242ec5a,Mustafa Nazlı,Mehmet,P.Er,Konya,Beyişehir,1930,1951-11-05,Kore Savaşı (1950-1953) Kore Cephesi,Kore Savaşı ve İzleri + ATASE,https://sehitlerimiz.org.tr/sehit/mustafa-nazli-102170
2658e139c557b1e7c5accef1,Akbal Taştan,Şaban,P.Er,Bayburt,Bayburt,1930,1951-11-11,Kore Savaşı (1950-1953) Kore Cephesi,Kore Savaşı ve İzleri + ATASE,https://sehitlerimiz.org.tr/sehit/akbal-tastan-102195
8ccedcbbfadc465382ab1fea,Abdullatif Çelik,İsmail,P.Er,Diyarbakır,Bismil,1930,1951-11-16,Kore Savaşı (1950-1953) Kore Cephesi,Kore Savaşı ve İzleri + ATASE,https://sehitlerimiz.org.tr/sehit/abdullatif-celik-102121
6981e4c8e38ca7596714d34d,Bahri Kurnaz,Sakir,P.Er,Samsun,Terme,1930,1951-11-16,Kore Savaşı (1950-1953) Kore Cephesi,Kore Savaşı ve İzleri + ATASE,https://sehitlerimiz.org.tr/sehit/bahri-kurnaz-102162
c359bde87ec592f6ac6a143f,Haydar Doğan,Mehmet,P.Er,Erzincan,Erzincan,1929,1951-11-16,Kore Savaşı (1950-1953) Kore Cephesi,Kore Savaşı ve İzleri + ATASE,https://sehitlerimiz.org.tr/sehit/haydar-dogan-102131
b685fc0ba69f741f9ce5022d,Mehmet Koral,Emin,P.Er,Ankara,Ayaş,1930,1951-11-16,Kore Savaşı (1950-1953) Kore Cephesi,Kore Savaşı ve İzleri + ATASE,https://sehitlerimiz.org.tr/sehit/mehmet-koral-102159
e4e31a8b2d80c9e22595ee4e,Hüseyin Seyyar,İsmail,P.Er,İzmir,Foça,1929,1951-11-19,Kore Savaşı (1950-1953) Kore Cephesi,Kore Savaşı ve İzleri + ATASE,https://sehitlerimiz.org.tr/sehit/huseyin-seyyar-102029
573ea2cfea8f88151190ea78,Selahattin Burçoğlu,Abdulkerim,P.Er,Diyarbakır,Diyarbakır,1930,1951-11-19,Kore Savaşı (1950-1953) Kore Cephesi,Kore Savaşı ve İzleri + ATASE,https://sehitlerimiz.org.tr/sehit/selahattin-burcoglu-102116
75358af1ec893d3704bcd9c5,Ahmet Hikmet Özdemir,Faik,P.Ütğm.,Yozgat,Yozgat,1925,1951-11-20,Kore Savaşı (1950-1953) Kore Cephesi,Kore Savaşı ve İzleri + ATASE,https://sehitlerimiz.org.tr/sehit/ahmet-hikmet-ozdemir-101688
885fe1a7c486f73b71dc4e25,Necmettin Orar,İbrahim,Ord.Tekns.Üçvş.,İzmir,İzmir Mrk.,1927,1951-11-20,Kore Savaşı (1950-1953) Kore Cephesi,Kore Savaşı ve İzleri + ATASE,https://sehitlerimiz.org.tr/sehit/necmettin-orar-101727
c0e43e2bace5fe597b22a4a2,Ömer Oğuzhan,Arif,Top.Üçvş.,Elazığ,Elazığ,1929,1951-11-20,Kore Savaşı (1950-1953) Kore Cephesi,Kore Savaşı ve İzleri + ATASE,https://sehitlerimiz.org.tr/sehit/omer-oguzhan-101725
2c6d8e9f5a36c1d51a6c7dfa,Fahrettin Güven,Vehbi,P.Ütğm.,Samsun,Samsun,1929,1951-11-21,Kore Savaşı (1950-1953) Kore Cephesi,Kore Savaşı ve İzleri + ATASE,https://sehitlerimiz.org.tr/sehit/fahrettin-guven-101689
209b92bcf982814f6d8e5f43,Tarık Okur,Zeki,Top.Ütğm.,İstanbul,İstanbul,1926,1951-11-25,Kore Savaşı (1950-1953) Kore Cephesi,Kore Savaşı ve İzleri + ATASE,https://sehitlerimiz.org.tr/sehit/tarik-okur-101698
39b4d322be2a55c89d3f67e3,Arif Koç,Hasan,P.Er,Antalya,Korkuteli,1930,1951-11-27,Kore Savaşı (1950-1953) Kore Cephesi,Kore Savaşı ve İzleri + ATASE,https://sehitlerimiz.org.tr/sehit/arif-koc-102158
71383a86807a66c93d050e23,Mehmet Ögen,Elmas,Top.Ütğm.,Erzurum,Erzurum,1925,1951-11-27,Kore Savaşı (1950-1953) Kore Cephesi,Kore Savaşı ve İzleri + ATASE,https://sehitlerimiz.org.tr/sehit/mehmet-ogen-101699
b9c013965609436c86c0f9d1,Tahir Kaçmaz,Recep,P.Er,Erzincan,İliç,1930,1951-11-27,Kore Savaşı (1950-1953) Kore Cephesi,Kore Savaşı ve İzleri + ATASE,https://sehitlerimiz.org.tr/sehit/tahir-kacmaz-102149
aba5b76459016d7dae1d8094,Alioğlu Harat,Ali,P.Er,Gaziantep,Gaziantep,1929,1951-11-29,Kore Savaşı (1950-1953) Gaiben Şehitler,Kore Savaşı ve İzleri + ATASE,https://sehitlerimiz.org.tr/sehit/alioglu-harat-102461
8035cec947636795b0343876,Halil Bayer,Mehmet,P.Er,Ankara,Kızılcahamam,1929,1951-11-29,Kore Savaşı (1950-1953) Kore Cephesi,Kore Savaşı ve İzleri + ATASE,https://sehitlerimiz.org.tr/sehit/halil-bayer-101771
1d9a5fd2e104c0e655888d84,Mahmut Alıcı,Abdullah,P.Er,Ankara,Ş.koçhisar,1929,1951-11-29,Kore Savaşı (1950-1953) Kore Cephesi,Kore Savaşı ve İzleri + ATASE,https://sehitlerimiz.org.tr/sehit/mahmut-alici-101747
b1ef80f2359ce2564969800c,Mehmet Solmaz,Kazım,P.Er,Çankırı,Eldivan,1930,1951-11-29,Kore Savaşı (1950-1953) Kore Cephesi,Kore Savaşı ve İzleri + ATASE,https://sehitlerimiz.org.tr/sehit/mehmet-solmaz-102184
06c5d4ed2eee8e53e8ff258e,Naci Gökçe,Mustafa,P.Ütğm.,Ağrı,Ağrı-Karaköse,1922,1951-11-29,Kore Savaşı (1950-1953) Kore Cephesi,Kore Savaşı ve İzleri + ATASE,https://sehitlerimiz.org.tr/sehit/naci-gokce-101691
faf049ef14fead7e05648a84,Ramazan Çengel,Mehmet,P.Er,Ordu,Fatsa,1929,1951-11-29,Kore Savaşı (1950-1953) Kore Cephesi,Kore Savaşı ve İzleri + ATASE,https://sehitlerimiz.org.tr/sehit/ramazan-cengel-101809
8003a3e0fe6e818e09d7fb12,Ömer Özkaya,Reşit,P.Er,Van,Başkale,1927,1951-11-29,Kore Savaşı (1950-1953) Kore Cephesi,Kore Savaşı ve İzleri + ATASE,https://sehitlerimiz.org.tr/sehit/omer-ozkaya-102003
29ee0d9469601a4a8bd653b4,Aziz Aksoy,Ahmet,P.Er,Çanakkale,Biga,1930,1951-12-01,Kore Savaşı (1950-1953) Kore Cephesi,Kore Savaşı ve İzleri + ATASE,https://sehitlerimiz.org.tr/sehit/aziz-aksoy-102105
b39f300250135a172d618f9a,Mehmet İnci,Hasan,P.Er,İzmir,Kemeraltı,1900,1951-12-08,Kore Savaşı (1950-1953) Kore Cephesi,Kore Savaşı ve İzleri + ATASE,https://sehitlerimiz.org.tr/sehit/mehmet-inci-102148
806aa8cb6ddc44be4127a6f5,Salih Serdar,Hacı,P.Er,İzmir,Ödemiş,1929,1951-12-10,Kore Savaşı (1950-1953) Kore Cephesi,Kore Savaşı ve İzleri + ATASE,https://sehitlerimiz.org.tr/sehit/salih-serdar-102027
7ea91b43fa99f22d0f3ecf53,Yusuf Yılmaz,Mürsel,P.Er,Gümüşhane,Kelkit,1929,1951-12-10,Kore Savaşı (1950-1953) Kore Cephesi,Kore Savaşı ve İzleri + ATASE,https://sehitlerimiz.org.tr/sehit/yusuf-yilmaz-102095
64787bd165f9071a1415d20b,Ahmet Akay,İbrahim,P.Er,Gaziantep,Akyol,1930,1951-12-14,Kore Savaşı (1950-1953) Kore Cephesi,Kore Savaşı ve İzleri + ATASE,https://sehitlerimiz.org.tr/sehit/ahmet-akay-102102
1c3daaabc2cff72f50fb0807,Dede Atasoy,Ali,P.Er,Kırşehir,Kırşehir,1929,1951-12-14,Kore Savaşı (1950-1953) Kore Cephesi,Kore Savaşı ve İzleri + ATASE,https://sehitlerimiz.org.tr/sehit/dede-atasoy-102110
46536c6a898f70aec75d3bed,Dursun Hınıslı,Hatip,P.Er,Erzurum,Hınıs,1929,1951-12-14,Kore Savaşı (1950-1953) Kore Cephesi,Kore Savaşı ve İzleri + ATASE,https://sehitlerimiz.org.tr/sehit/dursun-hinisli-102145
69428b4dbf0c7daf98083865,Hüseyin İnal,Recep,P.Er,Zonguldak,Devrek,1926,1951-12-14,Kore Savaşı (1950-1953) Kore Cephesi,Kore Savaşı ve İzleri + ATASE,https://sehitlerimiz.org.tr/sehit/huseyin-inal-101902
d18a414759488aa70e5bed94,Mehmet Köyegitmez,Hacı,P.Er,Kahramanmaraş,Andırın,1929,1951-12-14,Kore Savaşı (1950-1953) Kore Cephesi,Kore Savaşı ve İzleri + ATASE,https://sehitlerimiz.org.tr/sehit/mehmet-koyegitmez-102161
be6555e9abd099e80f54bc8d,Mustafa Kocagöncü,Şükrü,P.Er,Isparta,Yalvaç,1929,1951-12-14,Kore Savaşı (1950-1953) Kore Cephesi,Kore Savaşı ve İzleri + ATASE,https://sehitlerimiz.org.tr/sehit/mustafa-kocagoncu-102157
359d1242d88ad2ecacd6da2e,Sadık Karaca,Osman,P.Er,Bursa,Orhaneli,1930,1951-12-14,Kore Savaşı (1950-1953) Kore Cephesi,Kore Savaşı ve İzleri + ATASE,https://sehitlerimiz.org.tr/sehit/sadik-karaca-102151
3aa55b84ec40906b9a84f317,Ali Yılmaz,Mehmet,P.Er,Çorum,Mecitözü,1930,1951-12-15,Kore Savaşı (1950-1953) Kore Cephesi,Kore Savaşı ve İzleri + ATASE,https://sehitlerimiz.org.tr/sehit/ali-yilmaz-102205
148229e7b387401c286c915c,Yusuf Kayık,Süleyman,P.Er,Trabzon,Sürmene,1930,1951-12-20,Kore Savaşı (1950-1953) Kore Cephesi,Kore Savaşı ve İzleri + ATASE,https://sehitlerimiz.org.tr/sehit/yusuf-kayik-102155
f09040e607b9f9591a8d21e4,Arif Seven,Halil,P.Er,Gümüşhane,Kelkit,1930,1951-12-22,Kore Savaşı (1950-1953) Kore Cephesi,Kore Savaşı ve İzleri + ATASE,https://sehitlerimiz.org.tr/sehit/arif-seven-102182
37eface3a8e1a24a8149b202,Ahmet Türkkan,Hüseyin,P.Kd.Ütğm.,Trabzon,Trabzon,1920,1952-01-08,Kore Savaşı (1950-1953) Kore Cephesi,Kore Savaşı ve İzleri + ATASE,https://sehitlerimiz.org.tr/sehit/ahmet-turkkan-101684
f7150521d5a343c379cbdba9,Kemal Karabaş,Şerif,İs.Ütğm.,Isparta,Isparta,1924,1952-01-10,Kore Savaşı (1950-1953) Kore Cephesi,Kore Savaşı ve İzleri + ATASE,https://sehitlerimiz.org.tr/sehit/kemal-karabas-101697
613cae711f66ce8f2392f695,Şükrü Şahin,Hüseyin,P.Er,Burdur,Yeşilova,1930,1952-01-16,Kore Savaşı (1950-1953) Kore Cephesi,Kore Savaşı ve İzleri + ATASE,https://sehitlerimiz.org.tr/sehit/sukru-sahin-102187
400b7cd0a2e89a15a22519d7,Ohandes Büyükondonoğlu,Karabet,P.Er,İstanbul,Eminönü,1930,1952-01-29,Kore Savaşı (1950-1953) Kore Cephesi,Kore Savaşı ve İzleri + ATASE,https://sehitlerimiz.org.tr/sehit/ohandes-buyukondonoglu-102117
84b15c0c62bdcf22e6a9a584,Ali Ergül,Ahmet,P.Er,Trabzon,Akçaabat,1930,1952-02-24,Kore Savaşı (1950-1953) Kore Cephesi,Kore Savaşı ve İzleri + ATASE,https://sehitlerimiz.org.tr/sehit/ali-ergul-102136
6197521d751ca0a3f90f0cf4,Mehmet Kartal,Nuri,P.Er,Gümüşhane,Kelkit,1930,1952-02-24,Kore Savaşı (1950-1953) Kore Cephesi,Kore Savaşı ve İzleri + ATASE,https://sehitlerimiz.org.tr/sehit/mehmet-kartal-102154
d6aec371733cea635cc6db35,Hüseyin Köse,Salih,P.Er,Trabzon,Tonya,1930,1952-02-25,Kore Savaşı (1950-1953) Kore Cephesi,Kore Savaşı ve İzleri + ATASE,https://sehitlerimiz.org.tr/sehit/huseyin-kose-102160
5760016cb08cfb204b757947,İsmail Arık,Şaban,P.Er,Zonguldak,Devrek,1927,1952-02-25,Kore Savaşı (1950-1953) Kore Cephesi,Kore Savaşı ve İzleri + ATASE,https://sehitlerimiz.org.tr/sehit/ismail-arik-102108
e87e92bebb020cbd5dcede39,Halil Kuru,Hüseyin,P.Er,Balıkesir,Bandırma,1930,1952-02-28,Kore Savaşı (1950-1953) Kore Cephesi,Kore Savaşı ve İzleri + ATASE,https://sehitlerimiz.org.tr/sehit/halil-kuru-102165
44af180d434838c53871e974,Feyyaz Çeliker,Veysel,P.Er,Muş,Muş,1930,1952-03-01,Kore Savaşı (1950-1953) Kore Cephesi,Kore Savaşı ve İzleri + ATASE,https://sehitlerimiz.org.tr/sehit/feyyaz-celiker-102123
388a87185fdea8166073a382,Mustafa Çırak,Salih,P.Er,Sinop,Sinop,1930,1952-03-01,Kore Savaşı (1950-1953) Kore Cephesi,Kore Savaşı ve İzleri + ATASE,https://sehitlerimiz.org.tr/sehit/mustafa-cirak-102126
a889c7ff03988643e16497a6,Osman Kayıkçı,Ali Osman,P.Er,Çanakkale,Ezine,1930,1952-03-01,Kore Savaşı (1950-1953) Kore Cephesi,Kore Savaşı ve İzleri + ATASE,https://sehitlerimiz.org.tr/sehit/osman-kayikci-102156
a51f32d4149e89dee37debb7,Haluk Özhan İnay,Galip,P.Er,Manisa,Soma,1929,1952-03-09,Kore Savaşı (1950-1953) Kore Cephesi,Kore Savaşı ve İzleri + ATASE,https://sehitlerimiz.org.tr/sehit/haluk-ozhan-inay-102147
be5d4f23e016a8c802994300,Sadık Taşır,Emin,P.Er,İzmir,Bergama,1930,1952-03-09,Kore Savaşı (1950-1953) Kore Cephesi,Kore Savaşı ve İzleri + ATASE,https://sehitlerimiz.org.tr/sehit/sadik-tasir-102193
09fb6a9ac147b96034a94af8,Muhittin Tuzcular,Mehmet,P.Er,Manisa,Manisa,1930,1952-03-12,Kore Savaşı (1950-1953) Kore Cephesi,Kore Savaşı ve İzleri + ATASE,https://sehitlerimiz.org.tr/sehit/muhittin-tuzcular-102200
7f5a6d4b68b15428c85635dd,Halil İbrahim Serttaş,Ahmet,P.Er,Burdur,Tefenni,1930,1952-03-13,Kore Savaşı (1950-1953) Kore Cephesi,Kore Savaşı ve İzleri + ATASE,https://sehitlerimiz.org.tr/sehit/halil-ibrahim-serttas-102181
113e6806c22fa7748caa8fb1,Selahattin Gümüş,Hikmet,P.Er,Kars,Kars,1929,1952-03-13,Kore Savaşı (1950-1953) Kore Cephesi,Kore Savaşı ve İzleri + ATASE,https://sehitlerimiz.org.tr/sehit/selahattin-gumus-102143
05f4b7544e0a97565910146e,Mehmet Çelik,Halil,P.Er,Gaziantep,Nizip,1929,1952-03-18,Kore Savaşı (1950-1953) Kore Cephesi,Kore Savaşı ve İzleri + ATASE,https://sehitlerimiz.org.tr/sehit/mehmet-celik-102122
62800d0a2f9cc6446a5bc8b2,Osman Derici,Osman,P.Er,İzmir,Torbalı,1930,1952-03-29,Kore Savaşı (1950-1953) Kore Cephesi,Kore Savaşı ve İzleri + ATASE,https://sehitlerimiz.org.tr/sehit/osman-derici-102129
47f6ab20e3109dc31aaafab4,Hamza Çevik,Ahmet,P.Er,Niğde,Ulukışla,1930,1952-03-31,Kore Savaşı (1950-1953) Kore Cephesi,Kore Savaşı ve İzleri + ATASE,https://sehitlerimiz.org.tr/sehit/hamza-cevik-102125
9980d1a8b56db7f8846d6a16,Mehmet Kurt,Mehmet,P.Er,Gaziantep,Kale,1930,1952-03-31,Kore Savaşı (1950-1953) Kore Cephesi,Kore Savaşı ve İzleri + ATASE,https://sehitlerimiz.org.tr/sehit/mehmet-kurt-102164
b2d82c2ae12c91b6bbae00ac,İbrahim Sümer,Mustafa,P.Er,Aydın,Nazilli,1930,1952-04-02,Kore Savaşı (1950-1953) Kore Cephesi,Kore Savaşı ve İzleri + ATASE,https://sehitlerimiz.org.tr/sehit/ibrahim-sumer-102186
827560de16fb51f11bb211c4,Kamil Top,Tevfik,P.Er,Manisa,Manisa,1930,1952-04-04,Kore Savaşı (1950-1953) Kore Cephesi,Kore Savaşı ve İzleri + ATASE,https://sehitlerimiz.org.tr/sehit/kamil-top-102199
2aa8aeda676638a8c29bb3f1,Şevket Tomak,Salih,P.Er,İstanbul,Beyoğlu,1930,1952-04-06,Kore Savaşı (1950-1953) Kore Cephesi,Kore Savaşı ve İzleri + ATASE,https://sehitlerimiz.org.tr/sehit/sevket-tomak-102198
59ca844ee29e6642e1dd8444,Bekir Şahin,Şakir,P.Er,Çankırı,Çankırı,1930,1952-04-09,Kore Savaşı (1950-1953) Kore Cephesi,Kore Savaşı ve İzleri + ATASE,https://sehitlerimiz.org.tr/sehit/bekir-sahin-102189
334f836656f895d06f62059d,Ali Özel,Yahya,P.Er,Kırklareli,Vize,1930,1952-04-12,Kore Savaşı (1950-1953) Kore Cephesi,Kore Savaşı ve İzleri + ATASE,https://sehitlerimiz.org.tr/sehit/ali-ozel-102174
a7c6291462cb8d9142a83fd2,Hüseyin Temel,Yusuf,P.Er,Adıyaman,Adıyaman,1930,1952-04-17,Kore Savaşı (1950-1953) Kore Cephesi,Kore Savaşı ve İzleri + ATASE,https://sehitlerimiz.org.tr/sehit/huseyin-temel-102196
e6dd9e5b6f26ec690b0e5c7d,Hıdır Bağana,Ali,P.Er,Tunceli,Tunceli,1930,1952-04-18,Kore Savaşı (1950-1953) Kore Cephesi,Kore Savaşı ve İzleri + ATASE,https://sehitlerimiz.org.tr/sehit/hidir-bagana-102112
ef3d7e9591038b5778aa78c4,Sait Taşdemir,Mehmet,P.Er,Elazığ,Sivrice,1931,1952-04-18,Kore Savaşı (1950-1953) Kore Cephesi,Kore Savaşı ve İzleri + ATASE,https://sehitlerimiz.org.tr/sehit/sait-tasdemir-102192
9b8aa0c91a627ea7eaefbe37,Hacı Eroğlu,Cemal,P.Er,Şanlıurfa,Siverek,1930,1952-04-26,Kore Savaşı (1950-1953) Kore Cephesi,Kore Savaşı ve İzleri + ATASE,https://sehitlerimiz.org.tr/sehit/haci-eroglu-102138
14c657a96f0e9049562a301f,Şaban Karademir,Selman,P.Er,Manisa,Turgutlu,1930,1952-04-27,Kore Savaşı (1950-1953) Kore Cephesi,Kore Savaşı ve İzleri + ATASE,https://sehitlerimiz.org.tr/sehit/saban-karademir-102152
28356ecc65e1b417a1372b57,Abdullah Zeren,Mahmut,P.Er,Yozgat,Boğazlıyan,1930,1952-04-29,Kore Savaşı (1950-1953) Kore Cephesi,Kore Savaşı ve İzleri + ATASE,https://sehitlerimiz.org.tr/sehit/abdullah-zeren-102207
80e41ba23d3c8f3004cee0da,Niyazi Temel,Rıza,P.Er,Sakarya,İzmit,1930,1952-05-02,Kore Savaşı (1950-1953) Kore Cephesi,Kore Savaşı ve İzleri + ATASE,https://sehitlerimiz.org.tr/sehit/niyazi-temel-102197
c368c8a2d7f6dda68102f2ba,Nurettin Mutlu,Kazım,P.Er,Bursa,M.kemalpaşa,1926,1952-05-02,Kore Savaşı (1950-1953) Kore Cephesi,Kore Savaşı ve İzleri + ATASE,https://sehitlerimiz.org.tr/sehit/nurettin-mutlu-102169
92c7633821e784aaa6a00d97,Yunus Tarım,İlyas,P.Er,Bursa,Gemlik,1930,1952-05-02,Kore Savaşı (1950-1953) Kore Cephesi,Kore Savaşı ve İzleri + ATASE,https://sehitlerimiz.org.tr/sehit/yunus-tarim-102191
24e4d895ed4050a2e1857b4d,Yaşar Birgül,Osman,P.Er,Erzurum,Erzurum,1930,1952-05-07,Kore Savaşı (1950-1953) Kore Cephesi,Kore Savaşı ve İzleri + ATASE,https://sehitlerimiz.org.tr/sehit/yasar-birgul-102114
815399b516f110777bdf1ae9,Mehmet Solcan,Ahmet,P.Er,Manisa,Manisa,1930,1952-05-17,Kore Savaşı (1950-1953) Kore Cephesi,Kore Savaşı ve İzleri + ATASE,https://sehitlerimiz.org.tr/sehit/mehmet-solcan-102183
4ec5116aeddb98d77c17f1ba,Hayrettin Yanar,Hasan Hüseyin,P.Er,Kayseri,Develi,1930,1952-05-21,Kore Savaşı (1950-1953) Kore Cephesi,Kore Savaşı ve İzleri + ATASE,https://sehitlerimiz.org.tr/sehit/hayrettin-yanar-102204
8edcce50980c83bd41cba497,Mahmut Çoşkun,Hüseyin,P.Er,Kayseri,Bünyan,1930,1952-05-21,Kore Savaşı (1950-1953) Kore Cephesi,Kore Savaşı ve İzleri + ATASE,https://sehitlerimiz.org.tr/sehit/mahmut-coskun-102127
a54f7614293c9d9288679adf,Mehmet Sabri Olcay,Haydar,P.Er,Diyarbakır,Kulp,1930,1952-05-22,Kore Savaşı (1950-1953) Kore Cephesi,Kore Savaşı ve İzleri + ATASE,https://sehitlerimiz.org.tr/sehit/mehmet-sabri-olcay-102171
3de990936dcea4e2b4c483d7,Ahmet Elitaş,Abdullah,P.Er,Adana,Karşıyaka,1931,1952-05-28,Kore Savaşı (1950-1953) Kore Cephesi,Kore Savaşı ve İzleri + ATASE,https://sehitlerimiz.org.tr/sehit/ahmet-elitas-102284
49997db73d1c61b87bdb9aeb,Mustafa Irk,Şükrü,P.Er,Erzurum,Ilıç,1930,1952-05-28,Kore Savaşı (1950-1953) Kore Cephesi,Kore Savaşı ve İzleri + ATASE,https://sehitlerimiz.org.tr/sehit/mustafa-irk-102301
f97c59061784018453ca451f,Ali Rıza Can,Ali Osman,P.Er,Sakarya,İznik,1930,1952-06-01,Kore Savaşı (1950-1953) Kore Cephesi,Kore Savaşı ve İzleri + ATASE,https://sehitlerimiz.org.tr/sehit/ali-riza-can-102118
b76d8e213018bc5d8ea6e242,Mehmet Akgül,Halil,P.Er,Gaziantep,Nizip,1930,1952-06-04,Kore Savaşı (1950-1953) Kore Cephesi,Kore Savaşı ve İzleri + ATASE,https://sehitlerimiz.org.tr/sehit/mehmet-akgul-102103
e405fdc1cf94adec3ee73828,Mehmet Nuri Pamir,Bekir,P.Alb.,Niğde,Bor,1920,1952-06-05,Kore Savaşı (1950-1953) Kore Cephesi,Kore Savaşı ve İzleri + ATASE,https://sehitlerimiz.org.tr/sehit/mehmet-nuri-pamir-101670
5e7067ee0e4a194f7a5ea7a4,Durmuş Ali Güler,Şevket,P.Er,İzmir,Kemeraltı,1930,1952-06-06,Kore Savaşı (1950-1953) Kore Cephesi,Kore Savaşı ve İzleri + ATASE,https://sehitlerimiz.org.tr/sehit/durmus-ali-guler-102141
f950b38f223dc0d6331a42ce,Fahrettin Akkaraca,Talip,P.Er,İzmir,İzmir,1930,1952-06-06,Kore Savaşı (1950-1953) Kore Cephesi,Kore Savaşı ve İzleri + ATASE,https://sehitlerimiz.org.tr/sehit/fahrettin-akkaraca-102104
7b8c28ba2c780289a232ead1,Mustafa Küçükbilge,Hüseyin,P.Er,Denizli,Çal,1930,1952-06-06,Kore Savaşı (1950-1953) Kore Cephesi,Kore Savaşı ve İzleri + ATASE,https://sehitlerimiz.org.tr/sehit/mustafa-kucukbilge-102167
d374b04509d1280479fc3bf6,Osman Altuğ,Ömer,P.Er,Niğde,Bor,1930,1952-06-06,Kore Savaşı (1950-1953) Kore Cephesi,Kore Savaşı ve İzleri + ATASE,https://sehitlerimiz.org.tr/sehit/osman-altug-102107
9637c85663296cbc622d1ae0,Hasan Özyılmaz,Mehmet,P.Er,İzmir,Alsancak,1930,1952-06-08,Kore Savaşı (1950-1953) Kore Cephesi,Kore Savaşı ve İzleri + ATASE,https://sehitlerimiz.org.tr/sehit/hasan-ozyilmaz-102177
026a9b3fd91c29ad9cd2a8d9,Mustafa Derici,Mehmet,P.Er,Kocaeli,Kilis,1930,1952-06-21,Kore Savaşı (1950-1953) Kore Cephesi,Kore Savaşı ve İzleri + ATASE,https://sehitlerimiz.org.tr/sehit/mustafa-derici-102130
e3a32577fe4858b0ba4d0d56,Tevfik Arpacı,Rıfat,P.Er,İzmir,Bornova,1930,1952-06-21,Kore Savaşı (1950-1953) Kore Cephesi,Kore Savaşı ve İzleri + ATASE,https://sehitlerimiz.org.tr/sehit/tevfik-arpaci-102109
659006ab3a9903fe7f240889,Mehmet Erol,Ali,P.Er,Konya,Ermenek,1930,1952-06-28,Kore Savaşı (1950-1953) Kore Cephesi,Kore Savaşı ve İzleri + ATASE,https://sehitlerimiz.org.tr/sehit/mehmet-erol-102139
4272f20125b27e95ac5fe32d,Ethem Ortaç,Halil,P.Er,Isparta,Isparta,1930,1952-07-02,Kore Savaşı (1950-1953) Kore Cephesi,Kore Savaşı ve İzleri + ATASE,https://sehitlerimiz.org.tr/sehit/ethem-ortac-102172
9f25ef3d33897b2064610192,İbrahim Haklı,Hüseyin,P.Er,Mersin,Mersin,1930,1952-07-06,Kore Savaşı (1950-1953) Kore Cephesi,Kore Savaşı ve İzleri + ATASE,https://sehitlerimiz.org.tr/sehit/ibrahim-hakli-102144
ec3e06f10f810eb004a4b061,Durmuş Karakuş,Ali,P.Er,Adana,Karaisalı,1930,1952-07-08,Kore Savaşı (1950-1953) Kore Cephesi,Kore Savaşı ve İzleri + ATASE,https://sehitlerimiz.org.tr/sehit/durmus-karakus-102153
3041c011fabb36aa95ec8ed9,Kamil Menteş,Hüseyin,P.Er,Bursa,Yenişehir,1930,1952-07-08,Kore Savaşı (1950-1953) Kore Cephesi,Kore Savaşı ve İzleri + ATASE,https://sehitlerimiz.org.tr/sehit/kamil-mentes-102168
e0e7e59cd64e816bae8b300c,Mehmet Çapacı,Mustafa,P.Er,İzmir,Torbalı,1930,1952-07-08,Kore Savaşı (1950-1953) Kore Cephesi,Kore Savaşı ve İzleri + ATASE,https://sehitlerimiz.org.tr/sehit/mehmet-capaci-102119
bbcf85e5679e20d42796f6db,Haydar Öztekin,Yunus,P.Er,İstanbul,Bakırköy,1930,1952-07-13,Kore Savaşı (1950-1953) Kore Cephesi,Kore Savaşı ve İzleri + ATASE,https://sehitlerimiz.org.tr/sehit/haydar-oztekin-102176
172c1dc7e859697fe7b0051d,Rıza Ünal,Hakkı,P.Er,Kırşehir,Mucur,1930,1952-07-17,Kore Savaşı (1950-1953) Kore Cephesi,Kore Savaşı ve İzleri + ATASE,https://sehitlerimiz.org.tr/sehit/riza-unal-102203
01b0a100f75da617d8bf16c3,Demir Erkeskin,Bekir,P.Er,Balıkesir,Burhaniye,1930,1952-07-20,Kore Savaşı (1950-1953) Kore Cephesi,Kore Savaşı ve İzleri + ATASE,https://sehitlerimiz.org.tr/sehit/demir-erkeskin-102137
a9c557a599769590b2e590f8,Durmuş İlhan,Fevzi,P.Er,Aydın,Söke,1930,1952-07-20,Kore Savaşı (1950-1953) Kore Cephesi,Kore Savaşı ve İzleri + ATASE,https://sehitlerimiz.org.tr/sehit/durmus-ilhan-102146
e99a2fa7090e8aaee5c47541,Kemal Serin,Yunus,P.Er,Konya,Akşehir,1930,1952-08-16,Kore Savaşı (1950-1953) Kore Cephesi,Kore Savaşı ve İzleri + ATASE,https://sehitlerimiz.org.tr/sehit/kemal-serin-102180
664add45ae79c8f1a48575f6,Mahmut Aydın,Hasan,P.Er,Mardin,Nusaybin,1931,1952-08-25,Kore Savaşı (1950-1953) Kore Cephesi,Kore Savaşı ve İzleri + ATASE,https://sehitlerimiz.org.tr/sehit/mahmut-aydin-102235
d93b29a2393f950f47a2a0ae,Selahattin Oskay,Hakkı,Bnd.Bnb.,İstanbul,Fatih,1921,1952-09-08,Kore Savaşı (1950-1953) Kore Cephesi,Kore Savaşı ve İzleri + ATASE,https://sehitlerimiz.org.tr/sehit/selahattin-oskay-101675
5c7367e35389b8d91da727c8,Yusufoğlu Galip,Yusuf,P.Er,Kırşehir,Çiçekdağı,1931,1952-11-11,Kore Savaşı (1950-1953) Kore Cephesi,Kore Savaşı ve İzleri + ATASE,https://sehitlerimiz.org.tr/sehit/yusufoglu-galip-102285
437076d1cb93fe834b527e0f,Hüseyin Şahin,Mehmet,P.Er,İzmir,Dikili,1930,1952-11-13,Kore Savaşı (1950-1953) Kore Cephesi,Kore Savaşı ve İzleri + ATASE,https://sehitlerimiz.org.tr/sehit/huseyin-sahin-102355
ae2529d15704b2006db4a69d,Hamuş Selkaya,Ali,P.Er,Hatay,Antakya,1930,1952-11-18,Kore Savaşı (1950-1953) Kore Cephesi,Kore Savaşı ve İzleri + ATASE,https://sehitlerimiz.org.tr/sehit/hamus-selkaya-102350
9a3aced9b54f772bd10b422a,Mustafa Necati Sandıkçı,Mehmet,P.Kd.Bçvş.,Karaman,Karaman,1919,1952-11-19,Kore Savaşı (1950-1953) Kore Cephesi,Kore Savaşı ve İzleri + ATASE,https://sehitlerimiz.org.tr/sehit/mustafa-necati-sandikci-101714
fb206fba5f1b4aaf710ca9cb,Hasan Bilen,Abdullah,P.Kd.Bçvş.,Yalova,Yalova,1904,1952-11-22,Kore Savaşı (1950-1953) Kore Cephesi,Kore Savaşı ve İzleri + ATASE,https://sehitlerimiz.org.tr/sehit/hasan-bilen-101708
775023e8d51edb1448e40205,Hüseyin Genç,Hasan,P.Er,Hatay,Antakya,1931,1952-11-26,Kore Savaşı (1950-1953) Kore Cephesi,Kore Savaşı ve İzleri + ATASE,https://sehitlerimiz.org.tr/sehit/huseyin-genc-102293
c1226ec315c8a7c9ab011023,Cevat Bayrak,İhsan,P.Ütğm.,İstanbul,Beşiktaş,1929,1952-12-10,Kore Savaşı (1950-1953) Kore Cephesi,Kore Savaşı ve İzleri + ATASE,https://sehitlerimiz.org.tr/sehit/cevat-bayrak-101690
a325ceaf52f8d935dd0e8544,Mehmet Onat,Ahmet,P.Er,Zonguldak,Zonguldak,1930,1952-12-10,Kore Savaşı (1950-1953) Kore Cephesi,Kore Savaşı ve İzleri + ATASE,https://sehitlerimiz.org.tr/sehit/mehmet-onat-102332
7ca1b7fd21f38f06eba689a9,Ahmet Aşkar,Kamil,P.Er,Hatay,Yayladağ,1930,1952-12-26,Kore Savaşı (1950-1953) Kore Cephesi,Kore Savaşı ve İzleri + ATASE,https://sehitlerimiz.org.tr/sehit/ahmet-askar-102227
7cc0fa1b855cdd950240b636,Mahmut Bektaş,Mehmet,P.Er,Malatya,Hekimhan,1931,1952-12-26,Kore Savaşı (1950-1953) Kore Cephesi,Kore Savaşı ve İzleri + ATASE,https://sehitlerimiz.org.tr/sehit/mahmut-bektas-102244
2f1988e3660837acda46de98,Adil Demirler,Müslüm,P.Er,Hatay,İskenderun,1930,1952-12-31,Kore Savaşı (1950-1953) Kore Cephesi,Kore Savaşı ve İzleri + ATASE,https://sehitlerimiz.org.tr/sehit/adil-demirler-102269
a4d80f353e3581230c8ae562,Mehmet Koç,İbrahim,P.Er,Siirt,Kurtalan,1930,1952-12-31,Kore Savaşı (1950-1953) Kore Cephesi,Kore Savaşı ve İzleri + ATASE,https://sehitlerimiz.org.tr/sehit/mehmet-koc-102321
1ec7d0008eff0a46a8c94a59,Muzaffer Eren,Fevzi,Ord.Tekns.Kd.Bçvş.,Zonguldak,Zonguldak,1929,1953-01-06,Kore Savaşı (1950-1953) Kore Cephesi,Kore Savaşı ve İzleri + ATASE,https://sehitlerimiz.org.tr/sehit/muzaffer-eren-101717
909303d2065e3171fc805ae2,Ahmet Çankaya,Adem,P.Er,Elazığ,Palu,1930,1953-01-08,Kore Savaşı (1950-1953) Kore Cephesi,Kore Savaşı ve İzleri + ATASE,https://sehitlerimiz.org.tr/sehit/ahmet-cankaya-102257
0b9e58dbceae86dc3e53c2ca,Fahrettin Akmustafaoğlu,Hüseyin,P.Er,İstanbul,Üsküdar,1930,1953-01-14,Kore Savaşı (1950-1953) Kore Cephesi,Kore Savaşı ve İzleri + ATASE,https://sehitlerimiz.org.tr/sehit/fahrettin-akmustafaoglu-102215
7ac5f68e1107c98c62874444,Ali Rıza Karalı,Salih,P.Er,Hatay,İskenderun,1930,1953-01-22,Kore Savaşı (1950-1953) Kore Cephesi,Kore Savaşı ve İzleri + ATASE,https://sehitlerimiz.org.tr/sehit/ali-riza-karali-102309
9166503271cd07d77283a56a,Abdulkadir Bakan,Hasan,P.Er,Kırklareli,Babaeski,1931,1953-05-05,Kore Savaşı (1950-1953) Kore Cephesi,Kore Savaşı ve İzleri + ATASE,https://sehitlerimiz.org.tr/sehit/abdulkadir-bakan-102238
3d999977b87649762d285438,Kasım Öpöz,Salih,P.Er,Yozgat,Çekerek,1931,1953-05-06,Kore Savaşı (1950-1953) Kore Cephesi,Kore Savaşı ve İzleri + ATASE,https://sehitlerimiz.org.tr/sehit/kasim-opoz-102335
8179c99e96f2c00aa44f7367,Himmet Yetim,Himmet,P.Er,Aydın,Germencik,1930,1953-05-07,Kore Savaşı (1950-1953) Kore Cephesi,Kore Savaşı ve İzleri + ATASE,https://sehitlerimiz.org.tr/sehit/himmet-yetim-102377
cadaa1ad5b3b803c79b86eb2,Fahrettin Topçu,Mehmet Ali,P.Er,Aydın,Söke,1930,1953-05-13,Kore Savaşı (1950-1953) Kore Cephesi,Kore Savaşı ve İzleri + ATASE,https://sehitlerimiz.org.tr/sehit/fahrettin-topcu-102366
243647018b43484f5f9aa423,Hüseyin Atalı,Süleyman,P.Er,Zonguldak,Zonguldak,1930,1953-05-13,Kore Savaşı (1950-1953) Kore Cephesi,Kore Savaşı ve İzleri + ATASE,https://sehitlerimiz.org.tr/sehit/huseyin-atali-102228
470449d54049c9ef3253de6f,Hüseyin Çakır,Eyüp,P.Er,Trabzon,Of,1930,1953-05-13,Kore Savaşı (1950-1953) Kore Cephesi,Kore Savaşı ve İzleri + ATASE,https://sehitlerimiz.org.tr/sehit/huseyin-cakir-102255
b31e9eb1b26a35b465c36f6e,Kemal Uyaner,Temur,P.Er,Malatya,Pütürge,1930,1953-05-13,Kore Savaşı (1950-1953) Kore Cephesi,Kore Savaşı ve İzleri + ATASE,https://sehitlerimiz.org.tr/sehit/kemal-uyaner-102372
ab6fdf444f0b9db0c6df9f04,Rasim Kumkaya,Mehmet Hamdi,P.Er,Ankara,Ayaş,1930,1953-05-13,Kore Savaşı (1950-1953) Kore Cephesi,Kore Savaşı ve İzleri + ATASE,https://sehitlerimiz.org.tr/sehit/rasim-kumkaya-102326
dab5bb1854ab9274ab5b05a0,Selahattin Altıncıoğlu,Ahmet,P.Er,Bursa,Mudanya,1930,1953-05-13,Kore Savaşı (1950-1953) Kore Cephesi,Kore Savaşı ve İzleri + ATASE,https://sehitlerimiz.org.tr/sehit/selahattin-altincioglu-102219
4f036aa6aeb6df6394cdd5c8,Cuma Gök,İsmail,P.Er,Kahramanmaraş,K.maraş,1931,1953-05-14,Kore Savaşı (1950-1953) Kore Cephesi,Kore Savaşı ve İzleri + ATASE,https://sehitlerimiz.org.tr/sehit/cuma-gok-102294
dc6612871d7360f366904c0e,Osman Dinç,Demir,P.Er,Tekirdağ,Malkara,1931,1953-05-14,Kore Savaşı (1950-1953) Kore Cephesi,Kore Savaşı ve İzleri + ATASE,https://sehitlerimiz.org.tr/sehit/osman-dinc-102273
7e7e71d25af48b769158ea15,İsmail Karayılan,Musa,P.Er,Konya,Akşehir,1931,1953-05-14,Kore Savaşı (1950-1953) Kore Cephesi,Kore Savaşı ve İzleri + ATASE,https://sehitlerimiz.org.tr/sehit/ismail-karayilan-102313
9cfa2043e7403332e8a9dccc,Abdurrahim Eşit,Kamil,P.Astsb.Çvş.,Çankırı,Çankırı,1931,1953-05-24,Kore Savaşı (1950-1953) Kore Cephesi,Kore Savaşı ve İzleri + ATASE,https://sehitlerimiz.org.tr/sehit/abdurrahim-esit-101729
c05428d31fb914dd4827ecd9,Rıza Kartal,Ali,P.Er,Erzincan,Tercan,1931,1953-05-24,Kore Savaşı (1950-1953) Kore Cephesi,Kore Savaşı ve İzleri + ATASE,https://sehitlerimiz.org.tr/sehit/riza-kartal-102314
45b4f43ddbc2db7ed3d9e790,Mehmet Emin Zorbilmez,İbrahim,P.Er,İzmir,Ödemiş,1931,1953-05-27,Kore Savaşı (1950-1953) Kore Cephesi,Kore Savaşı ve İzleri + ATASE,https://sehitlerimiz.org.tr/sehit/mehmet-emin-zorbilmez-102385
84b74fe1d3bd5dbde9788d28,Abdul Kızıl,Süleyman,P.Er,Afyonkarahisar,Bolvadin,1931,1953-05-28,Kore Savaşı (1950-1953) Kore Cephesi,Kore Savaşı ve İzleri + ATASE,https://sehitlerimiz.org.tr/sehit/abdul-kizil-102319
04d8b6d8e3ff37fe4049cfdd,Abdulkerim Dönmez,Mehmet,P.Er,Hatay,Altınözü,1930,1953-05-28,Kore Savaşı (1950-1953) Kore Cephesi,Kore Savaşı ve İzleri + ATASE,https://sehitlerimiz.org.tr/sehit/abdulkerim-donmez-102280
e1b46f489fab152ad83ce7b0,Abdullah Arıkan,Rıza,P.Er,Manisa,Akhisar,1931,1953-05-28,Kore Savaşı (1950-1953) Kore Cephesi,Kore Savaşı ve İzleri + ATASE,https://sehitlerimiz.org.tr/sehit/abdullah-arikan-102222
21ffb940350562e35ddb341b,Adil Top,Veysel,P.Er,Bayburt,Bayburt,1930,1953-05-28,Kore Savaşı (1950-1953) Kore Cephesi,Kore Savaşı ve İzleri + ATASE,https://sehitlerimiz.org.tr/sehit/adil-top-102365
7c93283e9fa0ec4526bc4a3f,Ahmet Bayram,Halil,P.Er,Uşak,Eşme,1930,1953-05-28,Kore Savaşı (1950-1953) Kore Cephesi,Kore Savaşı ve İzleri + ATASE,https://sehitlerimiz.org.tr/sehit/ahmet-bayram-102242
ff1264008b6abae951917764,Ahmet Civan,Abdulvahap,P.Er,Mersin,Mersin,1931,1953-05-28,Kore Savaşı (1950-1953) Kore Cephesi,Kore Savaşı ve İzleri + ATASE,https://sehitlerimiz.org.tr/sehit/ahmet-civan-102254
8565f61e74bd50e470ce29d8,Ahmet Doğrusöz,Şerif,P.Er,Hatay,Altınözü,1931,1953-05-28,Kore Savaşı (1950-1953) Kore Cephesi,Kore Savaşı ve İzleri + ATASE,https://sehitlerimiz.org.tr/sehit/ahmet-dogrusoz-102277
089eb38b76d6cbadb8a5b810,Ahmet Duran Çelik,Mustafa,P.Er,Tokat,Artova,1931,1953-05-28,Kore Savaşı (1950-1953) Kore Cephesi,Kore Savaşı ve İzleri + ATASE,https://sehitlerimiz.org.tr/sehit/ahmet-duran-celik-102261
d21141e72d0554ba16f098d2,Ahmet Gökalp,Hacı,P.Er,Siirt,Siirt,1931,1953-05-28,Kore Savaşı (1950-1953) Kore Cephesi,Kore Savaşı ve İzleri + ATASE,https://sehitlerimiz.org.tr/sehit/ahmet-gokalp-102295
d70f74ee886a2a1fb9c30817,Ahmet Mersin,Kamil,P.Er,Aydın,Çine,1930,1953-05-28,Kore Savaşı (1950-1953) Kore Cephesi,Kore Savaşı ve İzleri + ATASE,https://sehitlerimiz.org.tr/sehit/ahmet-mersin-102328
62c491d77ad1db96154a7de0,Ahmet Rüştü Ürer,Hüseyin,P.Kd.Ütğm.,Bursa,Bursa,1926,1953-05-28,Kore Savaşı (1950-1953) Kore Cephesi,Kore Savaşı ve İzleri + ATASE,https://sehitlerimiz.org.tr/sehit/ahmet-rustu-urer-101685
55ba03026b5e9fbf11fe7d26,Ahmet Taş,Mehmet,P.Er,Bursa,Karacabey,1929,1953-05-28,Kore Savaşı (1950-1953) Kore Cephesi,Kore Savaşı ve İzleri + ATASE,https://sehitlerimiz.org.tr/sehit/ahmet-tas-102360
62623e74a749fcc84f2e7215,Ali Belkıs,Yusuf,P.Er,Siirt,Eruh,1931,1953-05-28,Kore Savaşı (1950-1953) Kore Cephesi,Kore Savaşı ve İzleri + ATASE,https://sehitlerimiz.org.tr/sehit/ali-belkis-102245
eac52aa6cde5aed3db3202a3,Ali Eren,Sait,P.Er,Erzurum,Hınıs,1931,1953-05-28,Kore Savaşı (1950-1953) Kore Cephesi,Kore Savaşı ve İzleri + ATASE,https://sehitlerimiz.org.tr/sehit/ali-eren-102286
99bc1b82065708c52709759f,Ali Kabak,Mustafa,P.Er,Aydın,Aydın,1930,1953-05-28,Kore Savaşı (1950-1953) Kore Cephesi,Kore Savaşı ve İzleri + ATASE,https://sehitlerimiz.org.tr/sehit/ali-kabak-102307
89d1d1210e1ac67345c7e06d,Ali Piriştina,Zekeriya,P.Er,Sinop,Ayancık,1930,1953-05-28,Kore Savaşı (1950-1953) Kore Cephesi,Kore Savaşı ve İzleri + ATASE,https://sehitlerimiz.org.tr/sehit/ali-piristina-102344
460cfe962526c827014d4fad,Ali Tek,Raşit,P.Er,Hatay,İskenderun,1930,1953-05-28,Kore Savaşı (1950-1953) Kore Cephesi,Kore Savaşı ve İzleri + ATASE,https://sehitlerimiz.org.tr/sehit/ali-tek-102363
6395cabfc3d89f9f3e0f58f3,Ali Şahin,Mustafa,P.Er,Samsun,Bafra,1930,1953-05-28,Kore Savaşı (1950-1953) Kore Cephesi,Kore Savaşı ve İzleri + ATASE,https://sehitlerimiz.org.tr/sehit/ali-sahin-102353
8d8e50aa42895862b3dd8b89,Asım İsmioğlu,Musa,P.Er,İzmir,Ödemiş,1931,1953-05-28,Kore Savaşı (1950-1953) Kore Cephesi,Kore Savaşı ve İzleri + ATASE,https://sehitlerimiz.org.tr/sehit/asim-ismioglu-102305
9046483b376447572df175ac,Aziz Kaya,Mehmet,P.Er,Kars,Kağızman,1930,1953-05-28,Kore Savaşı (1950-1953) Kore Cephesi,Kore Savaşı ve İzleri + ATASE,https://sehitlerimiz.org.tr/sehit/aziz-kaya-102316
b5d094499071bca15716bc59,Bayram Gün,Abdulkadir,P.Er,Afyonkarahisar,Emirdağ,1928,1953-05-28,Kore Savaşı (1950-1953) Kore Cephesi,Kore Savaşı ve İzleri + ATASE,https://sehitlerimiz.org.tr/sehit/bayram-gun-102299
7f4252252d9eb08f0eceaa9e,Bayram Karataş,Osman,P.Er,Afyonkarahisar,Dinar,1931,1953-05-28,Kore Savaşı (1950-1953) Kore Cephesi,Kore Savaşı ve İzleri + ATASE,https://sehitlerimiz.org.tr/sehit/bayram-karatas-102312
ee762c046e9acd5c932bf691,Bayram Tavşan,Süleyman,P.Er,Denizli,Denizli,1931,1953-05-28,Kore Savaşı (1950-1953) Kore Cephesi,Kore Savaşı ve İzleri + ATASE,https://sehitlerimiz.org.tr/sehit/bayram-tavsan-102362
0920a90d0d05cfb1ad32660e,Bekir Özdemir,Şükrü,P.Er,Tokat,Tokat,1930,1953-05-28,Kore Savaşı (1950-1953) Kore Cephesi,Kore Savaşı ve İzleri + ATASE,https://sehitlerimiz.org.tr/sehit/bekir-ozdemir-102341
dda57e81be5e4ed2fa3ddb48,Cemil Sefa,Mehmet,P.Er,Hatay,Antakya,1930,1953-05-28,Kore Savaşı (1950-1953) Kore Cephesi,Kore Savaşı ve İzleri + ATASE,https://sehitlerimiz.org.tr/sehit/cemil-sefa-102349
403e86b9db0761e4620f9c21,Durali Esen,Ali,P.Er,Antalya,Elmalı,1931,1953-05-28,Kore Savaşı (1950-1953) Kore Cephesi,Kore Savaşı ve İzleri + ATASE,https://sehitlerimiz.org.tr/sehit/durali-esen-102291
b8c68ef9ebbe5ba35a122660,Enver Özbilen,Süleyman,P.Er,Hatay,Kırıkhan,1930,1953-05-28,Kore Savaşı (1950-1953) Kore Cephesi,Kore Savaşı ve İzleri + ATASE,https://sehitlerimiz.org.tr/sehit/enver-ozbilen-102337
fa8ff361fb879af71e848f95,Enver Şişko,Hüseyin,P.Er,Aydın,Söke,1930,1953-05-28,Kore Savaşı (1950-1953) Kore Cephesi,Kore Savaşı ve İzleri + ATASE,https://sehitlerimiz.org.tr/sehit/enver-sisko-102358
b01f5daafe3f1d9326656319,Fadıl Eren,Tayyip,P.Er,Bolu,Akçakoca,1931,1953-05-28,Kore Savaşı (1950-1953) Kore Cephesi,Kore Savaşı ve İzleri + ATASE,https://sehitlerimiz.org.tr/sehit/fadil-eren-102287
d99a35dd5c06b3dbf04de9fd,Fevzi Aktaş,Mustafa,P.Er,Erzurum,Aşkale,1930,1953-05-28,Kore Savaşı (1950-1953) Kore Cephesi,Kore Savaşı ve İzleri + ATASE,https://sehitlerimiz.org.tr/sehit/fevzi-aktas-102217
2978847ee8857ce5f5f55f4c,Hakkı Akbulut,Mehmet,P.Er,Antalya,Akseki,1931,1953-05-28,Kore Savaşı (1950-1953) Kore Cephesi,Kore Savaşı ve İzleri + ATASE,https://sehitlerimiz.org.tr/sehit/hakki-akbulut-102212
b13f2a09064776895af125ff,Hasan Aydın,Hamit,P.Er,İzmir,Bergama,1929,1953-05-28,Kore Savaşı (1950-1953) Kore Cephesi,Kore Savaşı ve İzleri + ATASE,https://sehitlerimiz.org.tr/sehit/hasan-aydin-102234
eb4ab430f536c28bc7c83ed9,Hasan Keskin,Salih,P.Er,Hatay,İskenderun,1930,1953-05-28,Kore Savaşı (1950-1953) Kore Cephesi,Kore Savaşı ve İzleri + ATASE,https://sehitlerimiz.org.tr/sehit/hasan-keskin-102317
8a345e26eef934350b5c3157,Hasan Tatlı,Mehmet,P.Er,Hatay,Antakya,1930,1953-05-28,Kore Savaşı (1950-1953) Kore Cephesi,Kore Savaşı ve İzleri + ATASE,https://sehitlerimiz.org.tr/sehit/hasan-tatli-102361
c27044892e443cc0270a446f,Haydar Tali,Mehmet,P.Er,Erzurum,Hınıs,1930,1953-05-28,Kore Savaşı (1950-1953) Kore Cephesi,Kore Savaşı ve İzleri + ATASE,https://sehitlerimiz.org.tr/sehit/haydar-tali-102359
e59fea46cf35ada022f86e1c,Haydar Yalçın,Mustafa,P.Er,Erzincan,Erzincan,1930,1953-05-28,Kore Savaşı (1950-1953) Kore Cephesi,Kore Savaşı ve İzleri + ATASE,https://sehitlerimiz.org.tr/sehit/haydar-yalcin-102375
adeedcf6ea9bd2204047a808,Hüseyin Avni Demirkıran,Mehmet,P.Er,İzmir,Torbalı,1931,1953-05-28,Kore Savaşı (1950-1953) Kore Cephesi,Kore Savaşı ve İzleri + ATASE,https://sehitlerimiz.org.tr/sehit/huseyin-avni-demirkiran-102268
5a95cdfa0741ab20dc339e15,Hüseyin Bozan,Ali,P.Er,İzmir,Torbalı,1930,1953-05-28,Kore Savaşı (1950-1953) Kore Cephesi,Kore Savaşı ve İzleri + ATASE,https://sehitlerimiz.org.tr/sehit/huseyin-bozan-102250
90db58db67c74cd02096b4a8,Hüseyin Demir,Yusuf,P.Er,Mardin,Midyat,1931,1953-05-28,Kore Savaşı (1950-1953) Kore Cephesi,Kore Savaşı ve İzleri + ATASE,https://sehitlerimiz.org.tr/sehit/huseyin-demir-102265
058a3263103139b4d5183d7d,Hüseyin Genç,Dursun,P.Er,Sinop,Boyabat,1930,1953-05-28,Kore Savaşı (1950-1953) Kore Cephesi,Kore Savaşı ve İzleri + ATASE,https://sehitlerimiz.org.tr/sehit/huseyin-genc-102292
f4d4e1faf51986bddf31f0d0,Hüseyin Kalka,İbrahim,P.Er,Erzincan,Erzincan,1931,1953-05-28,Kore Savaşı (1950-1953) Kore Cephesi,Kore Savaşı ve İzleri + ATASE,https://sehitlerimiz.org.tr/sehit/huseyin-kalka-102308
568ebcc5f7f199936634d87d,Hüseyin Köse,Mehmet,P.Er,Kahramanmaraş,K.maraş,1931,1953-05-28,Kore Savaşı (1950-1953) Kore Cephesi,Kore Savaşı ve İzleri + ATASE,https://sehitlerimiz.org.tr/sehit/huseyin-kose-102325
c1af3ec9f666202c681f3423,Kadir Bağlan,Arif,P.Er,Bolu,Bolu,1930,1953-05-28,Kore Savaşı (1950-1953) Kore Cephesi,Kore Savaşı ve İzleri + ATASE,https://sehitlerimiz.org.tr/sehit/kadir-baglan-102237
fa5ddaafb4e635d6414e5b5c,Mahmut Akıncı,İbrahim,P.Er,Şanlıurfa,Hilvan,1929,1953-05-28,Kore Savaşı (1950-1953) Kore Cephesi,Kore Savaşı ve İzleri + ATASE,https://sehitlerimiz.org.tr/sehit/mahmut-akinci-102214
53b887438235352379d05400,Mehmet Ali Kesnik,Mustafa,P.Er,Hatay,Altınözü,1930,1953-05-28,Kore Savaşı (1950-1953) Kore Cephesi,Kore Savaşı ve İzleri + ATASE,https://sehitlerimiz.org.tr/sehit/mehmet-ali-kesnik-102318
1c8df595571d3c32665a9886,Mehmet Ali Çavdar,Mustafa,P.Er,Afyonkarahisar,Bolvadin,1931,1953-05-28,Kore Savaşı (1950-1953) Kore Cephesi,Kore Savaşı ve İzleri + ATASE,https://sehitlerimiz.org.tr/sehit/mehmet-ali-cavdar-102258
a71560365ce239b2ed2ef81d,Mehmet Aliş,İbo,P.Er,Hatay,Antakya,1931,1953-05-28,Kore Savaşı (1950-1953) Kore Cephesi,Kore Savaşı ve İzleri + ATASE,https://sehitlerimiz.org.tr/sehit/mehmet-alis-102218
3e400eefa89ef58013bf0e79,Mehmet Arslan,Ali,P.Er,Hatay,Samandağı,1931,1953-05-28,Kore Savaşı (1950-1953) Kore Cephesi,Kore Savaşı ve İzleri + ATASE,https://sehitlerimiz.org.tr/sehit/mehmet-arslan-102223
e116458b2bf256692dd1ec4d,Mehmet Avcı,Yusuf,P.Er,Mersin,Mersin,1931,1953-05-28,Kore Savaşı (1950-1953) Kore Cephesi,Kore Savaşı ve İzleri + ATASE,https://sehitlerimiz.org.tr/sehit/mehmet-avci-102230
eac9cdd469280c5e5757a8d2,Mehmet Azazi,Garip,P.Er,Hatay,Antakya,1931,1953-05-28,Kore Savaşı (1950-1953) Kore Cephesi,Kore Savaşı ve İzleri + ATASE,https://sehitlerimiz.org.tr/sehit/mehmet-azazi-102236
f655d6b7c0bde6919e240549,Mehmet Canuçuran,Halil,P.Er,İzmir,Ödemiş,1931,1953-05-28,Kore Savaşı (1950-1953) Kore Cephesi,Kore Savaşı ve İzleri + ATASE,https://sehitlerimiz.org.tr/sehit/mehmet-canucuran-102253
1b9078f14e02c730c0399639,Mehmet Demirtaş,Mevlüt,P.Er,Erzurum,Tortum,1930,1953-05-28,Kore Savaşı (1950-1953) Kore Cephesi,Kore Savaşı ve İzleri + ATASE,https://sehitlerimiz.org.tr/sehit/mehmet-demirtas-102270
8d6f9ecef7fee20c66238a09,Mehmet Dönmez,İsmail,P.Er,Muğla,Milas,1930,1953-05-28,Kore Savaşı (1950-1953) Kore Cephesi,Kore Savaşı ve İzleri + ATASE,https://sehitlerimiz.org.tr/sehit/mehmet-donmez-102279
2e5387071b70cadde25d1c4a,Mehmet Düşer,Habib,P.Er,Hatay,Antakya,1930,1953-05-28,Kore Savaşı (1950-1953) Kore Cephesi,Kore Savaşı ve İzleri + ATASE,https://sehitlerimiz.org.tr/sehit/mehmet-duser-102283
b359876a232cf6c9245ab381,Mehmet Göktaş,Mehmet,P.Er,Denizli,Denizli,1931,1953-05-28,Kore Savaşı (1950-1953) Kore Cephesi,Kore Savaşı ve İzleri + ATASE,https://sehitlerimiz.org.tr/sehit/mehmet-goktas-102296
62ec64034c7a6f4dd6914534,Mehmet Gözübüyük,Hasan,P.Er,Çorum,Çorum,1930,1953-05-28,Kore Savaşı (1950-1953) Kore Cephesi,Kore Savaşı ve İzleri + ATASE,https://sehitlerimiz.org.tr/sehit/mehmet-gozubuyuk-102297
af95b34fd4f9a00a369f8f71,Mehmet Güdelek,Selman,P.Er,Kahramanmaraş,Pazarcık,1930,1953-05-28,Kore Savaşı (1950-1953) Kore Cephesi,Kore Savaşı ve İzleri + ATASE,https://sehitlerimiz.org.tr/sehit/mehmet-gudelek-102298
6b626aa95105642b8ef9dc16,Mehmet Sadık Değer,İsmail,P.Er,Mardin,Cizre,1930,1953-05-28,Kore Savaşı (1950-1953) Kore Cephesi,Kore Savaşı ve İzleri + ATASE,https://sehitlerimiz.org.tr/sehit/mehmet-sadik-deger-102264
87b4bffda27597e3bc676952,Mevlüt Pişkin,Kazım,P.Er,Kastamonu,Cide,1930,1953-05-28,Kore Savaşı (1950-1953) Kore Cephesi,Kore Savaşı ve İzleri + ATASE,https://sehitlerimiz.org.tr/sehit/mevlut-piskin-102345
1a2881d20071e24d060b9132,Murat Köse,Bayram,P.Er,Yozgat,Çekerek,1931,1953-05-28,Kore Savaşı (1950-1953) Kore Cephesi,Kore Savaşı ve İzleri + ATASE,https://sehitlerimiz.org.tr/sehit/murat-kose-102324
491ccb8d5806b26a84cdd980,Musa Akduman,Ahmet,P.Er,Bursa,Gemlik,1931,1953-05-28,Kore Savaşı (1950-1953) Kore Cephesi,Kore Savaşı ve İzleri + ATASE,https://sehitlerimiz.org.tr/sehit/musa-akduman-102213
7e6a4a57c087d004bac8a067,Musa Toppınar,Mustafa,P.Er,Adana,Feke,1930,1953-05-28,Kore Savaşı (1950-1953) Kore Cephesi,Kore Savaşı ve İzleri + ATASE,https://sehitlerimiz.org.tr/sehit/musa-toppinar-102367
a937bd59f2aef3a852f7891b,Musa Özcan,Ali,P.Er,Gaziantep,Kale,1930,1953-05-28,Kore Savaşı (1950-1953) Kore Cephesi,Kore Savaşı ve İzleri + ATASE,https://sehitlerimiz.org.tr/sehit/musa-ozcan-102338
54a974ace1c4b458769d2c2f,Mustafa Akbaş,Mehmet,P.Er,İzmir,Ödemiş,1931,1953-05-28,Kore Savaşı (1950-1953) Kore Cephesi,Kore Savaşı ve İzleri + ATASE,https://sehitlerimiz.org.tr/sehit/mustafa-akbas-102211
cf76aba3af20d1a4766fa94a,Mustafa Aslan,Mehmet,P.Er,Hatay,İskenderun,1930,1953-05-28,Kore Savaşı (1950-1953) Kore Cephesi,Kore Savaşı ve İzleri + ATASE,https://sehitlerimiz.org.tr/sehit/mustafa-aslan-102226
87860617e22ee5e9f4d1e939,Mustafa İnan,Hasan,P.Er,Balıkesir,Balya,1931,1953-05-28,Kore Savaşı (1950-1953) Kore Cephesi,Kore Savaşı ve İzleri + ATASE,https://sehitlerimiz.org.tr/sehit/mustafa-inan-102304
ae7ea15f1ec9640f091f01b2,Nazmi Zenginoğlu,Hasan,P.Er,Balıkesir,Gönen,1931,1953-05-28,Kore Savaşı (1950-1953) Kore Cephesi,Kore Savaşı ve İzleri + ATASE,https://sehitlerimiz.org.tr/sehit/nazmi-zenginoglu-102384
fe68758377246d694fd1ad31,Necip Doğan,Nuri,P.Er,Sivas,Hafik,1931,1953-05-28,Kore Savaşı (1950-1953) Kore Cephesi,Kore Savaşı ve İzleri + ATASE,https://sehitlerimiz.org.tr/sehit/necip-dogan-102275
dee00583b3b1693d8fba07db,Nevzat Yiğit,İbrahim,P.Er,Aydın,Aydın,1931,1953-05-28,Kore Savaşı (1950-1953) Kore Cephesi,Kore Savaşı ve İzleri + ATASE,https://sehitlerimiz.org.tr/sehit/nevzat-yigit-102381
a9e85c0ab807fd925c13b304,Nusret Düşenkalkar,Mehmet,P.Er,İzmir,Bergama,1927,1953-05-28,Kore Savaşı (1950-1953) Kore Cephesi,Kore Savaşı ve İzleri + ATASE,https://sehitlerimiz.org.tr/sehit/nusret-dusenkalkar-102282
e993b0aea2287f38b0f212b1,Osman Avcı,Bayram,P.Er,Rize,Rize,1929,1953-05-28,Kore Savaşı (1950-1953) Kore Cephesi,Kore Savaşı ve İzleri + ATASE,https://sehitlerimiz.org.tr/sehit/osman-avci-102232
69074868be432afabad94cb2,Osman Doğan,Mehmet,P.Er,Denizli,Denizli,1931,1953-05-28,Kore Savaşı (1950-1953) Kore Cephesi,Kore Savaşı ve İzleri + ATASE,https://sehitlerimiz.org.tr/sehit/osman-dogan-102274
c9999b53711b8199bfd8fc21,Osman Torun,Murat,P.Er,Yozgat,Çekerek,1930,1953-05-28,Kore Savaşı (1950-1953) Kore Cephesi,Kore Savaşı ve İzleri + ATASE,https://sehitlerimiz.org.tr/sehit/osman-torun-102369
22653aae7893c51c93c10451,Raif Adanur,Ali,P.Er,Muş,Muş,1931,1953-05-28,Kore Savaşı (1950-1953) Kore Cephesi,Kore Savaşı ve İzleri + ATASE,https://sehitlerimiz.org.tr/sehit/raif-adanur-102209
40068d5f0a272a03d04930ce,Rıza Yalçınkaya,Mustafa,P.Er,Sinop,Ayancık,1929,1953-05-28,Kore Savaşı (1950-1953) Kore Cephesi,Kore Savaşı ve İzleri + ATASE,https://sehitlerimiz.org.tr/sehit/riza-yalcinkaya-102376
7bf49e66410a0d4602481dc7,Selahattin Altun,Kazım,P.Er,Muğla,Yatağan,1930,1953-05-28,Kore Savaşı (1950-1953) Kore Cephesi,Kore Savaşı ve İzleri + ATASE,https://sehitlerimiz.org.tr/sehit/selahattin-altun-102220
64583c983d14e015ceb57ffa,Selahattin Çelikiğne,Sait,P.Er,Tekirdağ,Tekirdağ,1930,1953-05-28,Kore Savaşı (1950-1953) Kore Cephesi,Kore Savaşı ve İzleri + ATASE,https://sehitlerimiz.org.tr/sehit/selahattin-celikigne-102263
57bf7257598ee3f7dd5811cb,Süleyman Deveci,Ramazan,P.Er,Gaziantep,İslahiye,1931,1953-05-28,Kore Savaşı (1950-1953) Kore Cephesi,Kore Savaşı ve İzleri + ATASE,https://sehitlerimiz.org.tr/sehit/suleyman-deveci-102271
d86abd99d9dd48bec43afedf,Süleyman Donat,İsmail,P.Er,İzmir,Dikili,1930,1953-05-28,Kore Savaşı (1950-1953) Kore Cephesi,Kore Savaşı ve İzleri + ATASE,https://sehitlerimiz.org.tr/sehit/suleyman-donat-102278
cb81b0c509427849b618b7f4,Veysel Şahin,Mehmet,P.Er,Yozgat,Sorgun,1931,1953-05-28,Kore Savaşı (1950-1953) Kore Cephesi,Kore Savaşı ve İzleri + ATASE,https://sehitlerimiz.org.tr/sehit/veysel-sahin-102356
3411620c43b3253d4ff905f6,Yahya Tekin,S.ahmet,P.Er,Balıkesir,Bigadiç,1931,1953-05-28,Kore Savaşı (1950-1953) Kore Cephesi,Kore Savaşı ve İzleri + ATASE,https://sehitlerimiz.org.tr/sehit/yahya-tekin-102364
98f3ed5f157c46cc506cca14,Yusuf Kavak,Tahir,P.Er,İzmir,Ödemiş,1931,1953-05-28,Kore Savaşı (1950-1953) Kore Cephesi,Kore Savaşı ve İzleri + ATASE,https://sehitlerimiz.org.tr/sehit/yusuf-kavak-102315
c35e0e6c5ec5a39f0393e5ad,Öveyiz Öztürk,Cuma,P.Er,Gaziantep,Oğuzeli,1930,1953-05-28,Kore Savaşı (1950-1953) Kore Cephesi,Kore Savaşı ve İzleri + ATASE,https://sehitlerimiz.org.tr/sehit/oveyiz-ozturk-102342
c21c14b2bb13b3273fe6b15d,İsmail Hakkı Avcı,İbrahim,P.Er,Bursa,İnegöl,1931,1953-05-28,Kore Savaşı (1950-1953) Kore Cephesi,Kore Savaşı ve İzleri + ATASE,https://sehitlerimiz.org.tr/sehit/ismail-hakki-avci-102231
d03706f17e9afeaa1f144c18,İsmail Çelebi,Mustafa,P.Er,Bursa,Orhangazi,1931,1953-05-28,Kore Savaşı (1950-1953) Kore Cephesi,Kore Savaşı ve İzleri + ATASE,https://sehitlerimiz.org.tr/sehit/ismail-celebi-102259
2922e0512b3c3ff80a155cea,İzzet Toprak,Emrullah,P.Er,Kastamonu,Küre,1930,1953-05-28,Kore Savaşı (1950-1953) Kore Cephesi,Kore Savaşı ve İzleri + ATASE,https://sehitlerimiz.org.tr/sehit/izzet-toprak-102368
e414a73ebfdaab0c65c7a64b,İzzet Tosun,İbrahim,P.Er,Aydın,Aydın,1930,1953-05-28,Kore Savaşı (1950-1953) Kore Cephesi,Kore Savaşı ve İzleri + ATASE,https://sehitlerimiz.org.tr/sehit/izzet-tosun-102370
dcc0eb4ce1335f710b519f14,Şehmuz Doğan,Süleyman,P.Er,Mardin,Derik,1931,1953-05-28,Kore Savaşı (1950-1953) Kore Cephesi,Kore Savaşı ve İzleri + ATASE,https://sehitlerimiz.org.tr/sehit/sehmuz-dogan-102276
05176fb4ad2c97721b8a0305,Şerafettin Bayram,İbrahim,P.Er,Bursa,İnegöl,1930,1953-05-28,Kore Savaşı (1950-1953) Kore Cephesi,Kore Savaşı ve İzleri + ATASE,https://sehitlerimiz.org.tr/sehit/serafettin-bayram-102243
c5340aa36d8c529583664803,Abdurrahman Can,Hacı Mehmet,P.Er,Malatya,Darende,1930,1953-05-29,Kore Savaşı (1950-1953) Kore Cephesi,Kore Savaşı ve İzleri + ATASE,https://sehitlerimiz.org.tr/sehit/abdurrahman-can-102252
21ff072d0c95c575a6bfd5f5,Abit Çamlıca,İbrahim,P.Er,Hatay,Reyhanlı,1930,1953-05-29,Kore Savaşı (1950-1953) Kore Cephesi,Kore Savaşı ve İzleri + ATASE,https://sehitlerimiz.org.tr/sehit/abit-camlica-102256
0e19717805be450d3f725b00,Adem Şahin,Cemal,P.Er,Bursa,İnegöl,1931,1953-05-29,Kore Savaşı (1950-1953) Kore Cephesi,Kore Savaşı ve İzleri + ATASE,https://sehitlerimiz.org.tr/sehit/adem-sahin-102354
2f13a9060d688196a8bb0b56,Ahmet Yermez,Mehmet,P.Astsb.Çvş.,Aydın,Karacasu,1928,1953-05-29,Kore Savaşı (1950-1953) Kore Cephesi,Kore Savaşı ve İzleri + ATASE,https://sehitlerimiz.org.tr/sehit/ahmet-yermez-101728
7b7afe55a3feb6768eb4d8ab,Ali Oğan,İbrahim,P.Er,Aydın,Germencik,1930,1953-05-29,Kore Savaşı (1950-1953) Kore Cephesi,Kore Savaşı ve İzleri + ATASE,https://sehitlerimiz.org.tr/sehit/ali-ogan-102330
bdc2fde7692a69138619b9b5,Ali Rıza İyim,Hüseyin,P.Er,İzmir,Bayındır,1930,1953-05-29,Kore Savaşı (1950-1953) Kore Cephesi,Kore Savaşı ve İzleri + ATASE,https://sehitlerimiz.org.tr/sehit/ali-riza-iyim-102306
c481e47a3990e2806fc51362,Ali Selçuk,Fikri,İs.Kd.Bçvş.,Elazığ,Elazığ,1927,1953-05-29,Kore Savaşı (1950-1953) Kore Cephesi,Kore Savaşı ve İzleri + ATASE,https://sehitlerimiz.org.tr/sehit/ali-selcuk-101718
26036445099cbd6d82236618,Arif Mor,Kenan,P.Er,Van,Çatak,1930,1953-05-29,Kore Savaşı (1950-1953) Gaiben Şehitler,Kore Savaşı ve İzleri + ATASE,https://sehitlerimiz.org.tr/sehit/arif-mor-102560
973ee431a41f2df908e1dae6,Bekir Demirel,Bekir,P.Er,Karaman,Karaman,1931,1953-05-29,Kore Savaşı (1950-1953) Kore Cephesi,Kore Savaşı ve İzleri + ATASE,https://sehitlerimiz.org.tr/sehit/bekir-demirel-102267
b885d6ea92aa41bd52f4a1fb,Dursun Aktaş,Hıdır,P.Er,Gümüşhane,Kelkit,1930,1953-05-29,Kore Savaşı (1950-1953) Gaiben Şehitler,Kore Savaşı ve İzleri + ATASE,https://sehitlerimiz.org.tr/sehit/dursun-aktas-102556
dadcb3d2891a149b81584bf0,Ekrem Solak,Recep,P.Er,Amasya,Amasya,1930,1953-05-29,Kore Savaşı (1950-1953) Kore Cephesi,Kore Savaşı ve İzleri + ATASE,https://sehitlerimiz.org.tr/sehit/ekrem-solak-102352
f31b653225d10d351e856e24,Fahri Güngörmüş,Osman,P.Er,Bayburt,Bayburt,1931,1953-05-29,Kore Savaşı (1950-1953) Kore Cephesi,Kore Savaşı ve İzleri + ATASE,https://sehitlerimiz.org.tr/sehit/fahri-gungormus-102300
950c1e9d7d93a75ffbef312e,Faik Yörük,Yusuf,P.Er,Elazığ,Baskil,1930,1953-05-29,Kore Savaşı (1950-1953) Kore Cephesi,Kore Savaşı ve İzleri + ATASE,https://sehitlerimiz.org.tr/sehit/faik-yoruk-102382
ea80c21f0200e6752a6b9b27,Halil Okur,Hasan,P.Er,Bursa,İznik,1931,1953-05-29,Kore Savaşı (1950-1953) Kore Cephesi,Kore Savaşı ve İzleri + ATASE,https://sehitlerimiz.org.tr/sehit/halil-okur-102331
36688c3e24d73574b379dc3c,Hamdi Adsız,Fikri,P.Er,Bayburt,Bayburt,1931,1953-05-29,Kore Savaşı (1950-1953) Kore Cephesi,Kore Savaşı ve İzleri + ATASE,https://sehitlerimiz.org.tr/sehit/hamdi-adsiz-102210
dd094d54c01c66472ab9e556,Hamiş Bozağaç,Hüseyin,P.Er,Hatay,Reyhanlı,1930,1953-05-29,Kore Savaşı (1950-1953) Kore Cephesi,Kore Savaşı ve İzleri + ATASE,https://sehitlerimiz.org.tr/sehit/hamis-bozagac-102249
a294728d41e329f28a741eac,Hanifi Bayır,Mehmet,P.Er,Hatay,İskenderin,1930,1953-05-29,Kore Savaşı (1950-1953) Kore Cephesi,Kore Savaşı ve İzleri + ATASE,https://sehitlerimiz.org.tr/sehit/hanifi-bayir-102240
45744c6b05383ca32781dcd6,Hasan Durdu,Paşa,P.Er,Malatya,Akçadağ,1930,1953-05-29,Kore Savaşı (1950-1953) Kore Cephesi,Kore Savaşı ve İzleri + ATASE,https://sehitlerimiz.org.tr/sehit/hasan-durdu-102281
7f76dd77277b2e639662920b,Hasan Çelik,Mustafa,P.Er,Konya,Cihanbeyli,1931,1953-05-29,Kore Savaşı (1950-1953) Kore Cephesi,Kore Savaşı ve İzleri + ATASE,https://sehitlerimiz.org.tr/sehit/hasan-celik-102262
4d8a0010271664741e7b431f,Hüseyin Eren,Şeref Ali,P.Er,İzmir,Bergama,1931,1953-05-29,Kore Savaşı (1950-1953) Kore Cephesi,Kore Savaşı ve İzleri + ATASE,https://sehitlerimiz.org.tr/sehit/huseyin-eren-102288
ce59560ee18f6a0640ff88fa,Hüseyin Nalcı,Halil İbrahim,P.Er,İzmir,Kiraz,1931,1953-05-29,Kore Savaşı (1950-1953) Kore Cephesi,Kore Savaşı ve İzleri + ATASE,https://sehitlerimiz.org.tr/sehit/huseyin-nalci-102329
3496030bfa7f9da9a4b97972,Hüzüfe Yılmaz,Mustafa,P.Er,Gümüşhane,Şiran,1930,1953-05-29,Kore Savaşı (1950-1953) Kore Cephesi,Kore Savaşı ve İzleri + ATASE,https://sehitlerimiz.org.tr/sehit/huzufe-yilmaz-102379
16fc23405e09628848f3ae29,Kamil Aksu,Şakir,P.Er,İzmir,Ödemiş,1931,1953-05-29,Kore Savaşı (1950-1953) Kore Cephesi,Kore Savaşı ve İzleri + ATASE,https://sehitlerimiz.org.tr/sehit/kamil-aksu-102216
e9fe16cdc88f8562a6e74d00,Mahmut Bozdağ,Yusuf,P.Kd.Ütğm.,Trabzon,Trabzon,1923,1953-05-29,Kore Savaşı (1950-1953) Kore Cephesi,Kore Savaşı ve İzleri + ATASE,https://sehitlerimiz.org.tr/sehit/mahmut-bozdag-101682
265cd217e0ffe9ac529d99a8,Mecit Konuş,Sayit,P.Er,Samsun,Kavak,1931,1953-05-29,Kore Savaşı (1950-1953) Kore Cephesi,Kore Savaşı ve İzleri + ATASE,https://sehitlerimiz.org.tr/sehit/mecit-konus-102322
ff42b6d90b52d5cdb7d769c4,Mehmet Emin Yüksel,Süleyman,P.Er,Aydın,Çine,1930,1953-05-29,Kore Savaşı (1950-1953) Kore Cephesi,Kore Savaşı ve İzleri + ATASE,https://sehitlerimiz.org.tr/sehit/mehmet-emin-yuksel-102383
03e93681837a62d866809d4c,Mehmet Kızıltaş,Tahir,P.Er,Muğla,Milas,1930,1953-05-29,Kore Savaşı (1950-1953) Kore Cephesi,Kore Savaşı ve İzleri + ATASE,https://sehitlerimiz.org.tr/sehit/mehmet-kiziltas-102320
84cd65be22bd70208b245c88,Mehmet Vural,Şakir,P.Er,Hatay,Antakya,1931,1953-05-29,Kore Savaşı (1950-1953) Kore Cephesi,Kore Savaşı ve İzleri + ATASE,https://sehitlerimiz.org.tr/sehit/mehmet-vural-102374
1ac1cc09de195a2763533151,Musa Pehlivan,Hamza,P.Er,Muğla,Bodrum,1928,1953-05-29,Kore Savaşı (1950-1953) Kore Cephesi,Kore Savaşı ve İzleri + ATASE,https://sehitlerimiz.org.tr/sehit/musa-pehlivan-102343
77d34011af7d9688c5f7e939,Mustafa Apan,Mehhmet,P.Er,Hatay,Hassa,1930,1953-05-29,Kore Savaşı (1950-1953) Kore Cephesi,Kore Savaşı ve İzleri + ATASE,https://sehitlerimiz.org.tr/sehit/mustafa-apan-102221
ae180fd5d2d2aab0b0afdc04,Mustafa Arsu,Hamit,P.Er,Hatay,Kırıkhan,1930,1953-05-29,Kore Savaşı (1950-1953) Kore Cephesi,Kore Savaşı ve İzleri + ATASE,https://sehitlerimiz.org.tr/sehit/mustafa-arsu-102224
130cba3e46e49f9f4937b6b2,Mustafa Ateş,Bekir,P.Er,Adana,Karaisalı,1930,1953-05-29,Kore Savaşı (1950-1953) Kore Cephesi,Kore Savaşı ve İzleri + ATASE,https://sehitlerimiz.org.tr/sehit/mustafa-ates-102229
7d3aa53a4049514c84cd96ef,Mustafa Koşan,Hasan,P.Er,Balıkesir,İvrindi,1931,1953-05-29,Kore Savaşı (1950-1953) Kore Cephesi,Kore Savaşı ve İzleri + ATASE,https://sehitlerimiz.org.tr/sehit/mustafa-kosan-102323
fb46225aab48d4a57288320d,Muzaffer İlkten,İbis,P.Er,Bursa,Karacabey,1931,1953-05-29,Kore Savaşı (1950-1953) Kore Cephesi,Kore Savaşı ve İzleri + ATASE,https://sehitlerimiz.org.tr/sehit/muzaffer-ilkten-102303
84a417104440ec9c45e0ce8e,Necati Şimşek,Mehmet,P.Er,Aydın,Aydın,1931,1953-05-29,Kore Savaşı (1950-1953) Kore Cephesi,Kore Savaşı ve İzleri + ATASE,https://sehitlerimiz.org.tr/sehit/necati-simsek-102357
3a9a412914bef0a744891d3e,Osman Bakar,Ali Rıza,P.Er,Muğla,Yatağan,1931,1953-05-29,Kore Savaşı (1950-1953) Kore Cephesi,Kore Savaşı ve İzleri + ATASE,https://sehitlerimiz.org.tr/sehit/osman-bakar-102239
e4c93708bdaf22b1ddc5e9ba,Paşa Baykal,Mehmet,P.Er,Muş,Muş,1931,1953-05-29,Kore Savaşı (1950-1953) Kore Cephesi,Kore Savaşı ve İzleri + ATASE,https://sehitlerimiz.org.tr/sehit/pasa-baykal-102241
fc8bdd5bd3827d37974a62d9,Resul Aydın,Mehmet Ali,P.Er,Elazığ,Maden,1930,1953-05-29,Kore Savaşı (1950-1953) Kore Cephesi,Kore Savaşı ve İzleri + ATASE,https://sehitlerimiz.org.tr/sehit/resul-aydin-102233
232254610ac1504b16a05b04,Salih Aslan,Süleyman,P.Er,Hatay,Antakya,1930,1953-05-29,Kore Savaşı (1950-1953) Kore Cephesi,Kore Savaşı ve İzleri + ATASE,https://sehitlerimiz.org.tr/sehit/salih-aslan-102225
9b04b97d39896c88c78493ea,Salih Ersırma,Osman,P.Er,Karaman,Karaman,1931,1953-05-29,Kore Savaşı (1950-1953) Kore Cephesi,Kore Savaşı ve İzleri + ATASE,https://sehitlerimiz.org.tr/sehit/salih-ersirma-102289
54e3fc9a3a0b224f035aa7fc,Süleyman Birkeser,Kamil,P.Er,Adana,Karşıyaka,1930,1953-05-29,Kore Savaşı (1950-1953) Kore Cephesi,Kore Savaşı ve İzleri + ATASE,https://sehitlerimiz.org.tr/sehit/suleyman-birkeser-102248
f0df664cf9a268152338ece8,Tacettin Özcan,Halil,P.Er,Bartın,Bartın,1930,1953-05-29,Kore Savaşı (1950-1953) Kore Cephesi,Kore Savaşı ve İzleri + ATASE,https://sehitlerimiz.org.tr/sehit/tacettin-ozcan-102339
e1e0c822bc31720a61d21cbe,Tevfik Dinç,İbrahim,P.Er,Adana,Kozan,1931,1953-05-29,Kore Savaşı (1950-1953) Kore Cephesi,Kore Savaşı ve İzleri + ATASE,https://sehitlerimiz.org.tr/sehit/tevfik-dinc-102272
ed8389dd383b6dea9f90d103,Tevfik Hadi Özçelik,İbrahim,P.Er,Mardin,Derik,1930,1953-05-29,Kore Savaşı (1950-1953) Kore Cephesi,Kore Savaşı ve İzleri + ATASE,https://sehitlerimiz.org.tr/sehit/tevfik-hadi-ozcelik-102340
cee16073d982d3db3fbf1546,Tevfik Yılmaz,Veli,P.Er,Bursa,Karacabay,1931,1953-05-29,Kore Savaşı (1950-1953) Kore Cephesi,Kore Savaşı ve İzleri + ATASE,https://sehitlerimiz.org.tr/sehit/tevfik-yilmaz-102378
1b3e870f0b77a6b17370c2ae,Vedat Esen,Ziya,P.Er,İstanbul,Kadıköy,1931,1953-05-29,Kore Savaşı (1950-1953) Gaiben Şehitler,Kore Savaşı ve İzleri + ATASE,https://sehitlerimiz.org.tr/sehit/vedat-esen-102559
8172da7c9287b68e33bfd41a,Veysel Karalı,Kamil,P.Er,Kocaeli,İzmit,1931,1953-05-29,Kore Savaşı (1950-1953) Kore Cephesi,Kore Savaşı ve İzleri + ATASE,https://sehitlerimiz.org.tr/sehit/veysel-karali-102310
f221cb40f67020c7502db296,İbrahim Bulut,Feyyaz,P.Er,Erzurum,Tortum,1930,1953-05-29,Kore Savaşı (1950-1953) Kore Cephesi,Kore Savaşı ve İzleri + ATASE,https://sehitlerimiz.org.tr/sehit/ibrahim-bulut-102251
57848c334945e44fec8832e7,İbrahim Dilsel,Mahmut,P.Er,Mersin,Mersin,1931,1953-05-29,Kore Savaşı (1950-1953) Gaiben Şehitler,Kore Savaşı ve İzleri + ATASE,https://sehitlerimiz.org.tr/sehit/ibrahim-dilsel-102558
8be97820b3bfe8a7aebc35e5,İbrahim Ortak,Mustafa,P.Er,Hatay,Reyhanlı,1931,1953-05-29,Kore Savaşı (1950-1953) Kore Cephesi,Kore Savaşı ve İzleri + ATASE,https://sehitlerimiz.org.tr/sehit/ibrahim-ortak-102333
da52550e2578bf5079fe2c13,İbrahim Polat,Veli,P.Er,Adana,Ceyhan,1930,1953-05-29,Kore Savaşı (1950-1953) Kore Cephesi,Kore Savaşı ve İzleri + ATASE,https://sehitlerimiz.org.tr/sehit/ibrahim-polat-102346
1604cc57704a7ebf08b094af,İsa Demir,Mustafa,P.Er,Afyonkarahisar,Dinar,1931,1953-05-29,Kore Savaşı (1950-1953) Kore Cephesi,Kore Savaşı ve İzleri + ATASE,https://sehitlerimiz.org.tr/sehit/isa-demir-102266
62abe8bc31acaae706c6dad7,İsa Çelik,İbrahim,P.Er,İzmir,Ödemiş,1931,1953-05-29,Kore Savaşı (1950-1953) Kore Cephesi,Kore Savaşı ve İzleri + ATASE,https://sehitlerimiz.org.tr/sehit/isa-celik-102260
4454f01e28bb0e9c1153ca60,İsmail Işkın,Abdurahman,P.Er,Sivas,Hafik,1931,1953-05-29,Kore Savaşı (1950-1953) Kore Cephesi,Kore Savaşı ve İzleri + ATASE,https://sehitlerimiz.org.tr/sehit/ismail-iskin-102302
fd2b5f775c920037c92acfbb,Şahin Karataş,Hüseyin,P.Er,Elazığ,Elazığ,1930,1953-05-29,Kore Savaşı (1950-1953) Kore Cephesi,Kore Savaşı ve İzleri + ATASE,https://sehitlerimiz.org.tr/sehit/sahin-karatas-102311
a597f887747ed85a13ce9480,Şakir Ünal,Satılmış,P.Er,Yozgat,Sorgun,1930,1953-05-29,Kore Savaşı (1950-1953) Kore Cephesi,Kore Savaşı ve İzleri + ATASE,https://sehitlerimiz.org.tr/sehit/sakir-unal-102373
5b52d8213d4afce1fb0d3b93,Tahsin Alabaş,Mustafa,P.Er,Muğla,Muğla,1930,1953-05-30,Kore Savaşı (1950-1953) Gaiben Şehitler,Kore Savaşı ve İzleri + ATASE,https://sehitlerimiz.org.tr/sehit/tahsin-alabas-102557
8904551f1547510492701d57,Zeynel Sepetçi,Hasan,P.Er,Manisa,Turgutlu,1931,1953-06-02,Kore Savaşı (1950-1953) Kore Cephesi,Kore Savaşı ve İzleri + ATASE,https://sehitlerimiz.org.tr/sehit/zeynel-sepetci-102351
26e0e1395e49d06d095572c1,Osman Özaksu,Hasan,P.Er,İzmir,Bergama,1930,1953-06-05,Kore Savaşı (1950-1953) Kore Cephesi,Kore Savaşı ve İzleri + ATASE,https://sehitlerimiz.org.tr/sehit/osman-ozaksu-102336
e684f1858224656e5b5ec526,Hasan Dağlı,Ahmet,P.Er,Kahramanmaraş,Afşin,1931,1953-06-16,Kore Savaşı (1950-1953) Kore Cephesi,Kore Savaşı ve İzleri + ATASE,https://sehitlerimiz.org.tr/sehit/hasan-dagli-102387
7dcfc801941c7d831f7ad4a0,Sadık Öden,Halil,P.Er,Manisa,Salihli,1931,1953-06-17,Kore Savaşı (1950-1953) Kore Cephesi,Kore Savaşı ve İzleri + ATASE,https://sehitlerimiz.org.tr/sehit/sadik-oden-102334
d98f496cf1d2ad67e38cbef0,İbrahim Toy,İsmail,P.Er,Adana,Ulucami,1930,1953-06-22,Kore Savaşı (1950-1953) Kore Cephesi,Kore Savaşı ve İzleri + ATASE,https://sehitlerimiz.org.tr/sehit/ibrahim-toy-102371
ebdc5d5fe7170b75816f4f53,Ali Meral,Yusuf,P.Er,Denizli,Acıpayam,1931,1953-06-26,Kore Savaşı (1950-1953) Kore Cephesi,Kore Savaşı ve İzleri + ATASE,https://sehitlerimiz.org.tr/sehit/ali-meral-102327
2319ea579309d571f1d10764,Yakup Bilir,Hasan,P.Er,Çanakkale,Biga,1931,1953-06-26,Kore Savaşı (1950-1953) Kore Cephesi,Kore Savaşı ve İzleri + ATASE,https://sehitlerimiz.org.tr/sehit/yakup-bilir-102247
ff4b4ba06a05fd648773b171,Sabri Akan,Kasım,P.Er,Hatay,Samandağı,1930,1953-06-28,Kore Savaşı (1950-1953) Gaiben Şehitler,Kore Savaşı ve İzleri + ATASE,https://sehitlerimiz.org.tr/sehit/sabri-akan-102561
3b5f2918462992db61612dbc,Zülkar Esen,Aliş,P.Er,Adana,Kozan,1931,1953-06-28,Kore Savaşı (1950-1953) Kore Cephesi,Kore Savaşı ve İzleri + ATASE,https://sehitlerimiz.org.tr/sehit/zulkar-esen-102290
645b031f2aed28faa4a848e0,İspir Biçer,Mikayil,P.Er,Hatay,Antakya,1930,1953-07-03,Kore Savaşı (1950-1953) Kore Cephesi,Kore Savaşı ve İzleri + ATASE,https://sehitlerimiz.org.tr/sehit/ispir-bicer-102246
fd4768dbaddde23dc5012c1b,Fahrettin Sözmen,Mehmet Ali,Ord.Tekns.Bçvş.,Malatya,Malatya,1928,1953-07-08,Kore Savaşı (1950-1953) Kore Cephesi,Kore Savaşı ve İzleri + ATASE,https://sehitlerimiz.org.tr/sehit/fahrettin-sozmen-101722
7fd59a55c2b8ed2eaeda4324,Mehmet Şerif Şumnu,Hüseyin Hüsnü,Top.Ütğm.,Sinop,Meydankapı,1924,1953-07-08,Kore Savaşı (1950-1953) Kore Cephesi,Kore Savaşı ve İzleri + ATASE,https://sehitlerimiz.org.tr/sehit/mehmet-serif-sumnu-101694
74c2646696dfd00668d629a6,İsmail Eryurt,Mehmet,P.Er,Amasya,Taşova,1931,1953-08-08,Kore Savaşı (1950-1953) Kore Cephesi,Kore Savaşı ve İzleri + ATASE,https://sehitlerimiz.org.tr/sehit/ismail-eryurt-102390
3214d2f7f3df128db753228b,Ayhan Demirhanöz,Ahmet,P.Er,İzmir,Kemeraltı,1931,1953-09-23,Kore Savaşı (1950-1953) Kore Cephesi,Kore Savaşı ve İzleri + ATASE,https://sehitlerimiz.org.tr/sehit/ayhan-demirhanoz-102389
9bb748e4e35b6dc6dfa34765,Mustafa Dana,Sait,P.Er,Gaziantep,Gaziantep,1931,1953-09-27,Kore Savaşı (1950-1953) Kore Cephesi,Kore Savaşı ve İzleri + ATASE,https://sehitlerimiz.org.tr/sehit/mustafa-dana-102388
89224e1a68b207d08a2d90cb,Asaf Sasaoğlu,Abdülvahap,P.Er,Hatay,Antakya,1930,1953-11-02,Kore Savaşı (1950-1953) Kore Cephesi,Kore Savaşı ve İzleri + ATASE,https://sehitlerimiz.org.tr/sehit/asaf-sasaoglu-102348
ab23763dba1dc3b88a03665e,Hasan Yeni,Ömer,P.Er,Adana,Kozan,1931,1953-11-16,Kore Savaşı (1950-1953) Kore Cephesi,Kore Savaşı ve İzleri + ATASE,https://sehitlerimiz.org.tr/sehit/hasan-yeni-102395
2ce36c7673b19795120fc1af,Ali Yılmaz,İbrahim,P.Er,Aydın,Çine,1930,1953-11-21,Kore Savaşı (1950-1953) Kore Cephesi,Kore Savaşı ve İzleri + ATASE,https://sehitlerimiz.org.tr/sehit/ali-yilmaz-102380
05a7b21b0fbd2f23a1ff4148,Abdurrahman Şaşmaz,Mehmet,P.Er,Adıyaman,Şavşat,1932,1953-11-29,Kore Savaşı (1950-1953) Kore Cephesi,Kore Savaşı ve İzleri + ATASE,https://sehitlerimiz.org.tr/sehit/abdurrahman-sasmaz-102394
10cbe230c283af302fd01ee5,Nazmi Karatay,İshak,P.Er,Eskişehir,Porsuk,1931,1954-01-02,Kore Savaşı (1950-1953) Kore Cephesi,Kore Savaşı ve İzleri + ATASE,https://sehitlerimiz.org.tr/sehit/nazmi-karatay-102391
7f36ff76b3ea8f3e5a98fa9a,Emrullah Ak,Osman,P.Er,Bursa,M.kemalpaşa,1932,1954-01-15,Kore Savaşı (1950-1953) Kore Cephesi,Kore Savaşı ve İzleri + ATASE,https://sehitlerimiz.org.tr/sehit/emrullah-ak-102386
f3aae9e840a0843b52f0acde,Sadettin Özcan,Bekir,P.Er,Kırklareli,Kırklareli,1932,1954-01-20,Kore Savaşı (1950-1953) Kore Cephesi,Kore Savaşı ve İzleri + ATASE,https://sehitlerimiz.org.tr/sehit/sadettin-ozcan-102393
6f405a24ef911d0e8787776a,Kemalettin Kuyumcu,Fahri,P.Er,Bilecik,Bozüyük,1932,1954-07-10,Kore Savaşı (1950-1953) Kore Cephesi,Kore Savaşı ve İzleri + ATASE,https://sehitlerimiz.org.tr/sehit/kemalettin-kuyumcu-102392
e9880daabe374147c7fec5ef,Ahmet Sabahattin Bürkev,Mehmet Salih,P.Yzb.,İstanbul,Beyoğlu,1924,1959-09-14,Kore Savaşı (1950-1953) Kore Cephesi,Kore Savaşı ve İzleri + ATASE,https://sehitlerimiz.org.tr/sehit/ahmet-sabahattin-burkev-101680
e4ec07ca20f0179c65476a64,Ahmet Anaklı,,Polis Memuru,Çorum,,,1968-11-03,Polis Şehidi,Çorum İl Emniyet Müdürlüğü,https://sehitlerimiz.org.tr/sehit/ahmet-anakli-103020
2503c5b8074266745e7eb892,Veli Karaçay,,Polis Memuru,Kayseri,,,1971-01-21,Polis Şehidi,Çorum İl Emniyet Müdürlüğü,https://sehitlerimiz.org.tr/sehit/veli-karacay-103019
dc13ae3e5c12d219716e7581,Bahadır Demir,,Los Angeles Başkonsolosluğu Konsolosu,,,,1973-01-27,Terörle Mücadele,Dışişleri Bakanlığı — Şehit Diplomatlarımız,https://sehitlerimiz.org.tr/sehit/bahadir-demir-104232
3660911186661fec585cc518,Mehmet Baydar,,Los Angeles Başkonsolosu,,,,1973-01-27,Terörle Mücadele,Dışişleri Bakanlığı — Şehit Diplomatlarımız,https://sehitlerimiz.org.tr/sehit/mehmet-baydar-104231
a6dce870a89af2fa170b54d1,Adem Acar,,Piyade Er,Bolu,Bolu,,1974-05-29,,Bolu Valiliği — Şehit ve Gazilerimiz,https://sehitlerimiz.org.tr/sehit/adem-acar-102658
d5bafcc8f3aae59e3f6ed23b,Abidin Aktepe,,Jandarma Er,Sivas,"Sivas, Gürün",,1974-06-21,Diğer,Gürün Kaymakamlığı — Şehit ve Gazilerimiz,https://sehitlerimiz.org.tr/sehit/abidin-aktepe-104193
3f9a68bdf870738cc01080ea,Hasan Çelik,,P.Er.,Çorum,"Çorum, Sungurlu",1953,1974-07-14,Kıbrıs Barış Harekâtı (1974),Türkiye Muharip Gaziler Derneği (E.P.Alb. Mehmet Şükrü Tandoğan Arşivi),https://sehitlerimiz.org.tr/sehit/hasan-celik-103300
d7fd314abc04e9c6abb6b1c5,Türker Aydın,,Hv.Plt.Ütğm.,Manisa,Manisa,1949,1974-07-18,Kıbrıs Barış Harekâtı (1974),Türkiye Muharip Gaziler Derneği (E.P.Alb. Mehmet Şükrü Tandoğan Arşivi),https://sehitlerimiz.org.tr/sehit/turker-aydin-103653
3aa76f12d66d724dc62cddb1,Ahmet Ersoy,,Dz.Svl.İşçi,Mersin,"Mersin, İçel",1949,1974-07-19,Kıbrıs Barış Harekâtı (1974),Türkiye Muharip Gaziler Derneği (E.P.Alb. Mehmet Şükrü Tandoğan Arşivi),https://sehitlerimiz.org.tr/sehit/ahmet-ersoy-103649
050f233fb69c89bc4c8adb12,Abdullah Altındağ,,P.Er.,Kırklareli,"Kırklareli, Lüleburgaz",1953,1974-07-20,Kıbrıs Barış Harekâtı (1974),Türkiye Muharip Gaziler Derneği (E.P.Alb. Mehmet Şükrü Tandoğan Arşivi),https://sehitlerimiz.org.tr/sehit/abdullah-altindag-103240
09425fb71f47c121a9c78e9e,Abdullah Ömür,,P.Er.,Sakarya,"Sakarya, Adapazarı",1953,1974-07-20,Kıbrıs Barış Harekâtı (1974),Türkiye Muharip Gaziler Derneği (E.P.Alb. Mehmet Şükrü Tandoğan Arşivi),https://sehitlerimiz.org.tr/sehit/abdullah-omur-103464
09990d611586a3f22d22398c,Adem Erim,,P.Er.,Konya,Konya,1953,1974-07-20,Kıbrıs Barış Harekâtı (1974),Türkiye Muharip Gaziler Derneği (E.P.Alb. Mehmet Şükrü Tandoğan Arşivi),https://sehitlerimiz.org.tr/sehit/adem-erim-103356
ed079f61ad8f6a59109cf144,Ali Alpaslan,,P.Çvş.,Kütahya,"Kütahya, Tavşanlı",1950,1974-07-20,Kıbrıs Barış Harekâtı (1974),Türkiye Muharip Gaziler Derneği (E.P.Alb. Mehmet Şükrü Tandoğan Arşivi),https://sehitlerimiz.org.tr/sehit/ali-alpaslan-103234
37bc5c443f10e74a8e89b094,Ali Yanatma,,Dz.P.Er.,Muğla,Muğla,1954,1974-07-20,Kıbrıs Barış Harekâtı (1974),Türkiye Muharip Gaziler Derneği (E.P.Alb. Mehmet Şükrü Tandoğan Arşivi),https://sehitlerimiz.org.tr/sehit/ali-yanatma-103639
1a80649ddfe04d22829e4f5d,Bayram Gümüş,,Mu.Tek.Kd.Bçvş.,Ordu,Ordu,1944,1974-07-20,Kıbrıs Barış Harekâtı (1974),Türkiye Muharip Gaziler Derneği (E.P.Alb. Mehmet Şükrü Tandoğan Arşivi),https://sehitlerimiz.org.tr/sehit/bayram-gumus-103220
476f53b20dab05d8de5f1733,Bulduk Polat,,Top.Er.,Yozgat,Yozgat,1953,1974-07-20,Kıbrıs Barış Harekâtı (1974),Türkiye Muharip Gaziler Derneği (E.P.Alb. Mehmet Şükrü Tandoğan Arşivi),https://sehitlerimiz.org.tr/sehit/bulduk-polat-103477
224e04fd99dd95f6db270695,Celal Bekiroğlu,,Yd.P.Atğm.,Kars,Kars,1942,1974-07-20,Kıbrıs Barış Harekâtı (1974),Türkiye Muharip Gaziler Derneği (E.P.Alb. Mehmet Şükrü Tandoğan Arşivi),https://sehitlerimiz.org.tr/sehit/celal-bekiroglu-103198
0926aaf949d431b73112f22d,Cumhur Yüzlü,,P.Er.,Sakarya,"Sakarya, Hendek",1953,1974-07-20,Kıbrıs Barış Harekâtı (1974),Türkiye Muharip Gaziler Derneği (E.P.Alb. Mehmet Şükrü Tandoğan Arşivi),https://sehitlerimiz.org.tr/sehit/cumhur-yuzlu-103563
451fe01441f265d1899b7a50,Dursun Özsaraç,,P.Kd.Yzb.,Amasya,"Amasya, Merzifon",1937,1974-07-20,Kıbrıs Barış Harekâtı (1974),Türkiye Muharip Gaziler Derneği (E.P.Alb. Mehmet Şükrü Tandoğan Arşivi),https://sehitlerimiz.org.tr/sehit/dursun-ozsarac-103176
389c6d183ec8056476781683,Efrahim Kotan,,P.Çvş.,Bursa,"Bursa, Karacabey",1953,1974-07-20,Kıbrıs Barış Harekâtı (1974),Türkiye Muharip Gaziler Derneği (E.P.Alb. Mehmet Şükrü Tandoğan Arşivi),https://sehitlerimiz.org.tr/sehit/efrahim-kotan-103406
ce7e56d1e13477dc52935212,Filiz Okandan,,P.Çvş.,Tekirdağ,Tekirdağ,1953,1974-07-20,Kıbrıs Barış Harekâtı (1974),Türkiye Muharip Gaziler Derneği (E.P.Alb. Mehmet Şükrü Tandoğan Arşivi),https://sehitlerimiz.org.tr/sehit/filiz-okandan-103461
92e43a16397e6ce522bde84f,Galip Taş,,P.Çvş.,Kütahya,"Kütahya, Tavşanlı",1953,1974-07-20,Kıbrıs Barış Harekâtı (1974),Türkiye Muharip Gaziler Derneği (E.P.Alb. Mehmet Şükrü Tandoğan Arşivi),https://sehitlerimiz.org.tr/sehit/galip-tas-103530
48915673a72ed3064421bde9,Halim Soylu,,P.Er.,Düzce,Düzce,1953,1974-07-20,Kıbrıs Barış Harekâtı (1974),Türkiye Muharip Gaziler Derneği (E.P.Alb. Mehmet Şükrü Tandoğan Arşivi),https://sehitlerimiz.org.tr/sehit/halim-soylu-103508
227054456445e6401b7c9ba4,Harun Köse,,Dz.P.Onb.,Samsun,Samsun,1953,1974-07-20,Kıbrıs Barış Harekâtı (1974),Türkiye Muharip Gaziler Derneği (E.P.Alb. Mehmet Şükrü Tandoğan Arşivi),https://sehitlerimiz.org.tr/sehit/harun-kose-103643
8bc5b35c2de14ec087fff2f9,Hasan Sies,,P.Er.,Kastamonu,Kastamonu,1953,1974-07-20,Kıbrıs Barış Harekâtı (1974),Türkiye Muharip Gaziler Derneği (E.P.Alb. Mehmet Şükrü Tandoğan Arşivi),https://sehitlerimiz.org.tr/sehit/hasan-sies-103486
041f1a26bc5ea37c8c521642,Hikmet Koman,,Top.Çvş.,Kars,"Kars, Kağızman",1953,1974-07-20,Kıbrıs Barış Harekâtı (1974),Türkiye Muharip Gaziler Derneği (E.P.Alb. Mehmet Şükrü Tandoğan Arşivi),https://sehitlerimiz.org.tr/sehit/hikmet-koman-103404
7c264df7bffe464f76289b75,Hüseyin Ersoy,,Dz.P.Er.,Kocaeli,"Kocaeli, İzmit",1953,1974-07-20,Kıbrıs Barış Harekâtı (1974),Türkiye Muharip Gaziler Derneği (E.P.Alb. Mehmet Şükrü Tandoğan Arşivi),https://sehitlerimiz.org.tr/sehit/huseyin-ersoy-103640
f32580e3f6c60682a4091acf,Hüseyin Kaşıkçıoğlu,,P.Er.,İzmir,"İzmir, Ödemiş",1953,1974-07-20,Kıbrıs Barış Harekâtı (1974),Türkiye Muharip Gaziler Derneği (E.P.Alb. Mehmet Şükrü Tandoğan Arşivi),https://sehitlerimiz.org.tr/sehit/huseyin-kasikcioglu-103414
7d8db3908843d161110de2f1,Kasım Sungur,,P.Er.,Sivas,"Sivas, Yıldızeli",1954,1974-07-20,Kıbrıs Barış Harekâtı (1974),Türkiye Muharip Gaziler Derneği (E.P.Alb. Mehmet Şükrü Tandoğan Arşivi),https://sehitlerimiz.org.tr/sehit/kasim-sungur-103500
aacae707c82b1870ef15a13d,Kasım Çelik,,P.Er.,Sivas,"Sivas, Suşehri",1953,1974-07-20,Kıbrıs Barış Harekâtı (1974),Türkiye Muharip Gaziler Derneği (E.P.Alb. Mehmet Şükrü Tandoğan Arşivi),https://sehitlerimiz.org.tr/sehit/kasim-celik-103312
0395261d81cce04ce6e7b59e,Kemal Ceylan,,P.Er.,Yozgat,Yozgat,1953,1974-07-20,Kıbrıs Barış Harekâtı (1974),Türkiye Muharip Gaziler Derneği (E.P.Alb. Mehmet Şükrü Tandoğan Arşivi),https://sehitlerimiz.org.tr/sehit/kemal-ceylan-103298
e2eceaac1e12defd68e029fd,Kemal Yapar,,P.Kd.Bçvş.,Mersin,"Mersin, Anamur",1943,1974-07-20,Kıbrıs Barış Harekâtı (1974),Türkiye Muharip Gaziler Derneği (E.P.Alb. Mehmet Şükrü Tandoğan Arşivi),https://sehitlerimiz.org.tr/sehit/kemal-yapar-103204
3ed2246d1ee374ec49af079a,Kenan Çepni,,Dz.P.Onb.,Trabzon,Trabzon,1953,1974-07-20,Kıbrıs Barış Harekâtı (1974),Türkiye Muharip Gaziler Derneği (E.P.Alb. Mehmet Şükrü Tandoğan Arşivi),https://sehitlerimiz.org.tr/sehit/kenan-cepni-103642
8e0b511c8a9b2063342e29c6,Mehmet Emik,,Top.Er.,Tunceli,"Tunceli, Pertek",1953,1974-07-20,Kıbrıs Barış Harekâtı (1974),Türkiye Muharip Gaziler Derneği (E.P.Alb. Mehmet Şükrü Tandoğan Arşivi),https://sehitlerimiz.org.tr/sehit/mehmet-emik-103351
aaf60f690f9b097c52717850,Mehmet Güneş,,Tnk.Onb.,Şanlıurfa,"Şanlıurfa, Urfa",1954,1974-07-20,Kıbrıs Barış Harekâtı (1974),Türkiye Muharip Gaziler Derneği (E.P.Alb. Mehmet Şükrü Tandoğan Arşivi),https://sehitlerimiz.org.tr/sehit/mehmet-gunes-103376
4d9cc45f3595a4d69eae1b7a,Mehmet Karaca,,P.Er.,Malatya,"Malatya, Hekimhan",1953,1974-07-20,Kıbrıs Barış Harekâtı (1974),Türkiye Muharip Gaziler Derneği (E.P.Alb. Mehmet Şükrü Tandoğan Arşivi),https://sehitlerimiz.org.tr/sehit/mehmet-karaca-103447
2f0544e86741a07ec2508cfb,Mehmet Macit,,Tnk.Kd.Bçvş.,Gümüşhane,Gümüşhane,1943,1974-07-20,Kıbrıs Barış Harekâtı (1974),Türkiye Muharip Gaziler Derneği (E.P.Alb. Mehmet Şükrü Tandoğan Arşivi),https://sehitlerimiz.org.tr/sehit/mehmet-macit-103215
8ccf5f56fab2fe308092d54d,Mehmet Özdemir,,P.Er.,Bursa,"Bursa, Mustafakemalpaşa",1954,1974-07-20,Kıbrıs Barış Harekâtı (1974),Türkiye Muharip Gaziler Derneği (E.P.Alb. Mehmet Şükrü Tandoğan Arşivi),https://sehitlerimiz.org.tr/sehit/mehmet-ozdemir-103689
a13fe63d52eab27038f32e17,Mustafa Girgin,,Sıh.Er.,Bursa,"Bursa, Mustafakemalpaşa",1953,1974-07-20,Kıbrıs Barış Harekâtı (1974),Türkiye Muharip Gaziler Derneği (E.P.Alb. Mehmet Şükrü Tandoğan Arşivi),https://sehitlerimiz.org.tr/sehit/mustafa-girgin-103681
f8769aa92c43c695c2429a84,Mustafa Koçer,,P.Er.,Ankara,Ankara,1953,1974-07-20,Kıbrıs Barış Harekâtı (1974),Türkiye Muharip Gaziler Derneği (E.P.Alb. Mehmet Şükrü Tandoğan Arşivi),https://sehitlerimiz.org.tr/sehit/mustafa-kocer-103407
3c4d4778c7ff72379ab0ddf8,Mustafa İleli,,P.Er.,Trabzon,"Trabzon, Akçaabat",1953,1974-07-20,Kıbrıs Barış Harekâtı (1974),Türkiye Muharip Gaziler Derneği (E.P.Alb. Mehmet Şükrü Tandoğan Arşivi),https://sehitlerimiz.org.tr/sehit/mustafa-ileli-103387
74b55a924d56d759ea2b2121,Necmettin İnan,,P.Er.,Erzincan,Erzincan,1953,1974-07-20,Kıbrıs Barış Harekâtı (1974),Türkiye Muharip Gaziler Derneği (E.P.Alb. Mehmet Şükrü Tandoğan Arşivi),https://sehitlerimiz.org.tr/sehit/necmettin-inan-103388
c75656ddc2cf4bb0a8f7ec05,Recep Aldıkaçtı,,Dz.P.Er.,Çanakkale,Çanakkale,1954,1974-07-20,Kıbrıs Barış Harekâtı (1974),Türkiye Muharip Gaziler Derneği (E.P.Alb. Mehmet Şükrü Tandoğan Arşivi),https://sehitlerimiz.org.tr/sehit/recep-aldikacti-103638
db582b23b62417cb4a4061a4,Refik Cesur,,Top.Yrb.,Aydın,Aydın,1931,1974-07-20,Kıbrıs Barış Harekâtı (1974),Türkiye Muharip Gaziler Derneği (E.P.Alb. Mehmet Şükrü Tandoğan Arşivi),https://sehitlerimiz.org.tr/sehit/refik-cesur-103188
6c4635b56f453e1b765a861f,Sami Akbulut,,P.Kd.Yzb.,İzmir,"İzmir, Dikili",1940,1974-07-20,Kıbrıs Barış Harekâtı (1974),Türkiye Muharip Gaziler Derneği (E.P.Alb. Mehmet Şükrü Tandoğan Arşivi),https://sehitlerimiz.org.tr/sehit/sami-akbulut-103174
9aa4747b8b4d28b9394e0926,Süleyman Aydınlı,,P.Er.,Bayburt,Bayburt,1953,1974-07-20,Kıbrıs Barış Harekâtı (1974),Türkiye Muharip Gaziler Derneği (E.P.Alb. Mehmet Şükrü Tandoğan Arşivi),https://sehitlerimiz.org.tr/sehit/suleyman-aydinli-103236
9202532c78d63c3faa025d98,Tevfik Uğur,,Sıh.Er.,Manisa,"Manisa, Kula",1953,1974-07-20,Kıbrıs Barış Harekâtı (1974),Türkiye Muharip Gaziler Derneği (E.P.Alb. Mehmet Şükrü Tandoğan Arşivi),https://sehitlerimiz.org.tr/sehit/tevfik-ugur-103547
68ed1c176ed8d30bc3cf314c,Vehbi Ercan,,Hv.Plt.Bnb.,Balıkesir,Balıkesir,1935,1974-07-20,Kıbrıs Barış Harekâtı (1974),Türkiye Muharip Gaziler Derneği (E.P.Alb. Mehmet Şükrü Tandoğan Arşivi),https://sehitlerimiz.org.tr/sehit/vehbi-ercan-103650
bee6e681b3cfd990dd4a93f1,Zeki Alpsoley,,Mu.Çvş.,Bursa,Bursa,1953,1974-07-20,Kıbrıs Barış Harekâtı (1974),Türkiye Muharip Gaziler Derneği (E.P.Alb. Mehmet Şükrü Tandoğan Arşivi),https://sehitlerimiz.org.tr/sehit/zeki-alpsoley-103226
f829c13412a3452da68cbcdf,Ülkü Akbulut,,Mu.Er.,Giresun,Giresun,1953,1974-07-20,Kıbrıs Barış Harekâtı (1974),Türkiye Muharip Gaziler Derneği (E.P.Alb. Mehmet Şükrü Tandoğan Arşivi),https://sehitlerimiz.org.tr/sehit/ulku-akbulut-103231
2ce31c38b9f70e54a452a6e4,İlker Karter,,Hv.Plt.Kd.Ütğm.,Eskişehir,Eskişehir,1943,1974-07-20,Kıbrıs Barış Harekâtı (1974),Türkiye Muharip Gaziler Derneği (E.P.Alb. Mehmet Şükrü Tandoğan Arşivi),https://sehitlerimiz.org.tr/sehit/ilker-karter-103651
c5ab63cb997c3e29866823cd,İzzet Tuncer,,P.Er.,Sivas,Sivas,1953,1974-07-20,Kıbrıs Barış Harekâtı (1974),Türkiye Muharip Gaziler Derneği (E.P.Alb. Mehmet Şükrü Tandoğan Arşivi),https://sehitlerimiz.org.tr/sehit/izzet-tuncer-103541
9d8cd00a536be0ba3f68ac27,Şakir Cezayir,,Yd.P.Atğm.,Aydın,Aydın,1946,1974-07-20,Kıbrıs Barış Harekâtı (1974),Türkiye Muharip Gaziler Derneği (E.P.Alb. Mehmet Şükrü Tandoğan Arşivi),https://sehitlerimiz.org.tr/sehit/sakir-cezayir-103193
542152e04db987a74ef830e5,A.haydar Saban,,P.Kd.Bçvş.,Tunceli,"Tunceli, Hozat",1948,1974-07-21,Kıbrıs Barış Harekâtı (1974),Türkiye Muharip Gaziler Derneği (E.P.Alb. Mehmet Şükrü Tandoğan Arşivi),https://sehitlerimiz.org.tr/sehit/a-haydar-saban-103205
dc02de68e8d288136d93f06d,Abdullah Hayran,,İs.Er.,Sivas,Sivas,1953,1974-07-21,Kıbrıs Barış Harekâtı (1974),Türkiye Muharip Gaziler Derneği (E.P.Alb. Mehmet Şükrü Tandoğan Arşivi),https://sehitlerimiz.org.tr/sehit/abdullah-hayran-103383
e5c43a0e61eb1bcfd7831827,Abdullah Yıldız,,Dz.Çrk.Er.,Muğla,Muğla,1954,1974-07-21,Kıbrıs Barış Harekâtı (1974),Türkiye Muharip Gaziler Derneği (E.P.Alb. Mehmet Şükrü Tandoğan Arşivi),https://sehitlerimiz.org.tr/sehit/abdullah-yildiz-103718
ed802bb77d62876605bedb90,Adnan Mavidemir,,Mk.Kzn.Asb.Çvş.,Elazığ,Elazığ,1952,1974-07-21,Kıbrıs Barış Harekâtı (1974),Türkiye Muharip Gaziler Derneği (E.P.Alb. Mehmet Şükrü Tandoğan Arşivi),https://sehitlerimiz.org.tr/sehit/adnan-mavidemir-103709
c3164071f74f79e4cd750111,Adnan Yıldız,,Sıh.Er.,Bursa,"Bursa, Mustafakemalpaşa",1953,1974-07-21,Kıbrıs Barış Harekâtı (1974),Türkiye Muharip Gaziler Derneği (E.P.Alb. Mehmet Şükrü Tandoğan Arşivi),https://sehitlerimiz.org.tr/sehit/adnan-yildiz-103693
77dcccd71947f59514eea2a8,Ahmet Pekdemir,,P.Astb.Çvş.,Çorum,"Çorum, Mecidözü",1951,1974-07-21,Kıbrıs Barış Harekâtı (1974),Türkiye Muharip Gaziler Derneği (E.P.Alb. Mehmet Şükrü Tandoğan Arşivi),https://sehitlerimiz.org.tr/sehit/ahmet-pekdemir-103208
ac820cd61a5b6c96f7cb9612,Ahmet Uğur,,Dz.Trp.Er.,Zonguldak,Zonguldak,1953,1974-07-21,Kıbrıs Barış Harekâtı (1974),Türkiye Muharip Gaziler Derneği (E.P.Alb. Mehmet Şükrü Tandoğan Arşivi),https://sehitlerimiz.org.tr/sehit/ahmet-ugur-103745
f6b1d0a5bd60bec9a1b47b86,Ahmet Özkan,,P.Er.,Edirne,"Edirne, Keşan",1954,1974-07-21,Kıbrıs Barış Harekâtı (1974),Türkiye Muharip Gaziler Derneği (E.P.Alb. Mehmet Şükrü Tandoğan Arşivi),https://sehitlerimiz.org.tr/sehit/ahmet-ozkan-103459
0ac96f4dbc64318c977e74ae,Ali Aktaş,,P.Er.,Ankara,Ankara,1954,1974-07-21,Kıbrıs Barış Harekâtı (1974),Türkiye Muharip Gaziler Derneği (E.P.Alb. Mehmet Şükrü Tandoğan Arşivi),https://sehitlerimiz.org.tr/sehit/ali-aktas-103256
b8a68e2cea911635f26f857e,Ali Borçin,,P.Er.,Afyonkarahisar,"Afyonkarahisar, Sincanlı",1954,1974-07-21,Kıbrıs Barış Harekâtı (1974),Türkiye Muharip Gaziler Derneği (E.P.Alb. Mehmet Şükrü Tandoğan Arşivi),https://sehitlerimiz.org.tr/sehit/ali-borcin-103276
fdbeee2f6859c97045aaae6c,Ali Erdemir,,P.Astb.Çvş.,Denizli,"Denizli, Çal",1954,1974-07-21,Kıbrıs Barış Harekâtı (1974),Türkiye Muharip Gaziler Derneği (E.P.Alb. Mehmet Şükrü Tandoğan Arşivi),https://sehitlerimiz.org.tr/sehit/ali-erdemir-103212
db58469bbfa4a5344fbcc522,Ali Koken,,P.Çvş.,Kayseri,Kayseri,1953,1974-07-21,Kıbrıs Barış Harekâtı (1974),Türkiye Muharip Gaziler Derneği (E.P.Alb. Mehmet Şükrü Tandoğan Arşivi),https://sehitlerimiz.org.tr/sehit/ali-koken-103687
0199c0647c85d20461b0443d,Ali Nihat Gerede,,Dz.Top.Er.,Bursa,"Bursa, Mudanya",1953,1974-07-21,Kıbrıs Barış Harekâtı (1974),Türkiye Muharip Gaziler Derneği (E.P.Alb. Mehmet Şükrü Tandoğan Arşivi),https://sehitlerimiz.org.tr/sehit/ali-nihat-gerede-103736
1a9a48653c44116ee83abfd1,Ali Türkmen,,Dz.Trp.Er.,Hatay,"Hatay, İskenderun",1953,1974-07-21,Kıbrıs Barış Harekâtı (1974),Türkiye Muharip Gaziler Derneği (E.P.Alb. Mehmet Şükrü Tandoğan Arşivi),https://sehitlerimiz.org.tr/sehit/ali-turkmen-103730
08f352b38da1a95d3eef5e55,Asım Özdemir,,Dz.Vard.Er.,Muğla,Muğla,1953,1974-07-21,Kıbrıs Barış Harekâtı (1974),Türkiye Muharip Gaziler Derneği (E.P.Alb. Mehmet Şükrü Tandoğan Arşivi),https://sehitlerimiz.org.tr/sehit/asim-ozdemir-103748
15eaf8ae1754537d41f9999c,Ayhan İncekara,,Güv.Top.Asb.Üçvş.,İzmir,İzmir,1948,1974-07-21,Kıbrıs Barış Harekâtı (1974),Türkiye Muharip Gaziler Derneği (E.P.Alb. Mehmet Şükrü Tandoğan Arşivi),https://sehitlerimiz.org.tr/sehit/ayhan-incekara-103702
a633b0565df11614e44c5ce9,Bayram Gündüz,,P.Er.,Afyonkarahisar,"Afyonkarahisar, Afyon",1953,1974-07-21,Kıbrıs Barış Harekâtı (1974),Türkiye Muharip Gaziler Derneği (E.P.Alb. Mehmet Şükrü Tandoğan Arşivi),https://sehitlerimiz.org.tr/sehit/bayram-gunduz-103372
fc287818f84c65dea45835a5,Bektaş Kocakafa,,Dz.Top.Er.,Çanakkale,Çanakkale,1953,1974-07-21,Kıbrıs Barış Harekâtı (1974),Türkiye Muharip Gaziler Derneği (E.P.Alb. Mehmet Şükrü Tandoğan Arşivi),https://sehitlerimiz.org.tr/sehit/bektas-kocakafa-103729
469d6869a2ecfd4faf514c8d,Caner Gönyeli,,Dz.Tğm.,,,1947,1974-07-21,Kıbrıs Barış Harekâtı (1974),Türkiye Muharip Gaziler Derneği (E.P.Alb. Mehmet Şükrü Tandoğan Arşivi),https://sehitlerimiz.org.tr/sehit/caner-gonyeli-103698
54690b48dafd6b8559cf0734,Cemal Yurdumgüzel,,P.Üçvş.,Tokat,"Tokat, Niksar",1950,1974-07-21,Kıbrıs Barış Harekâtı (1974),Türkiye Muharip Gaziler Derneği (E.P.Alb. Mehmet Şükrü Tandoğan Arşivi),https://sehitlerimiz.org.tr/sehit/cemal-yurdumguzel-103206
ab0be9bf2363b9823ce7f37e,Cemal Yılmazsoy,,Dz.Tlsz.Er.,Antalya,Antalya,1953,1974-07-21,Kıbrıs Barış Harekâtı (1974),Türkiye Muharip Gaziler Derneği (E.P.Alb. Mehmet Şükrü Tandoğan Arşivi),https://sehitlerimiz.org.tr/sehit/cemal-yilmazsoy-103740
edd2f0dd62d10fb47a1f4cc0,Cemil Akın,,Güv.Asb.Çvş.,Sakarya,Sakarya,1952,1974-07-21,Kıbrıs Barış Harekâtı (1974),Türkiye Muharip Gaziler Derneği (E.P.Alb. Mehmet Şükrü Tandoğan Arşivi),https://sehitlerimiz.org.tr/sehit/cemil-akin-103710
15929243cd18668bfd1074ef,Cevdet Üneş,,P.Er.,Artvin,Artvin,1953,1974-07-21,Kıbrıs Barış Harekâtı (1974),Türkiye Muharip Gaziler Derneği (E.P.Alb. Mehmet Şükrü Tandoğan Arşivi),https://sehitlerimiz.org.tr/sehit/cevdet-unes-103554
6555f9188c2cfaa8e815668e,Ekrem Özkaya,,P.Onb.,Bursa,Bursa,1953,1974-07-21,Kıbrıs Barış Harekâtı (1974),Türkiye Muharip Gaziler Derneği (E.P.Alb. Mehmet Şükrü Tandoğan Arşivi),https://sehitlerimiz.org.tr/sehit/ekrem-ozkaya-103460
254773ef5a069bbe6632f188,Erhan Yıldırım,,Mk.Çrk.Asb.Çvş.,Yozgat,Yozgat,1947,1974-07-21,Kıbrıs Barış Harekâtı (1974),Türkiye Muharip Gaziler Derneği (E.P.Alb. Mehmet Şükrü Tandoğan Arşivi),https://sehitlerimiz.org.tr/sehit/erhan-yildirim-103706
bf5bc7d0c61c9d17451b8c77,Erol Yılmaz,,P.Onb.,İzmir,İzmir,1953,1974-07-21,Kıbrıs Barış Harekâtı (1974),Türkiye Muharip Gaziler Derneği (E.P.Alb. Mehmet Şükrü Tandoğan Arşivi),https://sehitlerimiz.org.tr/sehit/erol-yilmaz-103561
a297765f7c4c636f6d32ac3e,Feyzullah Taşkınsoy,,Yd.Tnk.Atğm.,Malatya,Malatya,1950,1974-07-21,Kıbrıs Barış Harekâtı (1974),Türkiye Muharip Gaziler Derneği (E.P.Alb. Mehmet Şükrü Tandoğan Arşivi),https://sehitlerimiz.org.tr/sehit/feyzullah-taskinsoy-103200
6df4fb8d036fdf9cfeddb78b,Gaffur Kaynar,,Dz.Top.Er.,Muğla,Muğla,1953,1974-07-21,Kıbrıs Barış Harekâtı (1974),Türkiye Muharip Gaziler Derneği (E.P.Alb. Mehmet Şükrü Tandoğan Arşivi),https://sehitlerimiz.org.tr/sehit/gaffur-kaynar-103743
9151615750de3c783193044d,Halil Kalafatoğlu,,Dz.Serd.Er.,Kastamonu,Kastamonu,1953,1974-07-21,Kıbrıs Barış Harekâtı (1974),Türkiye Muharip Gaziler Derneği (E.P.Alb. Mehmet Şükrü Tandoğan Arşivi),https://sehitlerimiz.org.tr/sehit/halil-kalafatoglu-103749
c56ffea8661e2fb01c882cc2,Hasan Bayraktar,,Dz.Frn.Er.,Hatay,"Hatay, İskenderun",1954,1974-07-21,Kıbrıs Barış Harekâtı (1974),Türkiye Muharip Gaziler Derneği (E.P.Alb. Mehmet Şükrü Tandoğan Arşivi),https://sehitlerimiz.org.tr/sehit/hasan-bayraktar-103720
c5f545d418709fa42fc0bd80,Hasan Diş,,Güv.Top.Asb.Kd.Çvş.,Sivas,Sivas,1949,1974-07-21,Kıbrıs Barış Harekâtı (1974),Türkiye Muharip Gaziler Derneği (E.P.Alb. Mehmet Şükrü Tandoğan Arşivi),https://sehitlerimiz.org.tr/sehit/hasan-dis-103707
5b827bd5e74117f7b49e341e,Hasan Gökboya,,P.Er.,Manisa,"Manisa, Kula",1953,1974-07-21,Kıbrıs Barış Harekâtı (1974),Türkiye Muharip Gaziler Derneği (E.P.Alb. Mehmet Şükrü Tandoğan Arşivi),https://sehitlerimiz.org.tr/sehit/hasan-gokboya-103366
852194d29a735c13a4461ec5,Hasan Kılıç,,P.Er.,Balıkesir,"Balıkesir, Gönen",1954,1974-07-21,Kıbrıs Barış Harekâtı (1974),Türkiye Muharip Gaziler Derneği (E.P.Alb. Mehmet Şükrü Tandoğan Arşivi),https://sehitlerimiz.org.tr/sehit/hasan-kilic-103391
07bffc2f62f72361122be6d0,Hasan Sönmez,,Dz.Top.Er.,Hatay,Hatay,1953,1974-07-21,Kıbrıs Barış Harekâtı (1974),Türkiye Muharip Gaziler Derneği (E.P.Alb. Mehmet Şükrü Tandoğan Arşivi),https://sehitlerimiz.org.tr/sehit/hasan-sonmez-103734
ba0a2cbf88310a3645ab652e,Hasan Özdemir,,Dz.Kzn.Er.,İzmir,"İzmir, Çeşme",1953,1974-07-21,Kıbrıs Barış Harekâtı (1974),Türkiye Muharip Gaziler Derneği (E.P.Alb. Mehmet Şükrü Tandoğan Arşivi),https://sehitlerimiz.org.tr/sehit/hasan-ozdemir-103739
58bb1fb24d39328e7e50b7a5,Hayati Sezer,,Dz.Çrk.Er.,Bursa,"Bursa, Mudanya",1954,1974-07-21,Kıbrıs Barış Harekâtı (1974),Türkiye Muharip Gaziler Derneği (E.P.Alb. Mehmet Şükrü Tandoğan Arşivi),https://sehitlerimiz.org.tr/sehit/hayati-sezer-103719
7b60c9f0136f3cbc45aed52a,Hüseyin Kapıcı,,Dz.P.Onb.,Sinop,Sinop,1954,1974-07-21,Kıbrıs Barış Harekâtı (1974),Türkiye Muharip Gaziler Derneği (E.P.Alb. Mehmet Şükrü Tandoğan Arşivi),https://sehitlerimiz.org.tr/sehit/huseyin-kapici-103644
9d2704ef02aa62ea882f23da,Hüsnü Demirkıran,,Mu.Er.,Samsun,"Samsun, Çarşamba",1953,1974-07-21,Kıbrıs Barış Harekâtı (1974),Türkiye Muharip Gaziler Derneği (E.P.Alb. Mehmet Şükrü Tandoğan Arşivi),https://sehitlerimiz.org.tr/sehit/husnu-demirkiran-103316
1ad85c427c6649e61726dda1,Hüsnü Uysal,,P.Çvş.,Zonguldak,Zonguldak,1953,1974-07-21,Kıbrıs Barış Harekâtı (1974),Türkiye Muharip Gaziler Derneği (E.P.Alb. Mehmet Şükrü Tandoğan Arşivi),https://sehitlerimiz.org.tr/sehit/husnu-uysal-103545
4e701bd2d30109fe848c5c30,Kadir Toraman,,Dz.Vard.Er.,Samsun,"Samsun, Çarşamba",1951,1974-07-21,Kıbrıs Barış Harekâtı (1974),Türkiye Muharip Gaziler Derneği (E.P.Alb. Mehmet Şükrü Tandoğan Arşivi),https://sehitlerimiz.org.tr/sehit/kadir-toraman-103722
729f9fabf58acdcbe8a37f84,Kemal Yıldırım,,P.Er.,Sinop,"Sinop, Ayancık",1954,1974-07-21,Kıbrıs Barış Harekâtı (1974),Türkiye Muharip Gaziler Derneği (E.P.Alb. Mehmet Şükrü Tandoğan Arşivi),https://sehitlerimiz.org.tr/sehit/kemal-yildirim-103559
d21921fcad197114f29a7697,Kenan Cansev,,Dz.Kzn.Er.,Zonguldak,Zonguldak,1953,1974-07-21,Kıbrıs Barış Harekâtı (1974),Türkiye Muharip Gaziler Derneği (E.P.Alb. Mehmet Şükrü Tandoğan Arşivi),https://sehitlerimiz.org.tr/sehit/kenan-cansev-103746
5a5c6d4dca93f3f8492d1f4f,Kenan Nazlı,,Dz.Top.Er.,Aydın,Aydın,1954,1974-07-21,Kıbrıs Barış Harekâtı (1974),Türkiye Muharip Gaziler Derneği (E.P.Alb. Mehmet Şükrü Tandoğan Arşivi),https://sehitlerimiz.org.tr/sehit/kenan-nazli-103715
44393ebcb612797f5d16c49a,Koray Munar,,Dz.Elkt.Er.,İstanbul,İstanbul,1950,1974-07-21,Kıbrıs Barış Harekâtı (1974),Türkiye Muharip Gaziler Derneği (E.P.Alb. Mehmet Şükrü Tandoğan Arşivi),https://sehitlerimiz.org.tr/sehit/koray-munar-103742
b18a866e70da153debfa1a0f,M.emin Türker,,P.Er.,Kırklareli,"Kırklareli, Lüleburgaz",1954,1974-07-21,Kıbrıs Barış Harekâtı (1974),Türkiye Muharip Gaziler Derneği (E.P.Alb. Mehmet Şükrü Tandoğan Arşivi),https://sehitlerimiz.org.tr/sehit/m-emin-turker-103539
6b1ef61ff9173dfd372476a2,Mahir Yener,,P.Er.,Zonguldak,Zonguldak,1953,1974-07-21,Kıbrıs Barış Harekâtı (1974),Türkiye Muharip Gaziler Derneği (E.P.Alb. Mehmet Şükrü Tandoğan Arşivi),https://sehitlerimiz.org.tr/sehit/mahir-yener-103576
f57bbe2c1a55afa66b353bca,Mehmet Bozkurt,,Dz.Çrk.Er.,İzmir,İzmir,1953,1974-07-21,Kıbrıs Barış Harekâtı (1974),Türkiye Muharip Gaziler Derneği (E.P.Alb. Mehmet Şükrü Tandoğan Arşivi),https://sehitlerimiz.org.tr/sehit/mehmet-bozkurt-103738
d3197ce961cc4added9f5205,Mehmet Cihan,,Dz.Vard.Er.,Ordu,Ordu,1953,1974-07-21,Kıbrıs Barış Harekâtı (1974),Türkiye Muharip Gaziler Derneği (E.P.Alb. Mehmet Şükrü Tandoğan Arşivi),https://sehitlerimiz.org.tr/sehit/mehmet-cihan-103732
bfcb511c4c9f885485a5b45d,Mehmet Kara,,P.Er.,Denizli,"Denizli, Acıpayam",1953,1974-07-21,Kıbrıs Barış Harekâtı (1974),Türkiye Muharip Gaziler Derneği (E.P.Alb. Mehmet Şükrü Tandoğan Arşivi),https://sehitlerimiz.org.tr/sehit/mehmet-kara-103429
abcbe82ba4dd9475b6225215,Mehmet Kurt,,Mk.Elkt.Asb.Üçvş.,Sivas,Sivas,1947,1974-07-21,Kıbrıs Barış Harekâtı (1974),Türkiye Muharip Gaziler Derneği (E.P.Alb. Mehmet Şükrü Tandoğan Arşivi),https://sehitlerimiz.org.tr/sehit/mehmet-kurt-103705
37f5d17defa8d1c32a5a6671,Mehmet Çetin,,Tkn.Asb.Çvş.,Adıyaman,Adıyaman,1952,1974-07-21,Kıbrıs Barış Harekâtı (1974),Türkiye Muharip Gaziler Derneği (E.P.Alb. Mehmet Şükrü Tandoğan Arşivi),https://sehitlerimiz.org.tr/sehit/mehmet-cetin-103712
e7e9fe5c345b05d1564de408,Metin Sülüş,,Dz.Kıd.Bnb.,İstanbul,İstanbul,1934,1974-07-21,Kıbrıs Barış Harekâtı (1974),Türkiye Muharip Gaziler Derneği (E.P.Alb. Mehmet Şükrü Tandoğan Arşivi),https://sehitlerimiz.org.tr/sehit/metin-sulus-103696
cc51581c1ac12fb5d6f23630,Mevlüt Ergüven,,Dz.Aş.Er.,Hatay,"Hatay, İskenderun",1954,1974-07-21,Kıbrıs Barış Harekâtı (1974),Türkiye Muharip Gaziler Derneği (E.P.Alb. Mehmet Şükrü Tandoğan Arşivi),https://sehitlerimiz.org.tr/sehit/mevlut-erguven-103721
3ef649a625d3b1f5a6ba79ad,Muhittin Satıoğlu,,P.Er.,Kastamonu,Kastamonu,1953,1974-07-21,Kıbrıs Barış Harekâtı (1974),Türkiye Muharip Gaziler Derneği (E.P.Alb. Mehmet Şükrü Tandoğan Arşivi),https://sehitlerimiz.org.tr/sehit/muhittin-satioglu-103690
73cfcb24474e79869329e6d8,Muhsin Tuğrul,,P.Er.,Niğde,Niğde,1953,1974-07-21,Kıbrıs Barış Harekâtı (1974),Türkiye Muharip Gaziler Derneği (E.P.Alb. Mehmet Şükrü Tandoğan Arşivi),https://sehitlerimiz.org.tr/sehit/muhsin-tugrul-103525
8463b37460e67fbc056d938e,Mustafa Aydın,,Dz.Trp.Er.,Trabzon,Trabzon,1953,1974-07-21,Kıbrıs Barış Harekâtı (1974),Türkiye Muharip Gaziler Derneği (E.P.Alb. Mehmet Şükrü Tandoğan Arşivi),https://sehitlerimiz.org.tr/sehit/mustafa-aydin-103725
5ab1f99a6cbb7e1d96406ee2,Mustafa Bakar,,P.Er.,Aydın,"Aydın, Çine",1954,1974-07-21,Kıbrıs Barış Harekâtı (1974),Türkiye Muharip Gaziler Derneği (E.P.Alb. Mehmet Şükrü Tandoğan Arşivi),https://sehitlerimiz.org.tr/sehit/mustafa-bakar-103274
0a8a462c036dc5c3da855944,Mustafa Çevik,,P.Er.,Hatay,"Hatay, İskenderun",1954,1974-07-21,Kıbrıs Barış Harekâtı (1974),Türkiye Muharip Gaziler Derneği (E.P.Alb. Mehmet Şükrü Tandoğan Arşivi),https://sehitlerimiz.org.tr/sehit/mustafa-cevik-103295
657fdf864c5c078f61243080,Naci Kamış,,Dz.Er.,Balıkesir,"Balıkesir, Burhaniye",1953,1974-07-21,Kıbrıs Barış Harekâtı (1974),Türkiye Muharip Gaziler Derneği (E.P.Alb. Mehmet Şükrü Tandoğan Arşivi),https://sehitlerimiz.org.tr/sehit/naci-kamis-103741
bc9e3c4808e2998ac128e19c,Nadir Güneş,,Mk.Asb.Çvş.,Afyonkarahisar,"Afyonkarahisar, Afyon",1955,1974-07-21,Kıbrıs Barış Harekâtı (1974),Türkiye Muharip Gaziler Derneği (E.P.Alb. Mehmet Şükrü Tandoğan Arşivi),https://sehitlerimiz.org.tr/sehit/nadir-gunes-103713
52db502d8ec328cdedd7b7fe,Naim Çiftçi,,P.Er.,Muş,Muş,1950,1974-07-21,Kıbrıs Barış Harekâtı (1974),Türkiye Muharip Gaziler Derneği (E.P.Alb. Mehmet Şükrü Tandoğan Arşivi),https://sehitlerimiz.org.tr/sehit/naim-ciftci-103297
4163d5b9c7943281541e0469,Naim Özkan,,Dz.Trp.Er.,Balıkesir,Balıkesir,1954,1974-07-21,Kıbrıs Barış Harekâtı (1974),Türkiye Muharip Gaziler Derneği (E.P.Alb. Mehmet Şükrü Tandoğan Arşivi),https://sehitlerimiz.org.tr/sehit/naim-ozkan-103716
d63afa150923aa2d9ad7e0d0,Namaz Çakmak,,Sıh.Er.,Ardahan,Ardahan,1954,1974-07-21,Kıbrıs Barış Harekâtı (1974),Türkiye Muharip Gaziler Derneği (E.P.Alb. Mehmet Şükrü Tandoğan Arşivi),https://sehitlerimiz.org.tr/sehit/namaz-cakmak-103315
d4a7e9d9924c4d0a1e942da2,Nazmi Konat,,P.Çvş.,Kırklareli,Kırklareli,1953,1974-07-21,Kıbrıs Barış Harekâtı (1974),Türkiye Muharip Gaziler Derneği (E.P.Alb. Mehmet Şükrü Tandoğan Arşivi),https://sehitlerimiz.org.tr/sehit/nazmi-konat-103402
c4d03d19a941dd2f04a21e9d,Necati Gürkaya,,Dz.Kıd.Ütğm.,İstanbul,İstanbul,1947,1974-07-21,Kıbrıs Barış Harekâtı (1974),Türkiye Muharip Gaziler Derneği (E.P.Alb. Mehmet Şükrü Tandoğan Arşivi),https://sehitlerimiz.org.tr/sehit/necati-gurkaya-103697
96511e0b0fdedcd8bb974a4a,Necati Sıvacılar,,Dz.P.Asb.Üçvş.,Bilecik,Bilecik,1948,1974-07-21,Kıbrıs Barış Harekâtı (1974),Türkiye Muharip Gaziler Derneği (E.P.Alb. Mehmet Şükrü Tandoğan Arşivi),https://sehitlerimiz.org.tr/sehit/necati-sivacilar-103703
2af95baf0d50c9b9b7ea60a3,Nuri Urun,,Mk.Asb.Çvş.,Samsun,Samsun,1953,1974-07-21,Kıbrıs Barış Harekâtı (1974),Türkiye Muharip Gaziler Derneği (E.P.Alb. Mehmet Şükrü Tandoğan Arşivi),https://sehitlerimiz.org.tr/sehit/nuri-urun-103711
c02b2dd401b85b103afc405b,Orhan Durusoy,,Mk.Çrk.Asb.Üçvş.,Manisa,Manisa,1945,1974-07-21,Kıbrıs Barış Harekâtı (1974),Türkiye Muharip Gaziler Derneği (E.P.Alb. Mehmet Şükrü Tandoğan Arşivi),https://sehitlerimiz.org.tr/sehit/orhan-durusoy-103704
f30f827768be17f931889fa4,Osman Nuri Ocak,,Dz.Top.Er.,Ordu,"Ordu, Ünye",1953,1974-07-21,Kıbrıs Barış Harekâtı (1974),Türkiye Muharip Gaziler Derneği (E.P.Alb. Mehmet Şükrü Tandoğan Arşivi),https://sehitlerimiz.org.tr/sehit/osman-nuri-ocak-103735
0320bd98322d1980721bd3b8,Osman Velet,,Dz.Rd.Er.,İstanbul,İstanbul,1954,1974-07-21,Kıbrıs Barış Harekâtı (1974),Türkiye Muharip Gaziler Derneği (E.P.Alb. Mehmet Şükrü Tandoğan Arşivi),https://sehitlerimiz.org.tr/sehit/osman-velet-103717
f63b8e85d02422f3ce637f2a,Osman Çetiner,,Dz.Elkt.Er.,Muğla,Muğla,1949,1974-07-21,Kıbrıs Barış Harekâtı (1974),Türkiye Muharip Gaziler Derneği (E.P.Alb. Mehmet Şükrü Tandoğan Arşivi),https://sehitlerimiz.org.tr/sehit/osman-cetiner-103750
f7bdab3b9a6e738300d9c6f3,Oğuz Yener,,P.Ütğm.,Hatay,"Hatay, İskenderun",1944,1974-07-21,Kıbrıs Barış Harekâtı (1974),Türkiye Muharip Gaziler Derneği (E.P.Alb. Mehmet Şükrü Tandoğan Arşivi),https://sehitlerimiz.org.tr/sehit/oguz-yener-103178
3ba62754de0569577ef0e0eb,Rahmi Tepetaş,,Dz.Prs.Er.,Rize,Rize,1953,1974-07-21,Kıbrıs Barış Harekâtı (1974),Türkiye Muharip Gaziler Derneği (E.P.Alb. Mehmet Şükrü Tandoğan Arşivi),https://sehitlerimiz.org.tr/sehit/rahmi-tepetas-103726
db547c35f697fb813a77a1cb,Ramazan Ergin,,P.Üçvş.,Sivas,"Sivas, Şarkışla",1949,1974-07-21,Kıbrıs Barış Harekâtı (1974),Türkiye Muharip Gaziler Derneği (E.P.Alb. Mehmet Şükrü Tandoğan Arşivi),https://sehitlerimiz.org.tr/sehit/ramazan-ergin-103207
7fdba218e0acfe2ab348af99,Recep Balcı,,Dz.Top.Er.,Tekirdağ,Tekirdağ,1953,1974-07-21,Kıbrıs Barış Harekâtı (1974),Türkiye Muharip Gaziler Derneği (E.P.Alb. Mehmet Şükrü Tandoğan Arşivi),https://sehitlerimiz.org.tr/sehit/recep-balci-103733
5c243079b8460939c437c1c6,Rıdvan Çakır,,Dz.P.Er.,Aydın,Aydın,1953,1974-07-21,Kıbrıs Barış Harekâtı (1974),Türkiye Muharip Gaziler Derneği (E.P.Alb. Mehmet Şükrü Tandoğan Arşivi),https://sehitlerimiz.org.tr/sehit/ridvan-cakir-103641
c6e8cd7ac166cf88484d91d5,Salih Tunç,,P.Er.,Çankırı,Çankırı,1953,1974-07-21,Kıbrıs Barış Harekâtı (1974),Türkiye Muharip Gaziler Derneği (E.P.Alb. Mehmet Şükrü Tandoğan Arşivi),https://sehitlerimiz.org.tr/sehit/salih-tunc-103516
28958354affddb6398b0cec0,Sami Küpeli,,P.Er.,Afyonkarahisar,"Afyonkarahisar, Emirdağ",1953,1974-07-21,Kıbrıs Barış Harekâtı (1974),Türkiye Muharip Gaziler Derneği (E.P.Alb. Mehmet Şükrü Tandoğan Arşivi),https://sehitlerimiz.org.tr/sehit/sami-kupeli-103392
cdf2a640ccea4a39349342e8,Seçim Kılıçaslan,,P.Er.,Adana,"Adana, Kozan",1953,1974-07-21,Kıbrıs Barış Harekâtı (1974),Türkiye Muharip Gaziler Derneği (E.P.Alb. Mehmet Şükrü Tandoğan Arşivi),https://sehitlerimiz.org.tr/sehit/secim-kilicaslan-103432
5f0315c3e775113aa3f87357,Süleyman Teke,,Dz.Vard.Er.,Aydın,Aydın,1953,1974-07-21,Kıbrıs Barış Harekâtı (1974),Türkiye Muharip Gaziler Derneği (E.P.Alb. Mehmet Şükrü Tandoğan Arşivi),https://sehitlerimiz.org.tr/sehit/suleyman-teke-103747
a86959948404814f13fc5796,Sıtkı Acar,,P.Er.,Adıyaman,"Adıyaman, Gerger",1953,1974-07-21,Kıbrıs Barış Harekâtı (1974),Türkiye Muharip Gaziler Derneği (E.P.Alb. Mehmet Şükrü Tandoğan Arşivi),https://sehitlerimiz.org.tr/sehit/sitki-acar-103237
9ff25fdede8949c8b6962808,Sıtkı Toksoy,,Yd.P.Atğm.,Adana,Adana,1943,1974-07-21,Kıbrıs Barış Harekâtı (1974),Türkiye Muharip Gaziler Derneği (E.P.Alb. Mehmet Şükrü Tandoğan Arşivi),https://sehitlerimiz.org.tr/sehit/sitki-toksoy-103195
010d47c2638ec1df4c6254a6,Tamer Seyhan,,Dz.Çrk.Er.,İzmir,İzmir,1953,1974-07-21,Kıbrıs Barış Harekâtı (1974),Türkiye Muharip Gaziler Derneği (E.P.Alb. Mehmet Şükrü Tandoğan Arşivi),https://sehitlerimiz.org.tr/sehit/tamer-seyhan-103728
4c089fba0cda82fd775964f1,Temel Şimşir,,İkm.Asb.Bçvş.,Sakarya,"Sakarya, Pamukova",1939,1974-07-21,Kıbrıs Barış Harekâtı (1974),Türkiye Muharip Gaziler Derneği (E.P.Alb. Mehmet Şükrü Tandoğan Arşivi),https://sehitlerimiz.org.tr/sehit/temel-simsir-103700
4fa355cb7982dc2bfb6d672e,Uğur Tatlı,,Dz.Çrk.Er.,Isparta,Isparta,1954,1974-07-21,Kıbrıs Barış Harekâtı (1974),Türkiye Muharip Gaziler Derneği (E.P.Alb. Mehmet Şükrü Tandoğan Arşivi),https://sehitlerimiz.org.tr/sehit/ugur-tatli-103723
a484d13a49e8bd1a064c3764,Uğur Öztop,,Dz.Rd.Er.,Muğla,Muğla,1953,1974-07-21,Kıbrıs Barış Harekâtı (1974),Türkiye Muharip Gaziler Derneği (E.P.Alb. Mehmet Şükrü Tandoğan Arşivi),https://sehitlerimiz.org.tr/sehit/ugur-oztop-103737
ba6f7a69cd03da8536033b77,Yahya Bakır,,Mk.Çrk.Asb.Çvş.,Çankırı,Çankırı,1952,1974-07-21,Kıbrıs Barış Harekâtı (1974),Türkiye Muharip Gaziler Derneği (E.P.Alb. Mehmet Şükrü Tandoğan Arşivi),https://sehitlerimiz.org.tr/sehit/yahya-bakir-103708
f93835d5864e7269f7bc2abc,Yusuf Cansevdi,,Dz.Ser.Er.,Muğla,Muğla,1953,1974-07-21,Kıbrıs Barış Harekâtı (1974),Türkiye Muharip Gaziler Derneği (E.P.Alb. Mehmet Şükrü Tandoğan Arşivi),https://sehitlerimiz.org.tr/sehit/yusuf-cansevdi-103731
d41bac704a5d55041ab0b204,Yüksel Özbay,,P.Er.,Nevşehir,Nevşehir,1953,1974-07-21,Kıbrıs Barış Harekâtı (1974),Türkiye Muharip Gaziler Derneği (E.P.Alb. Mehmet Şükrü Tandoğan Arşivi),https://sehitlerimiz.org.tr/sehit/yuksel-ozbay-103471
84043597e779aad78a8cec49,Zafer Baydar,,Dz.Rd.Er.,Muğla,"Muğla, Bodrum",1953,1974-07-21,Kıbrıs Barış Harekâtı (1974),Türkiye Muharip Gaziler Derneği (E.P.Alb. Mehmet Şükrü Tandoğan Arşivi),https://sehitlerimiz.org.tr/sehit/zafer-baydar-103727
caaf882739a02582b6c8a66d,Ömer Faruk Ercan,,Dz.Top.Er.,İstanbul,İstanbul,1953,1974-07-21,Kıbrıs Barış Harekâtı (1974),Türkiye Muharip Gaziler Derneği (E.P.Alb. Mehmet Şükrü Tandoğan Arşivi),https://sehitlerimiz.org.tr/sehit/omer-faruk-ercan-103744
1c2729e100a4f3c19a27e1ac,Ömer Faydalı,,P.Er.,Yalova,Yalova,1954,1974-07-21,Kıbrıs Barış Harekâtı (1974),Türkiye Muharip Gaziler Derneği (E.P.Alb. Mehmet Şükrü Tandoğan Arşivi),https://sehitlerimiz.org.tr/sehit/omer-faydali-103365
6401e28db7f2ca845f4ee5ec,İbrahim Karakoyun,,P.Er.,Kütahya,"Kütahya, Tavşanlı",1953,1974-07-21,Kıbrıs Barış Harekâtı (1974),Türkiye Muharip Gaziler Derneği (E.P.Alb. Mehmet Şükrü Tandoğan Arşivi),https://sehitlerimiz.org.tr/sehit/ibrahim-karakoyun-103433
a5097234b9e96f27a02cfd73,İbrahim Koçak,,Dz.Top.Er.,Antalya,Antalya,1954,1974-07-21,Kıbrıs Barış Harekâtı (1974),Türkiye Muharip Gaziler Derneği (E.P.Alb. Mehmet Şükrü Tandoğan Arşivi),https://sehitlerimiz.org.tr/sehit/ibrahim-kocak-103714
4d3caa70baf3f336890dbd52,İbrahim Parlar,,Dz.Top.Er.,Hatay,"Hatay, İskenderun",1953,1974-07-21,Kıbrıs Barış Harekâtı (1974),Türkiye Muharip Gaziler Derneği (E.P.Alb. Mehmet Şükrü Tandoğan Arşivi),https://sehitlerimiz.org.tr/sehit/ibrahim-parlar-103724
e04253bd5426f9a6d7b05e01,İdris Doğan,,Yd.P.Atğm.,Elazığ,Elazığ,1944,1974-07-21,Kıbrıs Barış Harekâtı (1974),Türkiye Muharip Gaziler Derneği (E.P.Alb. Mehmet Şükrü Tandoğan Arşivi),https://sehitlerimiz.org.tr/sehit/idris-dogan-103192
8375357af1cd372a98f5421e,İlhan Gürcan,,P.Çvş.,Balıkesir,"Balıkesir, Bandırma",1954,1974-07-21,Kıbrıs Barış Harekâtı (1974),Türkiye Muharip Gaziler Derneği (E.P.Alb. Mehmet Şükrü Tandoğan Arşivi),https://sehitlerimiz.org.tr/sehit/ilhan-gurcan-103367
b6434c469da3002c93d34bf6,İrfan Uzaldı,,P.Er.,Zonguldak,"Zonguldak, Çaycuma",1953,1974-07-21,Kıbrıs Barış Harekâtı (1974),Türkiye Muharip Gaziler Derneği (E.P.Alb. Mehmet Şükrü Tandoğan Arşivi),https://sehitlerimiz.org.tr/sehit/irfan-uzaldi-103546
1d86c2f68a2a60d8c1cba199,İsmail Gülgeroğlu,,Mk.Kzn.Asb.Bçvş.,Denizli,Denizli,1939,1974-07-21,Kıbrıs Barış Harekâtı (1974),Türkiye Muharip Gaziler Derneği (E.P.Alb. Mehmet Şükrü Tandoğan Arşivi),https://sehitlerimiz.org.tr/sehit/ismail-gulgeroglu-103701
7c65ef4d678de2e7e1caddfe,İsmail Topçu,,P.Çvş.,Erzurum,Erzurum,1953,1974-07-21,Kıbrıs Barış Harekâtı (1974),Türkiye Muharip Gaziler Derneği (E.P.Alb. Mehmet Şükrü Tandoğan Arşivi),https://sehitlerimiz.org.tr/sehit/ismail-topcu-103518
5d29e1d9ba920b5724a6b6e2,İsmet Yılmaz,,Top.Asb.Bçvş.,İstanbul,İstanbul,1937,1974-07-21,Kıbrıs Barış Harekâtı (1974),Türkiye Muharip Gaziler Derneği (E.P.Alb. Mehmet Şükrü Tandoğan Arşivi),https://sehitlerimiz.org.tr/sehit/ismet-yilmaz-103699
192e7258204e01541ae24a32,Şeref Demirci,,Sıh.Onb.,Çorum,Çorum,1954,1974-07-21,Kıbrıs Barış Harekâtı (1974),Türkiye Muharip Gaziler Derneği (E.P.Alb. Mehmet Şükrü Tandoğan Arşivi),https://sehitlerimiz.org.tr/sehit/seref-demirci-103346
7756f6cf8f7ec583be69aac6,A.kadir Tonguç,,P.Er.,İstanbul,"İstanbul, Çatalca",1953,1974-07-22,Kıbrıs Barış Harekâtı (1974),Türkiye Muharip Gaziler Derneği (E.P.Alb. Mehmet Şükrü Tandoğan Arşivi),https://sehitlerimiz.org.tr/sehit/a-kadir-tonguc-103523
3409e44edf7d3587807e086f,Abdulkerim Uruk,,P.Çvş.,Çanakkale,"Çanakkale, Bayramiç",1954,1974-07-22,Kıbrıs Barış Harekâtı (1974),Türkiye Muharip Gaziler Derneği (E.P.Alb. Mehmet Şükrü Tandoğan Arşivi),https://sehitlerimiz.org.tr/sehit/abdulkerim-uruk-103544
68ba05f8b670cc013aa840bb,Adnan Damar,,P.Er.,İstanbul,İstanbul,1953,1974-07-22,Kıbrıs Barış Harekâtı (1974),Türkiye Muharip Gaziler Derneği (E.P.Alb. Mehmet Şükrü Tandoğan Arşivi),https://sehitlerimiz.org.tr/sehit/adnan-damar-103340
07b090860fc25bba230ddd44,Adnan Sipahi,,P.Onb.,İstanbul,İstanbul,1954,1974-07-22,Kıbrıs Barış Harekâtı (1974),Türkiye Muharip Gaziler Derneği (E.P.Alb. Mehmet Şükrü Tandoğan Arşivi),https://sehitlerimiz.org.tr/sehit/adnan-sipahi-103485
85195e61667c4d442eea3093,Agah Top,,Ordt.Er.,Ankara,Ankara,1954,1974-07-22,Kıbrıs Barış Harekâtı (1974),Türkiye Muharip Gaziler Derneği (E.P.Alb. Mehmet Şükrü Tandoğan Arşivi),https://sehitlerimiz.org.tr/sehit/agah-top-103513
393d67bef0ae1ee96e169c1f,Ahmet Ali Özdebmir,,Piyade Er,Bolu,Bolu,,1974-07-22,,Bolu Valiliği — Şehit ve Gazilerimiz,https://sehitlerimiz.org.tr/sehit/ahmet-ali-ozdebmir-102676
82199f22729a57912f95f448,Ali Pehlivan,,P.Er.,Uşak,Uşak,1953,1974-07-22,Kıbrıs Barış Harekâtı (1974),Türkiye Muharip Gaziler Derneği (E.P.Alb. Mehmet Şükrü Tandoğan Arşivi),https://sehitlerimiz.org.tr/sehit/ali-pehlivan-103480
c108555dea6f8dc2a67126c0,Ali Pınar,,P.Er.,İzmir,İzmir,1954,1974-07-22,Kıbrıs Barış Harekâtı (1974),Türkiye Muharip Gaziler Derneği (E.P.Alb. Mehmet Şükrü Tandoğan Arşivi),https://sehitlerimiz.org.tr/sehit/ali-pinar-103481
9b92f83404bf5835e69831d2,Ali Özdemir,,P.Er.,Bolu,Bolu,1953,1974-07-22,Kıbrıs Barış Harekâtı (1974),Türkiye Muharip Gaziler Derneği (E.P.Alb. Mehmet Şükrü Tandoğan Arşivi),https://sehitlerimiz.org.tr/sehit/ali-ozdemir-103468
3c9fff7d96b9130bd1ef9844,Aycan Aksoy,,P.Er.,İzmir,"İzmir, Menemen",1953,1974-07-22,Kıbrıs Barış Harekâtı (1974),Türkiye Muharip Gaziler Derneği (E.P.Alb. Mehmet Şükrü Tandoğan Arşivi),https://sehitlerimiz.org.tr/sehit/aycan-aksoy-103225
b71fea9a66e0de2566183032,Bilgi Serbest,,P.Er.,Bursa,Bursa,1953,1974-07-22,Kıbrıs Barış Harekâtı (1974),Türkiye Muharip Gaziler Derneği (E.P.Alb. Mehmet Şükrü Tandoğan Arşivi),https://sehitlerimiz.org.tr/sehit/bilgi-serbest-103487
3f0925483cf54f6c900d8f6e,Cahit Gökalp,,P.Er.,İstanbul,İstanbul,1954,1974-07-22,Kıbrıs Barış Harekâtı (1974),Türkiye Muharip Gaziler Derneği (E.P.Alb. Mehmet Şükrü Tandoğan Arşivi),https://sehitlerimiz.org.tr/sehit/cahit-gokalp-103368
71d9fc2ceef216a49aa61c0b,Celal Erkan,,P.Er.,Burdur,"Burdur, Tefenli",1953,1974-07-22,Kıbrıs Barış Harekâtı (1974),Türkiye Muharip Gaziler Derneği (E.P.Alb. Mehmet Şükrü Tandoğan Arşivi),https://sehitlerimiz.org.tr/sehit/celal-erkan-103350
99b0dd9b77eda8b9877f548c,Cuma Sert,,P.Er.,Batman,Batman,1953,1974-07-22,Kıbrıs Barış Harekâtı (1974),Türkiye Muharip Gaziler Derneği (E.P.Alb. Mehmet Şükrü Tandoğan Arşivi),https://sehitlerimiz.org.tr/sehit/cuma-sert-103488
6b42b3ab7c5da6c5c74780f3,Durak Sülü,,P.Er.,Malatya,"Malatya, Doğanşehir",1954,1974-07-22,Kıbrıs Barış Harekâtı (1974),Türkiye Muharip Gaziler Derneği (E.P.Alb. Mehmet Şükrü Tandoğan Arşivi),https://sehitlerimiz.org.tr/sehit/durak-sulu-103495
7f81152323c13fe644866eb0,Duran Türközen,,Top.Çvş.,Tokat,"Tokat, Zile",1953,1974-07-22,Kıbrıs Barış Harekâtı (1974),Türkiye Muharip Gaziler Derneği (E.P.Alb. Mehmet Şükrü Tandoğan Arşivi),https://sehitlerimiz.org.tr/sehit/duran-turkozen-103520
228fc99469473ee71635d49c,Erdoğan Yıldız,,P.Er.,Kayseri,"Kayseri, Develi",1953,1974-07-22,Kıbrıs Barış Harekâtı (1974),Türkiye Muharip Gaziler Derneği (E.P.Alb. Mehmet Şükrü Tandoğan Arşivi),https://sehitlerimiz.org.tr/sehit/erdogan-yildiz-103558
22ed54d7b2571e6e30c73e53,Hacı Kaya,,P.Er.,Siirt,"Siirt, Pervari",1953,1974-07-22,Kıbrıs Barış Harekâtı (1974),Türkiye Muharip Gaziler Derneği (E.P.Alb. Mehmet Şükrü Tandoğan Arşivi),https://sehitlerimiz.org.tr/sehit/haci-kaya-103403
36298d750eb4e7ecd39e48dc,Halil Taşkın,,P.Er.,Adıyaman,Adıyaman,1953,1974-07-22,Kıbrıs Barış Harekâtı (1974),Türkiye Muharip Gaziler Derneği (E.P.Alb. Mehmet Şükrü Tandoğan Arşivi),https://sehitlerimiz.org.tr/sehit/halil-taskin-103514
e092811d0b0a8dcb5818c2f8,Halim Şahin,,Tnk.Kd.Bçvş.,Ankara,Ankara,1946,1974-07-22,Kıbrıs Barış Harekâtı (1974),Türkiye Muharip Gaziler Derneği (E.P.Alb. Mehmet Şükrü Tandoğan Arşivi),https://sehitlerimiz.org.tr/sehit/halim-sahin-103216
6a298310f8f3698d6aee24fb,Hamdi Yılmaz,,P.Er.,Sakarya,"Sakarya, Adapazarı",1953,1974-07-22,Kıbrıs Barış Harekâtı (1974),Türkiye Muharip Gaziler Derneği (E.P.Alb. Mehmet Şükrü Tandoğan Arşivi),https://sehitlerimiz.org.tr/sehit/hamdi-yilmaz-103570
1656f47665b38117b1ebeb0f,Hasan Alkan,,P.Er.,Hatay,"Hatay, Antakya",1953,1974-07-22,Kıbrıs Barış Harekâtı (1974),Türkiye Muharip Gaziler Derneği (E.P.Alb. Mehmet Şükrü Tandoğan Arşivi),https://sehitlerimiz.org.tr/sehit/hasan-alkan-103669
002acb9304c5049ea01d5f7a,Hasan Güven,,J.Er.,Samsun,Samsun,1954,1974-07-22,Kıbrıs Barış Harekâtı (1974),Türkiye Muharip Gaziler Derneği (E.P.Alb. Mehmet Şükrü Tandoğan Arşivi),https://sehitlerimiz.org.tr/sehit/hasan-guven-103667
753ee554a35fd27352b0e932,Haydar Kaya,,P.Er.,Şanlıurfa,"Şanlıurfa, Urfa",1953,1974-07-22,Kıbrıs Barış Harekâtı (1974),Türkiye Muharip Gaziler Derneği (E.P.Alb. Mehmet Şükrü Tandoğan Arşivi),https://sehitlerimiz.org.tr/sehit/haydar-kaya-103399
4185bd1fb5ca0f6464f30098,Hicret Akar,,P.Astb.Çvş.,Balıkesir,"Balıkesir, Burhaniye",1954,1974-07-22,Kıbrıs Barış Harekâtı (1974),Türkiye Muharip Gaziler Derneği (E.P.Alb. Mehmet Şükrü Tandoğan Arşivi),https://sehitlerimiz.org.tr/sehit/hicret-akar-103210
5102d26f00bb0b1b834ae063,Hüseyin Tüfekçi,,P.Er.,Çankırı,"Çankırı, Ilgaz",1953,1974-07-22,Kıbrıs Barış Harekâtı (1974),Türkiye Muharip Gaziler Derneği (E.P.Alb. Mehmet Şükrü Tandoğan Arşivi),https://sehitlerimiz.org.tr/sehit/huseyin-tufekci-103521
a283ed712ea580b4652b9bcc,Hüseyin Özyurt,,P.Er.,Ordu,Ordu,1950,1974-07-22,Kıbrıs Barış Harekâtı (1974),Türkiye Muharip Gaziler Derneği (E.P.Alb. Mehmet Şükrü Tandoğan Arşivi),https://sehitlerimiz.org.tr/sehit/huseyin-ozyurt-103462
d3103be3646670aca6f1b8ad,Hüsnü Doğu,,P.Er.,Gümüşhane,Gümüşhane,1953,1974-07-22,Kıbrıs Barış Harekâtı (1974),Türkiye Muharip Gaziler Derneği (E.P.Alb. Mehmet Şükrü Tandoğan Arşivi),https://sehitlerimiz.org.tr/sehit/husnu-dogu-103320
eac4d8a3b2afb6a29f452ac1,Kamil Balkan,,P.Onb.,İstanbul,İstanbul,1947,1974-07-22,Kıbrıs Barış Harekâtı (1974),Türkiye Muharip Gaziler Derneği (E.P.Alb. Mehmet Şükrü Tandoğan Arşivi),https://sehitlerimiz.org.tr/sehit/kamil-balkan-103279
ccc8905894747f24d64689b4,Kaya Afacan,,P.Er.,Sivas,Sivas,1953,1974-07-22,Kıbrıs Barış Harekâtı (1974),Türkiye Muharip Gaziler Derneği (E.P.Alb. Mehmet Şükrü Tandoğan Arşivi),https://sehitlerimiz.org.tr/sehit/kaya-afacan-103230
cfad4038805261e346ffb315,Kazım Kara,,Mu.Er.,Sakarya,"Sakarya, Geyve",1953,1974-07-22,Kıbrıs Barış Harekâtı (1974),Türkiye Muharip Gaziler Derneği (E.P.Alb. Mehmet Şükrü Tandoğan Arşivi),https://sehitlerimiz.org.tr/sehit/kazim-kara-103683
ccf22d31da67039920a5a017,Kazım Tunç,,P.Çvş.,Amasya,"Amasya, Merzifon",1953,1974-07-22,Kıbrıs Barış Harekâtı (1974),Türkiye Muharip Gaziler Derneği (E.P.Alb. Mehmet Şükrü Tandoğan Arşivi),https://sehitlerimiz.org.tr/sehit/kazim-tunc-103535
8700de5f8689c33fda14ef53,Kazım Turan,,P.Çvş.,Trabzon,"Trabzon, Akçaabat",1953,1974-07-22,Kıbrıs Barış Harekâtı (1974),Türkiye Muharip Gaziler Derneği (E.P.Alb. Mehmet Şükrü Tandoğan Arşivi),https://sehitlerimiz.org.tr/sehit/kazim-turan-103512
407acc89aeb9fbc7e06aeddb,Kazım Çalışkan,,P.Er.,Çorum,Çorum,1953,1974-07-22,Kıbrıs Barış Harekâtı (1974),Türkiye Muharip Gaziler Derneği (E.P.Alb. Mehmet Şükrü Tandoğan Arşivi),https://sehitlerimiz.org.tr/sehit/kazim-caliskan-103308
4a01becc48e5bc4e9db7e7b9,Kazım Şahin,,P.Er.,Kayseri,Kayseri,1954,1974-07-22,Kıbrıs Barış Harekâtı (1974),Türkiye Muharip Gaziler Derneği (E.P.Alb. Mehmet Şükrü Tandoğan Arşivi),https://sehitlerimiz.org.tr/sehit/kazim-sahin-103490
93ec4bfcb249a489184041d8,Lütfü Kıcı,,P.Çvş.,Kocaeli,"Kocaeli, Kandıra",1953,1974-07-22,Kıbrıs Barış Harekâtı (1974),Türkiye Muharip Gaziler Derneği (E.P.Alb. Mehmet Şükrü Tandoğan Arşivi),https://sehitlerimiz.org.tr/sehit/lutfu-kici-103435
bc98be20c918ac2df838f304,M.ali Arpa,,P.Er.,Mardin,"Mardin, Mazıdağı",1953,1974-07-22,Kıbrıs Barış Harekâtı (1974),Türkiye Muharip Gaziler Derneği (E.P.Alb. Mehmet Şükrü Tandoğan Arşivi),https://sehitlerimiz.org.tr/sehit/m-ali-arpa-103670
4f1d1937f1f956cf3cd86d20,Mahmut Camaz,,P.Er.,Sakarya,"Sakarya, Adapazarı",1953,1974-07-22,Kıbrıs Barış Harekâtı (1974),Türkiye Muharip Gaziler Derneği (E.P.Alb. Mehmet Şükrü Tandoğan Arşivi),https://sehitlerimiz.org.tr/sehit/mahmut-camaz-103311
3a2963593e31d11f23767c4d,Mahmut Demirel,,P.Er.,İzmir,İzmir,1953,1974-07-22,Kıbrıs Barış Harekâtı (1974),Türkiye Muharip Gaziler Derneği (E.P.Alb. Mehmet Şükrü Tandoğan Arşivi),https://sehitlerimiz.org.tr/sehit/mahmut-demirel-103322
073f60dda3f9da8448dd8a2f,Mahmut Haspolat,,P.Er.,,Pınarbaşı,1954,1974-07-22,Kıbrıs Barış Harekâtı (1974),Türkiye Muharip Gaziler Derneği (E.P.Alb. Mehmet Şükrü Tandoğan Arşivi),https://sehitlerimiz.org.tr/sehit/mahmut-haspolat-103382
c46e0c25c38373130c802b47,Mehmet Dilber,,P.Er.,Eskişehir,Eskişehir,1954,1974-07-22,Kıbrıs Barış Harekâtı (1974),Türkiye Muharip Gaziler Derneği (E.P.Alb. Mehmet Şükrü Tandoğan Arşivi),https://sehitlerimiz.org.tr/sehit/mehmet-dilber-103341
fa501d4a4d25d5c14ee50153,Mehmet Kara,,Tnk.Onb.,Muğla,Muğla,1953,1974-07-22,Kıbrıs Barış Harekâtı (1974),Türkiye Muharip Gaziler Derneği (E.P.Alb. Mehmet Şükrü Tandoğan Arşivi),https://sehitlerimiz.org.tr/sehit/mehmet-kara-103405
8e5c3287081844bbd2a79b3d,Mehmet Yavuz,,Tnk.Kd.Bçvş.,Elazığ,Elazığ,1943,1974-07-22,Kıbrıs Barış Harekâtı (1974),Türkiye Muharip Gaziler Derneği (E.P.Alb. Mehmet Şükrü Tandoğan Arşivi),https://sehitlerimiz.org.tr/sehit/mehmet-yavuz-103214
240b03c081137a75003a9962,Mehmet Yıldız,,P.Astb.Çvş.,Çankırı,"Çankırı, Kurşunlu",1954,1974-07-22,Kıbrıs Barış Harekâtı (1974),Türkiye Muharip Gaziler Derneği (E.P.Alb. Mehmet Şükrü Tandoğan Arşivi),https://sehitlerimiz.org.tr/sehit/mehmet-yildiz-103211
3e8d3da925f4e26ea840374a,Muammer Karaağaç,,P.Astb.Çvş.,Çankırı,Çankırı,1952,1974-07-22,Kıbrıs Barış Harekâtı (1974),Türkiye Muharip Gaziler Derneği (E.P.Alb. Mehmet Şükrü Tandoğan Arşivi),https://sehitlerimiz.org.tr/sehit/muammer-karaagac-103209
f044c697125f479b3c44898a,Muharrem Aydın,,P.Er.,Zonguldak,"Zonguldak, Çaycuma",1953,1974-07-22,Kıbrıs Barış Harekâtı (1974),Türkiye Muharip Gaziler Derneği (E.P.Alb. Mehmet Şükrü Tandoğan Arşivi),https://sehitlerimiz.org.tr/sehit/muharrem-aydin-103232
fd764f35848c06e856ef0df7,Mustafa Dinçer,,P.Er.,Balıkesir,Balıkesir,1954,1974-07-22,Kıbrıs Barış Harekâtı (1974),Türkiye Muharip Gaziler Derneği (E.P.Alb. Mehmet Şükrü Tandoğan Arşivi),https://sehitlerimiz.org.tr/sehit/mustafa-dincer-103317
d53748769304b98444b3c1d0,Mustafa Işık,,P.Er.,Giresun,Giresun,1953,1974-07-22,Kıbrıs Barış Harekâtı (1974),Türkiye Muharip Gaziler Derneği (E.P.Alb. Mehmet Şükrü Tandoğan Arşivi),https://sehitlerimiz.org.tr/sehit/mustafa-isik-103384
f4d6819ab277fee0684561f5,Mustafa Yurdakadim,,P.Onb.,Ankara,Ankara,1953,1974-07-22,Kıbrıs Barış Harekâtı (1974),Türkiye Muharip Gaziler Derneği (E.P.Alb. Mehmet Şükrü Tandoğan Arşivi),https://sehitlerimiz.org.tr/sehit/mustafa-yurdakadim-103566
82b98469d02a7066297208b8,Mustafa İldeniz,,P.Er.,Mersin,"Mersin, Silifke",1954,1974-07-22,Kıbrıs Barış Harekâtı (1974),Türkiye Muharip Gaziler Derneği (E.P.Alb. Mehmet Şükrü Tandoğan Arşivi),https://sehitlerimiz.org.tr/sehit/mustafa-ildeniz-103385
3b939dfa1add24564ab31fa6,Nazım Kara,,P.Er.,Giresun,Giresun,1953,1974-07-22,Kıbrıs Barış Harekâtı (1974),Türkiye Muharip Gaziler Derneği (E.P.Alb. Mehmet Şükrü Tandoğan Arşivi),https://sehitlerimiz.org.tr/sehit/nazim-kara-103448
da4054c565f22f0001cf896d,Necati Şentürk,,P.Er.,Tekirdağ,"Tekirdağ, Malkara",1954,1974-07-22,Kıbrıs Barış Harekâtı (1974),Türkiye Muharip Gaziler Derneği (E.P.Alb. Mehmet Şükrü Tandoğan Arşivi),https://sehitlerimiz.org.tr/sehit/necati-senturk-103511
01748f6c56f74ef12271ff14,Necdet Diler,,P.Çvş.,Erzurum,Erzurum,1953,1974-07-22,Kıbrıs Barış Harekâtı (1974),Türkiye Muharip Gaziler Derneği (E.P.Alb. Mehmet Şükrü Tandoğan Arşivi),https://sehitlerimiz.org.tr/sehit/necdet-diler-103318
630d86b70a1127fb40c127e0,Nizameddin Sungur,,P.Ütğm.,Sivas,Sivas,1942,1974-07-22,Kıbrıs Barış Harekâtı (1974),Türkiye Muharip Gaziler Derneği (E.P.Alb. Mehmet Şükrü Tandoğan Arşivi),https://sehitlerimiz.org.tr/sehit/nizameddin-sungur-103177
6e0b65eb0bee16cb3cbafd12,Nizamettin Aydın,,P.Er.,Bursa,"Bursa, Murat",1953,1974-07-22,Kıbrıs Barış Harekâtı (1974),Türkiye Muharip Gaziler Derneği (E.P.Alb. Mehmet Şükrü Tandoğan Arşivi),https://sehitlerimiz.org.tr/sehit/nizamettin-aydin-103229
e29717f1ef890807e0a70a23,Nurettin Duman,,P.Er.,Kahramanmaraş,"Kahramanmaraş, Göksun",1953,1974-07-22,Kıbrıs Barış Harekâtı (1974),Türkiye Muharip Gaziler Derneği (E.P.Alb. Mehmet Şükrü Tandoğan Arşivi),https://sehitlerimiz.org.tr/sehit/nurettin-duman-103321
e810543ff3f5d4931f4910ca,Nuri Demir,,P.Er.,Hatay,"Hatay, İskenderun",1953,1974-07-22,Kıbrıs Barış Harekâtı (1974),Türkiye Muharip Gaziler Derneği (E.P.Alb. Mehmet Şükrü Tandoğan Arşivi),https://sehitlerimiz.org.tr/sehit/nuri-demir-103325
38d01ce3462ca44ced51964c,Orhan Kurban,,P.Er.,Kars,Kars,1953,1974-07-22,Kıbrıs Barış Harekâtı (1974),Türkiye Muharip Gaziler Derneği (E.P.Alb. Mehmet Şükrü Tandoğan Arşivi),https://sehitlerimiz.org.tr/sehit/orhan-kurban-103472
1e7cde1cd12e42beaa0ff6a6,Osman Bakır,,Piyade Er,Düzce,Düzce,1954,1974-07-22,Kıbrıs Barış Harekâtı (1974),Bolu Valiliği — Şehit ve Gazilerimiz; Türkiye Muharip Gaziler Derneği (E.P.Alb. Mehmet Şükrü Tandoğan Arşivi),https://sehitlerimiz.org.tr/sehit/osman-bakir-103752
72b3b8461b367380914d37f4,Ramazan Eroğlu,,P.Er.,Aksaray,Aksaray,1953,1974-07-22,Kıbrıs Barış Harekâtı (1974),Türkiye Muharip Gaziler Derneği (E.P.Alb. Mehmet Şükrü Tandoğan Arşivi),https://sehitlerimiz.org.tr/sehit/ramazan-eroglu-103347
360307a9192dc4247ab307f6,Ramiz Turan,,Tnk. Yzb.,Manisa,"Manisa, Salihli",1940,1974-07-22,Kıbrıs Barış Harekâtı (1974),Türkiye Muharip Gaziler Derneği (E.P.Alb. Mehmet Şükrü Tandoğan Arşivi),https://sehitlerimiz.org.tr/sehit/ramiz-turan-103182
0f3984bed8bbb1a494ab2883,Rıza Karaoğlan,,P.Er.,Samsun,"Samsun, Havza",1953,1974-07-22,Kıbrıs Barış Harekâtı (1974),Türkiye Muharip Gaziler Derneği (E.P.Alb. Mehmet Şükrü Tandoğan Arşivi),https://sehitlerimiz.org.tr/sehit/riza-karaoglan-103436
f5126b6af8f7578d5e779c7c,Sabri Tütüncü,,Dz.P.Er.,Trabzon,Trabzon,1953,1974-07-22,Kıbrıs Barış Harekâtı (1974),Türkiye Muharip Gaziler Derneği (E.P.Alb. Mehmet Şükrü Tandoğan Arşivi),https://sehitlerimiz.org.tr/sehit/sabri-tutuncu-103647
235fa987d04c04cec6f5fa96,Sadettin Madencioğlu,,P.Çvş.,Zonguldak,Zonguldak,1953,1974-07-22,Kıbrıs Barış Harekâtı (1974),Türkiye Muharip Gaziler Derneği (E.P.Alb. Mehmet Şükrü Tandoğan Arşivi),https://sehitlerimiz.org.tr/sehit/sadettin-madencioglu-103453
3b8691b154efe57693cd93b6,Salih Cıbır,,P.Onb.,Ankara,Ankara,1954,1974-07-22,Kıbrıs Barış Harekâtı (1974),Türkiye Muharip Gaziler Derneği (E.P.Alb. Mehmet Şükrü Tandoğan Arşivi),https://sehitlerimiz.org.tr/sehit/salih-cibir-103296
6f31287de3b7c705b5337856,Sebahattin Gürsu,,P.Er.,Bursa,Bursa,1953,1974-07-22,Kıbrıs Barış Harekâtı (1974),Türkiye Muharip Gaziler Derneği (E.P.Alb. Mehmet Şükrü Tandoğan Arşivi),https://sehitlerimiz.org.tr/sehit/sebahattin-gursu-103370
e08f510dc1aaf7713a8d1676,Sebahattin Yılmaz,,P.Er.,Samsun,"Samsun, Havza",1953,1974-07-22,Kıbrıs Barış Harekâtı (1974),Türkiye Muharip Gaziler Derneği (E.P.Alb. Mehmet Şükrü Tandoğan Arşivi),https://sehitlerimiz.org.tr/sehit/sebahattin-yilmaz-103567
e75ecdad3804a66bcd7d1317,Süleyman Bayburt,,P.Er.,,,1953,1974-07-22,Kıbrıs Barış Harekâtı (1974),Türkiye Muharip Gaziler Derneği (E.P.Alb. Mehmet Şükrü Tandoğan Arşivi),https://sehitlerimiz.org.tr/sehit/suleyman-bayburt-103289
4063cc712b6e4aae5ab37850,Süleyman Özkan,,P.Er.,Sivas,"Sivas, Zara",1953,1974-07-22,Kıbrıs Barış Harekâtı (1974),Türkiye Muharip Gaziler Derneği (E.P.Alb. Mehmet Şükrü Tandoğan Arşivi),https://sehitlerimiz.org.tr/sehit/suleyman-ozkan-103463
d1e43feff9dcd2cbd018dcc0,Yakup Gülen,,Tnk.Er.,Yozgat,Yozgat,1953,1974-07-22,Kıbrıs Barış Harekâtı (1974),Türkiye Muharip Gaziler Derneği (E.P.Alb. Mehmet Şükrü Tandoğan Arşivi),https://sehitlerimiz.org.tr/sehit/yakup-gulen-103371
a2ec64c9ddf8e9ebb955a2b7,Yavuz Sokullu,,Tnk. Kd.Ütğm.,İstanbul,İstanbul,1944,1974-07-22,Kıbrıs Barış Harekâtı (1974),Türkiye Muharip Gaziler Derneği (E.P.Alb. Mehmet Şükrü Tandoğan Arşivi),https://sehitlerimiz.org.tr/sehit/yavuz-sokullu-103183
104ae8bbb9ab663c4e86c061,Ömer Yıldırım,,P.Er.,Sivas,"Sivas, Yıldızeli",1954,1974-07-22,Kıbrıs Barış Harekâtı (1974),Türkiye Muharip Gaziler Derneği (E.P.Alb. Mehmet Şükrü Tandoğan Arşivi),https://sehitlerimiz.org.tr/sehit/omer-yildirim-103564
5e3d6ef249fac865dfba2709,Ünal Genç,,P.Ütğm.,Trabzon,Trabzon,1949,1974-07-22,Kıbrıs Barış Harekâtı (1974),Türkiye Muharip Gaziler Derneği (E.P.Alb. Mehmet Şükrü Tandoğan Arşivi),https://sehitlerimiz.org.tr/sehit/unal-genc-103181
1e1b41a1b1bc01973491c3ab,İsmail Tosun,,Ulşt.Er.,İzmir,"İzmir, Ödemiş",1953,1974-07-22,Kıbrıs Barış Harekâtı (1974),Türkiye Muharip Gaziler Derneği (E.P.Alb. Mehmet Şükrü Tandoğan Arşivi),https://sehitlerimiz.org.tr/sehit/ismail-tosun-103517
0ff64c65fe84dc881b7a8456,Şakir Ağaçkıran,,P.Er.,İzmir,"İzmir, Ödemiş",1953,1974-07-22,Kıbrıs Barış Harekâtı (1974),Türkiye Muharip Gaziler Derneği (E.P.Alb. Mehmet Şükrü Tandoğan Arşivi),https://sehitlerimiz.org.tr/sehit/sakir-agackiran-103235
09441863620c253784b7164d,Şeref Kavak,,P.Er.,Burdur,"Burdur, Tefenni",1953,1974-07-22,Kıbrıs Barış Harekâtı (1974),Türkiye Muharip Gaziler Derneği (E.P.Alb. Mehmet Şükrü Tandoğan Arşivi),https://sehitlerimiz.org.tr/sehit/seref-kavak-103409
3999b900551ed4d4cf9044d3,Şevket Çil,,Yd.P.Atğm.,Kars,Kars,1946,1974-07-22,Kıbrıs Barış Harekâtı (1974),Türkiye Muharip Gaziler Derneği (E.P.Alb. Mehmet Şükrü Tandoğan Arşivi),https://sehitlerimiz.org.tr/sehit/sevket-cil-103194
1e331aca769bd82bc13dcd38,A.bayram Erciyes,,P.Çvş.,Kayseri,"Kayseri, Bünyan",1954,1974-07-23,Kıbrıs Barış Harekâtı (1974),Türkiye Muharip Gaziler Derneği (E.P.Alb. Mehmet Şükrü Tandoğan Arşivi),https://sehitlerimiz.org.tr/sehit/a-bayram-erciyes-103352
751324c602b7216a19e11015,Adem Turan,,P.Er.,Kırklareli,"Kırklareli, Lüleburgaz",1953,1974-07-23,Kıbrıs Barış Harekâtı (1974),Türkiye Muharip Gaziler Derneği (E.P.Alb. Mehmet Şükrü Tandoğan Arşivi),https://sehitlerimiz.org.tr/sehit/adem-turan-103519
f8f0a9e412af5c81f9ae6b0e,Adnan Türker,,P.Çvş.,Giresun,"Giresun, Dereli",1953,1974-07-23,Kıbrıs Barış Harekâtı (1974),Türkiye Muharip Gaziler Derneği (E.P.Alb. Mehmet Şükrü Tandoğan Arşivi),https://sehitlerimiz.org.tr/sehit/adnan-turker-103522
cd9dc3baa5d607c134e9fe92,Ahmet Polat,,İs.Er.,Tokat,Tokat,1953,1974-07-23,Kıbrıs Barış Harekâtı (1974),Türkiye Muharip Gaziler Derneği (E.P.Alb. Mehmet Şükrü Tandoğan Arşivi),https://sehitlerimiz.org.tr/sehit/ahmet-polat-103478
0e0e71f9f7f91f3e81455f66,Ali Beyoğulları,,P.Çvş.,İzmir,İzmir,1953,1974-07-23,Kıbrıs Barış Harekâtı (1974),Türkiye Muharip Gaziler Derneği (E.P.Alb. Mehmet Şükrü Tandoğan Arşivi),https://sehitlerimiz.org.tr/sehit/ali-beyogullari-103673
76766f650cdcd365313c7b5c,Ali Osman Esen,,P.Onb.,Çanakkale,"Çanakkale, Ayvacık",1953,1974-07-23,Kıbrıs Barış Harekâtı (1974),Türkiye Muharip Gaziler Derneği (E.P.Alb. Mehmet Şükrü Tandoğan Arşivi),https://sehitlerimiz.org.tr/sehit/ali-osman-esen-103349
5cebba4a4004b75bf6929fb5,Alihan Demir,,P.Er.,Muş,"Muş, Malazgirt",1953,1974-07-23,Kıbrıs Barış Harekâtı (1974),Türkiye Muharip Gaziler Derneği (E.P.Alb. Mehmet Şükrü Tandoğan Arşivi),https://sehitlerimiz.org.tr/sehit/alihan-demir-103675
a006ad61fa53d4a60683b047,Arif Yiğitoğlu,,P.Er.,Çankırı,"Çankırı, Çerkeş",1954,1974-07-23,Kıbrıs Barış Harekâtı (1974),Türkiye Muharip Gaziler Derneği (E.P.Alb. Mehmet Şükrü Tandoğan Arşivi),https://sehitlerimiz.org.tr/sehit/arif-yigitoglu-103565
e3732fcffab2ad15254dec0d,Bayram Demir,,P.Onb.,Adana,"Adana, Kozan",1953,1974-07-23,Kıbrıs Barış Harekâtı (1974),Türkiye Muharip Gaziler Derneği (E.P.Alb. Mehmet Şükrü Tandoğan Arşivi),https://sehitlerimiz.org.tr/sehit/bayram-demir-103324
398556aeb2815c87a1a113eb,Efrahim Demir,,P.Er.,Ardahan,Ardahan,1953,1974-07-23,Kıbrıs Barış Harekâtı (1974),Türkiye Muharip Gaziler Derneği (E.P.Alb. Mehmet Şükrü Tandoğan Arşivi),https://sehitlerimiz.org.tr/sehit/efrahim-demir-103323
b2a56c70bbd6068ee7f9892a,H.ibrahim Kocaaktaş,,P.Er.,Balıkesir,"Balıkesir, Gönen",1954,1974-07-23,Kıbrıs Barış Harekâtı (1974),Türkiye Muharip Gaziler Derneği (E.P.Alb. Mehmet Şükrü Tandoğan Arşivi),https://sehitlerimiz.org.tr/sehit/h-ibrahim-kocaaktas-103401
2c153ac1d2b9cddc6c6d9f12,Hüseyin Koç,,P.Onb.,Ankara,Ankara,1953,1974-07-23,Kıbrıs Barış Harekâtı (1974),Türkiye Muharip Gaziler Derneği (E.P.Alb. Mehmet Şükrü Tandoğan Arşivi),https://sehitlerimiz.org.tr/sehit/huseyin-koc-103408
45da641a0611c4c52f1419fd,M.ali Tan,,P.Er.,Nevşehir,Nevşehir,1953,1974-07-23,Kıbrıs Barış Harekâtı (1974),Türkiye Muharip Gaziler Derneği (E.P.Alb. Mehmet Şükrü Tandoğan Arşivi),https://sehitlerimiz.org.tr/sehit/m-ali-tan-103536
fdff6948409ca8bf7329b8a2,Mehmet Ceyhan,,P.Çvş.,Hakkâri,Hakkâri,1953,1974-07-23,Kıbrıs Barış Harekâtı (1974),Türkiye Muharip Gaziler Derneği (E.P.Alb. Mehmet Şükrü Tandoğan Arşivi),https://sehitlerimiz.org.tr/sehit/mehmet-ceyhan-103299
63a92f016dadf640f232727b,Mesut Saban,,P.Çvş.,İzmir,"İzmir, Bergama",1953,1974-07-23,Kıbrıs Barış Harekâtı (1974),Türkiye Muharip Gaziler Derneği (E.P.Alb. Mehmet Şükrü Tandoğan Arşivi),https://sehitlerimiz.org.tr/sehit/mesut-saban-103491
d4a3299430e80aaa7c656023,Nazmi Köse,,P.Er.,İstanbul,"İstanbul, Fatih",1954,1974-07-23,Kıbrıs Barış Harekâtı (1974),Türkiye Muharip Gaziler Derneği (E.P.Alb. Mehmet Şükrü Tandoğan Arşivi),https://sehitlerimiz.org.tr/sehit/nazmi-kose-103395
6529e478118e4c4c4eec6ce2,Necmi Alimanoğlu,,P.Er.,Sakarya,"Sakarya, Adapazarı",1953,1974-07-23,Kıbrıs Barış Harekâtı (1974),Türkiye Muharip Gaziler Derneği (E.P.Alb. Mehmet Şükrü Tandoğan Arşivi),https://sehitlerimiz.org.tr/sehit/necmi-alimanoglu-103223
901c6ac77100886a7a46be83,Orhan Kürkçü,,P.Er.,Kırşehir,Kırşehir,1953,1974-07-23,Kıbrıs Barış Harekâtı (1974),Türkiye Muharip Gaziler Derneği (E.P.Alb. Mehmet Şükrü Tandoğan Arşivi),https://sehitlerimiz.org.tr/sehit/orhan-kurkcu-103394
bedcc59cde35d51f3aa27ac4,Recep Bilge,,P.Er.,Kırşehir,Kırşehir,1954,1974-07-23,Kıbrıs Barış Harekâtı (1974),Türkiye Muharip Gaziler Derneği (E.P.Alb. Mehmet Şükrü Tandoğan Arşivi),https://sehitlerimiz.org.tr/sehit/recep-bilge-103674
02efc72c034bb046ff3b1cb2,Sabri Soydemir,,İs.Er.,Çanakkale,"Çanakkale, Ezine",1953,1974-07-23,Kıbrıs Barış Harekâtı (1974),Türkiye Muharip Gaziler Derneği (E.P.Alb. Mehmet Şükrü Tandoğan Arşivi),https://sehitlerimiz.org.tr/sehit/sabri-soydemir-103489
664a2e134efa04a79d475e34,Süleyman Susamcı,,P.Er.,Edirne,"Edirne, Keşan",1953,1974-07-23,Kıbrıs Barış Harekâtı (1974),Türkiye Muharip Gaziler Derneği (E.P.Alb. Mehmet Şükrü Tandoğan Arşivi),https://sehitlerimiz.org.tr/sehit/suleyman-susamci-103493
fad81119f83d517733c091f4,Tahsin Bozkurt,,P.Er.,Şanlıurfa,"Şanlıurfa, Urfa",1953,1974-07-23,Kıbrıs Barış Harekâtı (1974),Türkiye Muharip Gaziler Derneği (E.P.Alb. Mehmet Şükrü Tandoğan Arşivi),https://sehitlerimiz.org.tr/sehit/tahsin-bozkurt-103291
64f575df3c19bd54f87ce3ad,Tahsin Tunç,,P.Er.,Yozgat,Yozgat,1953,1974-07-23,Kıbrıs Barış Harekâtı (1974),Türkiye Muharip Gaziler Derneği (E.P.Alb. Mehmet Şükrü Tandoğan Arşivi),https://sehitlerimiz.org.tr/sehit/tahsin-tunc-103515
81f6bbad4524533329795378,Tayyar Delen,,P.Er.,Gaziantep,Gaziantep,1953,1974-07-23,Kıbrıs Barış Harekâtı (1974),Türkiye Muharip Gaziler Derneği (E.P.Alb. Mehmet Şükrü Tandoğan Arşivi),https://sehitlerimiz.org.tr/sehit/tayyar-delen-103676
50c5a5bee592a682693f66a8,Yılmaz Yıldız,,P.Er.,Bursa,Bursa,1954,1974-07-23,Kıbrıs Barış Harekâtı (1974),Türkiye Muharip Gaziler Derneği (E.P.Alb. Mehmet Şükrü Tandoğan Arşivi),https://sehitlerimiz.org.tr/sehit/yilmaz-yildiz-103560
99a8f5051c6f1d4b69f263c8,Ömer Güvenç,,P.Çvş.,Sivas,"Sivas, Şarkışla",1953,1974-07-23,Kıbrıs Barış Harekâtı (1974),Türkiye Muharip Gaziler Derneği (E.P.Alb. Mehmet Şükrü Tandoğan Arşivi),https://sehitlerimiz.org.tr/sehit/omer-guvenc-103369
4a985d5f18d2aaad397cbfeb,İbrahim Çınar,,Hv.Plt.Ütğm.,Balıkesir,Balıkesir,1947,1974-07-23,Kıbrıs Barış Harekâtı (1974),Türkiye Muharip Gaziler Derneği (E.P.Alb. Mehmet Şükrü Tandoğan Arşivi),https://sehitlerimiz.org.tr/sehit/ibrahim-cinar-103652
4fe3c250f609b80459a24ba7,İrfan Ersoy,,P.Onb.,Kütahya,Kütahya,1953,1974-07-23,Kıbrıs Barış Harekâtı (1974),Türkiye Muharip Gaziler Derneği (E.P.Alb. Mehmet Şükrü Tandoğan Arşivi),https://sehitlerimiz.org.tr/sehit/irfan-ersoy-103348
d463d08dab2aec2467782925,İsmail Kurtulmuş,,P.Onb.,Çanakkale,"Çanakkale, Ezine",1953,1974-07-23,Kıbrıs Barış Harekâtı (1974),Türkiye Muharip Gaziler Derneği (E.P.Alb. Mehmet Şükrü Tandoğan Arşivi),https://sehitlerimiz.org.tr/sehit/ismail-kurtulmus-103397
ffb0f7c51c5a20dc7a924383,İsmail Yüksel,,P.Er.,Edirne,Edirne,1953,1974-07-23,Kıbrıs Barış Harekâtı (1974),Türkiye Muharip Gaziler Derneği (E.P.Alb. Mehmet Şükrü Tandoğan Arşivi),https://sehitlerimiz.org.tr/sehit/ismail-yuksel-103692
ee61b12c91f7a13e9bb37461,Şeref Kurt,,P.Onb.,Kahramanmaraş,"Kahramanmaraş, Maraş",1953,1974-07-23,Kıbrıs Barış Harekâtı (1974),Türkiye Muharip Gaziler Derneği (E.P.Alb. Mehmet Şükrü Tandoğan Arşivi),https://sehitlerimiz.org.tr/sehit/seref-kurt-103390
ca867ebe1e462c3d979fc255,Fevzi Bingöl,,P.Er.,Muş,Muş,1953,1974-07-24,Kıbrıs Barış Harekâtı (1974),Türkiye Muharip Gaziler Derneği (E.P.Alb. Mehmet Şükrü Tandoğan Arşivi),https://sehitlerimiz.org.tr/sehit/fevzi-bingol-103278
ebf35da7264af3f3002e7980,Hüdaverdi Ulutaş,,Top.Onb.,Ankara,Ankara,1952,1974-07-24,Kıbrıs Barış Harekâtı (1974),Türkiye Muharip Gaziler Derneği (E.P.Alb. Mehmet Şükrü Tandoğan Arşivi),https://sehitlerimiz.org.tr/sehit/hudaverdi-ulutas-103548
f0e44bf6f0a4a518bf762123,Kadir Maranlı,,P.Er.,Nevşehir,"Nevşehir, Kozaklı",1953,1974-07-24,Kıbrıs Barış Harekâtı (1974),Türkiye Muharip Gaziler Derneği (E.P.Alb. Mehmet Şükrü Tandoğan Arşivi),https://sehitlerimiz.org.tr/sehit/kadir-maranli-103455
c08aa063428307485880c8c3,Mehmet Yılmaz,,P.Er.,Ankara,Ankara,1954,1974-07-24,Kıbrıs Barış Harekâtı (1974),Türkiye Muharip Gaziler Derneği (E.P.Alb. Mehmet Şükrü Tandoğan Arşivi),https://sehitlerimiz.org.tr/sehit/mehmet-yilmaz-103569
a133b5715986e6cdf13fa1b0,Muhittin Küspeci,,P.Çvş.,Mersin,Mersin,1953,1974-07-24,Kıbrıs Barış Harekâtı (1974),Türkiye Muharip Gaziler Derneği (E.P.Alb. Mehmet Şükrü Tandoğan Arşivi),https://sehitlerimiz.org.tr/sehit/muhittin-kuspeci-103393
4ed23423e0773d5ec6bd62f9,Tunçer Güngör,,P.Kd.Yzb.,Eskişehir,"Eskişehir, Mihalıççık",1938,1974-07-24,Kıbrıs Barış Harekâtı (1974),Türkiye Muharip Gaziler Derneği (E.P.Alb. Mehmet Şükrü Tandoğan Arşivi),https://sehitlerimiz.org.tr/sehit/tuncer-gungor-103175
b8ef97d77e9caa235e18efad,Aslan Seçkin,,P.Çvş.,Sivas,"Sivas, Zara",1953,1974-07-25,Kıbrıs Barış Harekâtı (1974),Türkiye Muharip Gaziler Derneği (E.P.Alb. Mehmet Şükrü Tandoğan Arşivi),https://sehitlerimiz.org.tr/sehit/aslan-seckin-103498
481a3a08a08674bfe41f2092,Cengiz Kurtuluş,,P.Onb.,Ankara,Ankara,1953,1974-07-26,Kıbrıs Barış Harekâtı (1974),Türkiye Muharip Gaziler Derneği (E.P.Alb. Mehmet Şükrü Tandoğan Arşivi),https://sehitlerimiz.org.tr/sehit/cengiz-kurtulus-103398
112b568c539c539694928b69,Gürkan Işık,,Ord.Tğm.,Kütahya,Kütahya,1951,1974-07-26,Kıbrıs Barış Harekâtı (1974),Türkiye Muharip Gaziler Derneği (E.P.Alb. Mehmet Şükrü Tandoğan Arşivi),https://sehitlerimiz.org.tr/sehit/gurkan-isik-103190
86fc48a25bd6871cd10510e7,Kadir Gülseren,,Mu.Bçvş.,Kırklareli,Kırklareli,1946,1974-07-26,Kıbrıs Barış Harekâtı (1974),Türkiye Muharip Gaziler Derneği (E.P.Alb. Mehmet Şükrü Tandoğan Arşivi),https://sehitlerimiz.org.tr/sehit/kadir-gulseren-103219
ad50a2861c7101bbba700f8d,Selçuk Ergen,,Yd.P.Atğm.,,Ereğli,1946,1974-07-26,Kıbrıs Barış Harekâtı (1974),Türkiye Muharip Gaziler Derneği (E.P.Alb. Mehmet Şükrü Tandoğan Arşivi),https://sehitlerimiz.org.tr/sehit/selcuk-ergen-103196
11be3268f147a512cc7af5fe,İbrahim Karaoğlanoğlu,,P.Alb.,Denizli,"Denizli, Tavas",1924,1974-07-27,Kıbrıs Barış Harekâtı (1974),Türkiye Muharip Gaziler Derneği (E.P.Alb. Mehmet Şükrü Tandoğan Arşivi),https://sehitlerimiz.org.tr/sehit/ibrahim-karaoglanoglu-103172
403eebaa8038ccee82a5a61f,Bahadır Yalçın,,İs.Astb.Çvş.,Bolu,Bolu,1954,1974-07-28,Kıbrıs Barış Harekâtı (1974),Türkiye Muharip Gaziler Derneği (E.P.Alb. Mehmet Şükrü Tandoğan Arşivi),https://sehitlerimiz.org.tr/sehit/bahadir-yalcin-103221
2f474aacc34e59b53b7de0b8,Mehmet Buzlusun,,İs.Er.,Erzincan,Erzincan,1953,1974-07-28,Kıbrıs Barış Harekâtı (1974),Türkiye Muharip Gaziler Derneği (E.P.Alb. Mehmet Şükrü Tandoğan Arşivi),https://sehitlerimiz.org.tr/sehit/mehmet-buzlusun-103280
7d44ed9322d772224538d817,Nermi Tombul,,P.Ütğm.,Erzincan,Erzincan,1945,1974-07-28,Kıbrıs Barış Harekâtı (1974),Türkiye Muharip Gaziler Derneği (E.P.Alb. Mehmet Şükrü Tandoğan Arşivi),https://sehitlerimiz.org.tr/sehit/nermi-tombul-103179
afaca1a79d7d7178dd079bf7,Nevzat Özbay,,Piyade Er,Bolu,"Bolu, Mengen",1953,1974-07-28,Kıbrıs Barış Harekâtı (1974),Bolu Valiliği — Şehit ve Gazilerimiz; Türkiye Muharip Gaziler Derneği (E.P.Alb. Mehmet Şükrü Tandoğan Arşivi),https://sehitlerimiz.org.tr/sehit/nevzat-ozbay-103753
1956b45c1a91b6da3c899f3c,Nazmi Saatçi,,P.Ütğm.,Çorum,"Çorum, Sungurlu",1947,1974-07-29,Kıbrıs Barış Harekâtı (1974),Türkiye Muharip Gaziler Derneği (E.P.Alb. Mehmet Şükrü Tandoğan Arşivi),https://sehitlerimiz.org.tr/sehit/nazmi-saatci-103180
5dad4588e0b94a132a41d120,Sadi Güler,,P.Er.,İstanbul,"İstanbul, Üsküdar",1952,1974-07-29,Kıbrıs Barış Harekâtı (1974),Türkiye Muharip Gaziler Derneği (E.P.Alb. Mehmet Şükrü Tandoğan Arşivi),https://sehitlerimiz.org.tr/sehit/sadi-guler-103380
ecbb603a2e0ce67dade48362,Salim Şinik,,P.Er.,Kastamonu,Kastamonu,1953,1974-07-29,Kıbrıs Barış Harekâtı (1974),Türkiye Muharip Gaziler Derneği (E.P.Alb. Mehmet Şükrü Tandoğan Arşivi),https://sehitlerimiz.org.tr/sehit/salim-sinik-103492
75769b78570548b1262e3888,Ömer Abdal,,P.Er.,Uşak,Uşak,1953,1974-07-29,Kıbrıs Barış Harekâtı (1974),Türkiye Muharip Gaziler Derneği (E.P.Alb. Mehmet Şükrü Tandoğan Arşivi),https://sehitlerimiz.org.tr/sehit/omer-abdal-103238
934e003a3d5eb98ee93a760b,Ömer Uçar,,P.Çvş.,Isparta,"Isparta, Yalvaç",1953,1974-07-29,Kıbrıs Barış Harekâtı (1974),Türkiye Muharip Gaziler Derneği (E.P.Alb. Mehmet Şükrü Tandoğan Arşivi),https://sehitlerimiz.org.tr/sehit/omer-ucar-103552
4e99cc3497ae094a7ea849f9,Hasan Dutlu,,Dz.P.Onb.,Balıkesir,Balıkesir,1954,1974-07-30,Kıbrıs Barış Harekâtı (1974),Türkiye Muharip Gaziler Derneği (E.P.Alb. Mehmet Şükrü Tandoğan Arşivi),https://sehitlerimiz.org.tr/sehit/hasan-dutlu-103637
351bc3c2a11e052320912b49,Ali Karpuzcu,,P.Çvş.,Konya,Konya,1953,1974-07-31,Kıbrıs Barış Harekâtı (1974),Türkiye Muharip Gaziler Derneği (E.P.Alb. Mehmet Şükrü Tandoğan Arşivi),https://sehitlerimiz.org.tr/sehit/ali-karpuzcu-103410
ff9942a192c0f96793b34c73,Halit Tekin,,P.Er.,İstanbul,"İstanbul, Üsküdar",1951,1974-07-31,Kıbrıs Barış Harekâtı (1974),Türkiye Muharip Gaziler Derneği (E.P.Alb. Mehmet Şükrü Tandoğan Arşivi),https://sehitlerimiz.org.tr/sehit/halit-tekin-103527
c26b700edaa035b0509536fa,Hayrullah Ekşi,,P.Onb.,Rize,Rize,1953,1974-07-31,Kıbrıs Barış Harekâtı (1974),Türkiye Muharip Gaziler Derneği (E.P.Alb. Mehmet Şükrü Tandoğan Arşivi),https://sehitlerimiz.org.tr/sehit/hayrullah-eksi-103353
d32f0070db8f7fec4e0df710,Ali Karaağaç,,P.Er.,İstanbul,İstanbul,1953,1974-08-01,Kıbrıs Barış Harekâtı (1974),Türkiye Muharip Gaziler Derneği (E.P.Alb. Mehmet Şükrü Tandoğan Arşivi),https://sehitlerimiz.org.tr/sehit/ali-karaagac-103431
1a108f63df57c5ec9878b210,Cafer Bora,,P.Er.,Şırnak,"Şırnak, Beytüşşebap",1953,1974-08-01,Kıbrıs Barış Harekâtı (1974),Türkiye Muharip Gaziler Derneği (E.P.Alb. Mehmet Şükrü Tandoğan Arşivi),https://sehitlerimiz.org.tr/sehit/cafer-bora-103283
54c6e083dbde6c6896f82cc3,Gültekin Sanal,,P.Onb.,Erzurum,Erzurum,1953,1974-08-01,Kıbrıs Barış Harekâtı (1974),Türkiye Muharip Gaziler Derneği (E.P.Alb. Mehmet Şükrü Tandoğan Arşivi),https://sehitlerimiz.org.tr/sehit/gultekin-sanal-103496
a1ad09da9a306edcaeb2b7ad,Alaattin Karataş,,P.Er.,Siirt,"Siirt, Kurtalan",1953,1974-08-02,Kıbrıs Barış Harekâtı (1974),Türkiye Muharip Gaziler Derneği (E.P.Alb. Mehmet Şükrü Tandoğan Arşivi),https://sehitlerimiz.org.tr/sehit/alaattin-karatas-103415
d07d29c44ff345f0586e9303,Ali Kaya,,P.Er.,Tekirdağ,Tekirdağ,1954,1974-08-02,Kıbrıs Barış Harekâtı (1974),Türkiye Muharip Gaziler Derneği (E.P.Alb. Mehmet Şükrü Tandoğan Arşivi),https://sehitlerimiz.org.tr/sehit/ali-kaya-103411
5c2aa54b3f8661e427348538,Ali Ocak,,P.Er.,Ordu,"Ordu, Fatsa",1954,1974-08-02,Kıbrıs Barış Harekâtı (1974),Türkiye Muharip Gaziler Derneği (E.P.Alb. Mehmet Şükrü Tandoğan Arşivi),https://sehitlerimiz.org.tr/sehit/ali-ocak-103458
8c175c07f8de9a52b1e6f860,Hamdi Kiracı,,P.Er.,Kırklareli,Kırklareli,1953,1974-08-02,Kıbrıs Barış Harekâtı (1974),Türkiye Muharip Gaziler Derneği (E.P.Alb. Mehmet Şükrü Tandoğan Arşivi),https://sehitlerimiz.org.tr/sehit/hamdi-kiraci-103412
2d5283c8d746c4d9bf234fd0,Hüseyin Atıcı,,P.Er.,Sakarya,"Sakarya, Adapazarı",1953,1974-08-02,Kıbrıs Barış Harekâtı (1974),Türkiye Muharip Gaziler Derneği (E.P.Alb. Mehmet Şükrü Tandoğan Arşivi),https://sehitlerimiz.org.tr/sehit/huseyin-atici-103242
2005f1934a93c0983e7e48dd,M.nafi Kıvanç,,Yd.P.Atğm.,Gaziantep,Gaziantep,1946,1974-08-02,Kıbrıs Barış Harekâtı (1974),Türkiye Muharip Gaziler Derneği (E.P.Alb. Mehmet Şükrü Tandoğan Arşivi),https://sehitlerimiz.org.tr/sehit/m-nafi-kivanc-103197
9d90106189551117fc4f71db,Cengiz Sarptürk,,P.Er.,Sakarya,"Sakarya, Adapazarı",1951,1974-08-03,Kıbrıs Barış Harekâtı (1974),Türkiye Muharip Gaziler Derneği (E.P.Alb. Mehmet Şükrü Tandoğan Arşivi),https://sehitlerimiz.org.tr/sehit/cengiz-sarpturk-103494
0ad1f1dcecc1b34cc71c9652,Hasan Toyran,,P.Er.,Sakarya,Sakarya,1953,1974-08-03,Kıbrıs Barış Harekâtı (1974),Türkiye Muharip Gaziler Derneği (E.P.Alb. Mehmet Şükrü Tandoğan Arşivi),https://sehitlerimiz.org.tr/sehit/hasan-toyran-103524
516235914d8f250cc47a433a,Lütfü Gelen,,P.Er.,İstanbul,"İstanbul, Bakırköy",1954,1974-08-03,Kıbrıs Barış Harekâtı (1974),Türkiye Muharip Gaziler Derneği (E.P.Alb. Mehmet Şükrü Tandoğan Arşivi),https://sehitlerimiz.org.tr/sehit/lutfu-gelen-103373
671350006f2344b15c18e52e,Vahit İnce,,P.Er.,Tekirdağ,"Tekirdağ, Çerkezköy",1953,1974-08-03,Kıbrıs Barış Harekâtı (1974),Türkiye Muharip Gaziler Derneği (E.P.Alb. Mehmet Şükrü Tandoğan Arşivi),https://sehitlerimiz.org.tr/sehit/vahit-ince-103386
566da0432b115eb67fd5dfce,Yusuf Uğur,,P.Er.,Kayseri,"Kayseri, Bünyan",1953,1974-08-03,Kıbrıs Barış Harekâtı (1974),Türkiye Muharip Gaziler Derneği (E.P.Alb. Mehmet Şükrü Tandoğan Arşivi),https://sehitlerimiz.org.tr/sehit/yusuf-ugur-103549
f8f8a38f416933ddd077aee6,Ahmet Akbaş,,P.Er.,Diyarbakır,"Diyarbakır, Çermik",1953,1974-08-05,Kıbrıs Barış Harekâtı (1974),Türkiye Muharip Gaziler Derneği (E.P.Alb. Mehmet Şükrü Tandoğan Arşivi),https://sehitlerimiz.org.tr/sehit/ahmet-akbas-103243
3aa1fa18d1ae5aa1cea803b5,Bekir Doğan,,Mu.Er.,Yozgat,"Yozgat, Boğazlıyan",1953,1974-08-05,Kıbrıs Barış Harekâtı (1974),Türkiye Muharip Gaziler Derneği (E.P.Alb. Mehmet Şükrü Tandoğan Arşivi),https://sehitlerimiz.org.tr/sehit/bekir-dogan-103328
6e699a9413ac830900fad576,Hasan Sarıca,,Lv.Er.,Denizli,Denizli,1953,1974-08-05,Kıbrıs Barış Harekâtı (1974),Türkiye Muharip Gaziler Derneği (E.P.Alb. Mehmet Şükrü Tandoğan Arşivi),https://sehitlerimiz.org.tr/sehit/hasan-sarica-103497
a9b432d065d8f34f97c9e335,Mehmet Doğan,,P.Er.,Şanlıurfa,"Şanlıurfa, Suruç",1953,1974-08-05,Kıbrıs Barış Harekâtı (1974),Türkiye Muharip Gaziler Derneği (E.P.Alb. Mehmet Şükrü Tandoğan Arşivi),https://sehitlerimiz.org.tr/sehit/mehmet-dogan-103327
5d61451501af9e08306400e4,Aziz Yılmaz,,P.Er.,Bursa,"Bursa, Mustafakemalpaşa",1953,1974-08-06,Kıbrıs Barış Harekâtı (1974),Türkiye Muharip Gaziler Derneği (E.P.Alb. Mehmet Şükrü Tandoğan Arşivi),https://sehitlerimiz.org.tr/sehit/aziz-yilmaz-103694
cf395a67edf0f71bfa02bcf0,Osman Dağlı,,Dz.P.Onb.,Muğla,Muğla,1953,1974-08-06,Kıbrıs Barış Harekâtı (1974),Türkiye Muharip Gaziler Derneği (E.P.Alb. Mehmet Şükrü Tandoğan Arşivi),https://sehitlerimiz.org.tr/sehit/osman-dagli-103646
943e699a6e08abe30b843602,Ramazan Ersan,,P.Er.,Çanakkale,"Çanakkale, Ezine",1953,1974-08-06,Kıbrıs Barış Harekâtı (1974),Türkiye Muharip Gaziler Derneği (E.P.Alb. Mehmet Şükrü Tandoğan Arşivi),https://sehitlerimiz.org.tr/sehit/ramazan-ersan-103354
5b0ad2b971a25e40c5b3cd7e,Tahir Tüzünlü,,P.Er.,Kars,Kars,1953,1974-08-06,Kıbrıs Barış Harekâtı (1974),Türkiye Muharip Gaziler Derneği (E.P.Alb. Mehmet Şükrü Tandoğan Arşivi),https://sehitlerimiz.org.tr/sehit/tahir-tuzunlu-103526
bf60ee518e9aa7cfcad80607,Bünyamin Kasap,,P.Bnb.,Niğde,Niğde,1931,1974-08-08,Kıbrıs Barış Harekâtı (1974),Türkiye Muharip Gaziler Derneği (E.P.Alb. Mehmet Şükrü Tandoğan Arşivi),https://sehitlerimiz.org.tr/sehit/bunyamin-kasap-103173
741c2c51e2b9b21153a4a86f,Halil Akçiçek,,Tabib Ütğm.,Bursa,Bursa,1945,1974-08-08,Kıbrıs Barış Harekâtı (1974),Türkiye Muharip Gaziler Derneği (E.P.Alb. Mehmet Şükrü Tandoğan Arşivi),https://sehitlerimiz.org.tr/sehit/halil-akcicek-103191
5b50df37c35e07eeef0a4ca5,İ.hakkı Gedik,,Sağ.Kd.Bçvş.,Ankara,Ankara,1930,1974-08-08,Kıbrıs Barış Harekâtı (1974),Türkiye Muharip Gaziler Derneği (E.P.Alb. Mehmet Şükrü Tandoğan Arşivi),https://sehitlerimiz.org.tr/sehit/i-hakki-gedik-103222
b10a7a28f46965ff948009cd,Kasım Sarıaslan,,İs.Çvş.,Adana,Adana,1954,1974-08-09,Kıbrıs Barış Harekâtı (1974),Türkiye Muharip Gaziler Derneği (E.P.Alb. Mehmet Şükrü Tandoğan Arşivi),https://sehitlerimiz.org.tr/sehit/kasim-sariaslan-103534
3bdff862d51d64a99767ab27,Gerevan Tomay,,P.Er.,Van,"Van, Çatak",1953,1974-08-13,Kıbrıs Barış Harekâtı (1974),Türkiye Muharip Gaziler Derneği (E.P.Alb. Mehmet Şükrü Tandoğan Arşivi),https://sehitlerimiz.org.tr/sehit/gerevan-tomay-103528
ef88476a2fe8a84bfacb8fcc,Alaaddin Aslan,,P.Er.,Balıkesir,"Balıkesir, Savaştepe",1953,1974-08-14,Kıbrıs Barış Harekâtı (1974),Türkiye Muharip Gaziler Derneği (E.P.Alb. Mehmet Şükrü Tandoğan Arşivi),https://sehitlerimiz.org.tr/sehit/alaaddin-aslan-103245
1b08633853700dd2dd650c34,Arif Diktepe,,P.Er.,Kars,"Kars, Sarıkamış",1954,1974-08-14,Kıbrıs Barış Harekâtı (1974),Türkiye Muharip Gaziler Derneği (E.P.Alb. Mehmet Şükrü Tandoğan Arşivi),https://sehitlerimiz.org.tr/sehit/arif-diktepe-103330
7dbcac398d481d7ad74bf19d,Atilla Türk,,P.Er.,Şanlıurfa,"Şanlıurfa, Urfa",1953,1974-08-14,Kıbrıs Barış Harekâtı (1974),Türkiye Muharip Gaziler Derneği (E.P.Alb. Mehmet Şükrü Tandoğan Arşivi),https://sehitlerimiz.org.tr/sehit/atilla-turk-103538
6801ebd688bceb97b7a0aeaa,Bahattin Baklavacı,,P.Er.,Hatay,"Hatay, Antakya",1954,1974-08-14,Kıbrıs Barış Harekâtı (1974),Türkiye Muharip Gaziler Derneği (E.P.Alb. Mehmet Şükrü Tandoğan Arşivi),https://sehitlerimiz.org.tr/sehit/bahattin-baklavaci-103286
acf17aba6f7629cc1540d7ec,Bekir Aktaş,,P.Er.,Amasya,Amasya,1954,1974-08-14,Kıbrıs Barış Harekâtı (1974),Türkiye Muharip Gaziler Derneği (E.P.Alb. Mehmet Şükrü Tandoğan Arşivi),https://sehitlerimiz.org.tr/sehit/bekir-aktas-103260
8f30963c1b2e423bc6de3ae9,Burhan Canbaz,,P.Er.,Sakarya,"Sakarya, Adapazarı",1954,1974-08-14,Kıbrıs Barış Harekâtı (1974),Türkiye Muharip Gaziler Derneği (E.P.Alb. Mehmet Şükrü Tandoğan Arşivi),https://sehitlerimiz.org.tr/sehit/burhan-canbaz-103302
1d189ff2a5789be5038d3662,Celal Kahraman,,Tnk.Çvş.,Yozgat,Yozgat,1953,1974-08-14,Kıbrıs Barış Harekâtı (1974),Türkiye Muharip Gaziler Derneği (E.P.Alb. Mehmet Şükrü Tandoğan Arşivi),https://sehitlerimiz.org.tr/sehit/celal-kahraman-103416
80d82cc34ef743c60ebfd1aa,Celal Sulu,,P.Er.,Niğde,Niğde,1953,1974-08-14,Kıbrıs Barış Harekâtı (1974),Türkiye Muharip Gaziler Derneği (E.P.Alb. Mehmet Şükrü Tandoğan Arşivi),https://sehitlerimiz.org.tr/sehit/celal-sulu-103499
734059d71fa3126af292efbd,Cuma Teymur,,P.Er.,Adıyaman,Adıyaman,1953,1974-08-14,Kıbrıs Barış Harekâtı (1974),Türkiye Muharip Gaziler Derneği (E.P.Alb. Mehmet Şükrü Tandoğan Arşivi),https://sehitlerimiz.org.tr/sehit/cuma-teymur-103537
111b504f1ec56bcd002e74d4,Duran Akyüz,,P.Onb.,Ankara,Ankara,1953,1974-08-14,Kıbrıs Barış Harekâtı (1974),Türkiye Muharip Gaziler Derneği (E.P.Alb. Mehmet Şükrü Tandoğan Arşivi),https://sehitlerimiz.org.tr/sehit/duran-akyuz-103246
11c43085a504f970fde3e0b7,Ekrem Özmen,,J.Çvş.,Erzurum,Erzurum,1953,1974-08-14,Kıbrıs Barış Harekâtı (1974),Türkiye Muharip Gaziler Derneği (E.P.Alb. Mehmet Şükrü Tandoğan Arşivi),https://sehitlerimiz.org.tr/sehit/ekrem-ozmen-103656
1ad4e1e6284fc415f86de673,Eyüy Demir,,P.Er.,Bursa,"Bursa, Gemlik",1953,1974-08-14,Kıbrıs Barış Harekâtı (1974),Türkiye Muharip Gaziler Derneği (E.P.Alb. Mehmet Şükrü Tandoğan Arşivi),https://sehitlerimiz.org.tr/sehit/eyuy-demir-103677
1ac95129ca751ae3cef6d2d1,Halil Aydemir,,Dz.P.Onb.,Çanakkale,Çanakkale,1953,1974-08-14,Kıbrıs Barış Harekâtı (1974),Türkiye Muharip Gaziler Derneği (E.P.Alb. Mehmet Şükrü Tandoğan Arşivi),https://sehitlerimiz.org.tr/sehit/halil-aydemir-103645
ea281d447b26c3b0db3fbcb1,Halit Bulut,,P.Er.,Yozgat,Yozgat,1952,1974-08-14,Kıbrıs Barış Harekâtı (1974),Türkiye Muharip Gaziler Derneği (E.P.Alb. Mehmet Şükrü Tandoğan Arşivi),https://sehitlerimiz.org.tr/sehit/halit-bulut-103287
6cf88425576f202607784575,Hicri Gümüş,,P.Er.,Denizli,Denizli,1954,1974-08-14,Kıbrıs Barış Harekâtı (1974),Türkiye Muharip Gaziler Derneği (E.P.Alb. Mehmet Şükrü Tandoğan Arşivi),https://sehitlerimiz.org.tr/sehit/hicri-gumus-103682
4f91b17a300132d25ea4e839,Hüseyin Akar,,Tnk. Tğm.,Kahramanmaraş,"Kahramanmaraş, Pazarcık",1953,1974-08-14,Kıbrıs Barış Harekâtı (1974),Türkiye Muharip Gaziler Derneği (E.P.Alb. Mehmet Şükrü Tandoğan Arşivi),https://sehitlerimiz.org.tr/sehit/huseyin-akar-103185
0d014dea548dfc289dc9e298,Hüseyin Topal,,P.Onb.,Kahramanmaraş,"Kahramanmaraş, Göksun",1953,1974-08-14,Kıbrıs Barış Harekâtı (1974),Türkiye Muharip Gaziler Derneği (E.P.Alb. Mehmet Şükrü Tandoğan Arşivi),https://sehitlerimiz.org.tr/sehit/huseyin-topal-103529
2b7d19b9d3d68cb867aeb3b0,Hüsnü Nevruz,,P.Er.,İstanbul,İstanbul,1952,1974-08-14,Kıbrıs Barış Harekâtı (1974),Türkiye Muharip Gaziler Derneği (E.P.Alb. Mehmet Şükrü Tandoğan Arşivi),https://sehitlerimiz.org.tr/sehit/husnu-nevruz-103456
97ba8d53599d13370c3ea062,Kemal Dere,,J.Kd.Çvş.,Edirne,"Edirne, Keşan",1950,1974-08-14,Kıbrıs Barış Harekâtı (1974),Türkiye Muharip Gaziler Derneği (E.P.Alb. Mehmet Şükrü Tandoğan Arşivi),https://sehitlerimiz.org.tr/sehit/kemal-dere-103655
ad9ac207d0a1ca43e48a844b,Lütfi Aras,,P.Er.,Amasya,"Amasya, Taşova",1953,1974-08-14,Kıbrıs Barış Harekâtı (1974),Türkiye Muharip Gaziler Derneği (E.P.Alb. Mehmet Şükrü Tandoğan Arşivi),https://sehitlerimiz.org.tr/sehit/lutfi-aras-103244
f2a772e93cae8d11a60f3c68,Lütfü Özgen,,J.Onb.,Sivas,Sivas,1953,1974-08-14,Kıbrıs Barış Harekâtı (1974),Türkiye Muharip Gaziler Derneği (E.P.Alb. Mehmet Şükrü Tandoğan Arşivi),https://sehitlerimiz.org.tr/sehit/lutfu-ozgen-103658
c2511101bab82af787afb772,Mahmut Nayır,,J.Er.,Sivas,Sivas,1953,1974-08-14,Kıbrıs Barış Harekâtı (1974),Türkiye Muharip Gaziler Derneği (E.P.Alb. Mehmet Şükrü Tandoğan Arşivi),https://sehitlerimiz.org.tr/sehit/mahmut-nayir-103666
051ea12672dd044efd7fb3f8,Mahmut Pınar,,P.Er.,Diyarbakır,Diyarbakır,1953,1974-08-14,Kıbrıs Barış Harekâtı (1974),Türkiye Muharip Gaziler Derneği (E.P.Alb. Mehmet Şükrü Tandoğan Arşivi),https://sehitlerimiz.org.tr/sehit/mahmut-pinar-103479
6bdffe21f2cb6674b5f9b245,Mehmet Demir,,P.Er.,Afyonkarahisar,"Afyonkarahisar, Afyon",1953,1974-08-14,Kıbrıs Barış Harekâtı (1974),Türkiye Muharip Gaziler Derneği (E.P.Alb. Mehmet Şükrü Tandoğan Arşivi),https://sehitlerimiz.org.tr/sehit/mehmet-demir-103337
360aa590fe8f5d2a72020dfb,Mehmet Özel,,Yd.P.Atğm.,Adana,Adana,1947,1974-08-14,Kıbrıs Barış Harekâtı (1974),Türkiye Muharip Gaziler Derneği (E.P.Alb. Mehmet Şükrü Tandoğan Arşivi),https://sehitlerimiz.org.tr/sehit/mehmet-ozel-103199
166978bd27e0b2b958b3b955,Mesruh Şanlı,,J.Er.,Manisa,Manisa,1953,1974-08-14,Kıbrıs Barış Harekâtı (1974),Türkiye Muharip Gaziler Derneği (E.P.Alb. Mehmet Şükrü Tandoğan Arşivi),https://sehitlerimiz.org.tr/sehit/mesruh-sanli-103661
52f4a80f40eaf8e715faca35,Mevlüt Mercan,,P.Er.,Afyonkarahisar,"Afyonkarahisar, Şuhut",1954,1974-08-14,Kıbrıs Barış Harekâtı (1974),Türkiye Muharip Gaziler Derneği (E.P.Alb. Mehmet Şükrü Tandoğan Arşivi),https://sehitlerimiz.org.tr/sehit/mevlut-mercan-103454
643a4a2f905e0ca8c151d201,Muammer Cerah,,J.Er.,Çankırı,Çankırı,1953,1974-08-14,Kıbrıs Barış Harekâtı (1974),Türkiye Muharip Gaziler Derneği (E.P.Alb. Mehmet Şükrü Tandoğan Arşivi),https://sehitlerimiz.org.tr/sehit/muammer-cerah-103662
df7ac82b92b39ba30208a154,Mustafa Aydoğdu,,P.Çvş.,İstanbul,İstanbul,1953,1974-08-14,Kıbrıs Barış Harekâtı (1974),Türkiye Muharip Gaziler Derneği (E.P.Alb. Mehmet Şükrü Tandoğan Arşivi),https://sehitlerimiz.org.tr/sehit/mustafa-aydogdu-103255
3c6df87fc663649f5f515d2a,Mustafa Gök,,J.Er.,Aksaray,Aksaray,1953,1974-08-14,Kıbrıs Barış Harekâtı (1974),Türkiye Muharip Gaziler Derneği (E.P.Alb. Mehmet Şükrü Tandoğan Arşivi),https://sehitlerimiz.org.tr/sehit/mustafa-gok-103664
894a1cfa8245a279e861438e,Nevzat Ertuğrul,,P.Onb.,Uşak,Uşak,1954,1974-08-14,Kıbrıs Barış Harekâtı (1974),Türkiye Muharip Gaziler Derneği (E.P.Alb. Mehmet Şükrü Tandoğan Arşivi),https://sehitlerimiz.org.tr/sehit/nevzat-ertugrul-103355
2f769e4d5d598962a37e5db9,Osman Ali Dal,,J.Er.,Denizli,Denizli,1953,1974-08-14,Kıbrıs Barış Harekâtı (1974),Türkiye Muharip Gaziler Derneği (E.P.Alb. Mehmet Şükrü Tandoğan Arşivi),https://sehitlerimiz.org.tr/sehit/osman-ali-dal-103665
9ffea01b79da05c549dc6076,Osman Çelik,,P.Er.,Şanlıurfa,"Şanlıurfa, Viranşehir",1952,1974-08-14,Kıbrıs Barış Harekâtı (1974),Türkiye Muharip Gaziler Derneği (E.P.Alb. Mehmet Şükrü Tandoğan Arşivi),https://sehitlerimiz.org.tr/sehit/osman-celik-103310
84d1acb1ad5aa1f97047eb5b,Sabahattin Özüpek,,P.Er.,Yozgat,"Yozgat, Boğazlıyan",1953,1974-08-14,Kıbrıs Barış Harekâtı (1974),Türkiye Muharip Gaziler Derneği (E.P.Alb. Mehmet Şükrü Tandoğan Arşivi),https://sehitlerimiz.org.tr/sehit/sabahattin-ozupek-103469
5b557d39a37ca3041e6b0b80,Satılmış Tekel,,J.Er.,Ankara,Ankara,1953,1974-08-14,Kıbrıs Barış Harekâtı (1974),Türkiye Muharip Gaziler Derneği (E.P.Alb. Mehmet Şükrü Tandoğan Arşivi),https://sehitlerimiz.org.tr/sehit/satilmis-tekel-103663
c093d290c3490c7fb2f88219,Veli Altan,,J.Onb.,Yozgat,Yozgat,1953,1974-08-14,Kıbrıs Barış Harekâtı (1974),Türkiye Muharip Gaziler Derneği (E.P.Alb. Mehmet Şükrü Tandoğan Arşivi),https://sehitlerimiz.org.tr/sehit/veli-altan-103657
8a386659bea8c8b2e36e663c,Ömer Doğan,,P.Çvş.,Afyonkarahisar,"Afyonkarahisar, Sandıklı",1953,1974-08-14,Kıbrıs Barış Harekâtı (1974),Türkiye Muharip Gaziler Derneği (E.P.Alb. Mehmet Şükrü Tandoğan Arşivi),https://sehitlerimiz.org.tr/sehit/omer-dogan-103331
b002fdcefb4cf0abcc074d36,İbrahim Yalçın,,P.Onb.,Mersin,"Mersin, Tarsus",1953,1974-08-14,Kıbrıs Barış Harekâtı (1974),Türkiye Muharip Gaziler Derneği (E.P.Alb. Mehmet Şükrü Tandoğan Arşivi),https://sehitlerimiz.org.tr/sehit/ibrahim-yalcin-103695
fcf211f3e4ad9bcc3968ff53,Şaban Balaban,,P.Er.,Bursa,Bursa,1953,1974-08-14,Kıbrıs Barış Harekâtı (1974),Türkiye Muharip Gaziler Derneği (E.P.Alb. Mehmet Şükrü Tandoğan Arşivi),https://sehitlerimiz.org.tr/sehit/saban-balaban-103281
5fe3128699113aee057d8eba,Şefik Kaçar,,P.Er.,Aydın,Aydın,1953,1974-08-14,Kıbrıs Barış Harekâtı (1974),Türkiye Muharip Gaziler Derneği (E.P.Alb. Mehmet Şükrü Tandoğan Arşivi),https://sehitlerimiz.org.tr/sehit/sefik-kacar-103430
6f19584724807d54e5d69423,Ali Alan,,P.Er.,Bursa,Bursa,1953,1974-08-15,Kıbrıs Barış Harekâtı (1974),Türkiye Muharip Gaziler Derneği (E.P.Alb. Mehmet Şükrü Tandoğan Arşivi),https://sehitlerimiz.org.tr/sehit/ali-alan-103257
2e2c779206fb951b70216cb1,Ali Ergün,,P.Er.,Erzurum,"Erzurum, Hınız",1953,1974-08-15,Kıbrıs Barış Harekâtı (1974),Türkiye Muharip Gaziler Derneği (E.P.Alb. Mehmet Şükrü Tandoğan Arşivi),https://sehitlerimiz.org.tr/sehit/ali-ergun-103360
b11ac9709389bc9b93f4dbf8,Ali Yaşar,,P.Er.,Çankırı,Çankırı,1953,1974-08-15,Kıbrıs Barış Harekâtı (1974),Türkiye Muharip Gaziler Derneği (E.P.Alb. Mehmet Şükrü Tandoğan Arşivi),https://sehitlerimiz.org.tr/sehit/ali-yasar-103575
88a4a57a338e427f5ab9df66,Aslan Demircan,,Top.Kd.Bçvş.,Sivas,Sivas,1943,1974-08-15,Kıbrıs Barış Harekâtı (1974),Türkiye Muharip Gaziler Derneği (E.P.Alb. Mehmet Şükrü Tandoğan Arşivi),https://sehitlerimiz.org.tr/sehit/aslan-demircan-103218
203c5f5e771974cf1b8888ed,B.ali Cansu,,İs.Er.,Konya,Konya,1954,1974-08-15,Kıbrıs Barış Harekâtı (1974),Türkiye Muharip Gaziler Derneği (E.P.Alb. Mehmet Şükrü Tandoğan Arşivi),https://sehitlerimiz.org.tr/sehit/b-ali-cansu-103301
d7d83493e0cb8080b58ee809,Bekir Aksöz,,P.Onb.,Isparta,"Isparta, Yalvaç",1953,1974-08-15,Kıbrıs Barış Harekâtı (1974),Türkiye Muharip Gaziler Derneği (E.P.Alb. Mehmet Şükrü Tandoğan Arşivi),https://sehitlerimiz.org.tr/sehit/bekir-aksoz-103251
21dd16a4525869001f7cb5df,Bekir Güngör,,P.Er.,Yozgat,"Yozgat, Akdağ Madeni",1953,1974-08-15,Kıbrıs Barış Harekâtı (1974),Türkiye Muharip Gaziler Derneği (E.P.Alb. Mehmet Şükrü Tandoğan Arşivi),https://sehitlerimiz.org.tr/sehit/bekir-gungor-103379
6c39d36e987330570803c2d6,Bekir Karayeğen,,P.Er.,Adıyaman,"Adıyaman, Kahta",1953,1974-08-15,Kıbrıs Barış Harekâtı (1974),Türkiye Muharip Gaziler Derneği (E.P.Alb. Mehmet Şükrü Tandoğan Arşivi),https://sehitlerimiz.org.tr/sehit/bekir-karayegen-103418
9e8206428d2cb52f2ed956d0,Cafer Düzenli,,İs.Er.,Samsun,"Samsun, Havza",1953,1974-08-15,Kıbrıs Barış Harekâtı (1974),Türkiye Muharip Gaziler Derneği (E.P.Alb. Mehmet Şükrü Tandoğan Arşivi),https://sehitlerimiz.org.tr/sehit/cafer-duzenli-103339
cb5bafe9746d898da11a46d9,Hasan Kaplan,,P.Er.,Amasya,"Amasya, Merzifon",1953,1974-08-15,Kıbrıs Barış Harekâtı (1974),Türkiye Muharip Gaziler Derneği (E.P.Alb. Mehmet Şükrü Tandoğan Arşivi),https://sehitlerimiz.org.tr/sehit/hasan-kaplan-103428
563840ae6082b436c7355c57,Hasan Karagülle,,P.Er.,Malatya,Malatya,1953,1974-08-15,Kıbrıs Barış Harekâtı (1974),Türkiye Muharip Gaziler Derneği (E.P.Alb. Mehmet Şükrü Tandoğan Arşivi),https://sehitlerimiz.org.tr/sehit/hasan-karagulle-103423
dc6bae873522e5ae26f5dad5,Hasan Uğurlu,,P.Er.,Şanlıurfa,"Şanlıurfa, Urfa",1953,1974-08-15,Kıbrıs Barış Harekâtı (1974),Türkiye Muharip Gaziler Derneği (E.P.Alb. Mehmet Şükrü Tandoğan Arşivi),https://sehitlerimiz.org.tr/sehit/hasan-ugurlu-103551
693748f67188f2a4d856232c,Hüseyin Kurtuldu,,P.Er.,İzmir,İzmir,1954,1974-08-15,Kıbrıs Barış Harekâtı (1974),Türkiye Muharip Gaziler Derneği (E.P.Alb. Mehmet Şükrü Tandoğan Arşivi),https://sehitlerimiz.org.tr/sehit/huseyin-kurtuldu-103426
dce41270894d03e7b36f86b5,Kamil Alkan,,P.Çvş.,İzmir,"İzmir, Ödemiş",1953,1974-08-15,Kıbrıs Barış Harekâtı (1974),Türkiye Muharip Gaziler Derneği (E.P.Alb. Mehmet Şükrü Tandoğan Arşivi),https://sehitlerimiz.org.tr/sehit/kamil-alkan-103248
d605ac0e7c6ca409a5242dd5,M.ali Gümüş,,P.Er.,İstanbul,"İstanbul, Çatalca",1954,1974-08-15,Kıbrıs Barış Harekâtı (1974),Türkiye Muharip Gaziler Derneği (E.P.Alb. Mehmet Şükrü Tandoğan Arşivi),https://sehitlerimiz.org.tr/sehit/m-ali-gumus-103375
e02a07764ad3523071c50c07,M.şirin Kalaş,,P.Er.,Bitlis,"Bitlis, Tatvan",1954,1974-08-15,Kıbrıs Barış Harekâtı (1974),Türkiye Muharip Gaziler Derneği (E.P.Alb. Mehmet Şükrü Tandoğan Arşivi),https://sehitlerimiz.org.tr/sehit/m-sirin-kalas-103424
203e3fa67d517c9ebef52c3e,Mehmet Avcı,,P.Er.,Afyonkarahisar,"Afyonkarahisar, Şuhut",1954,1974-08-15,Kıbrıs Barış Harekâtı (1974),Türkiye Muharip Gaziler Derneği (E.P.Alb. Mehmet Şükrü Tandoğan Arşivi),https://sehitlerimiz.org.tr/sehit/mehmet-avci-103259
04f8bb884258412cdb8cf90f,Muharrem Bingöl,,P.Er.,Bolu,Bolu,1954,1974-08-15,Kıbrıs Barış Harekâtı (1974),Türkiye Muharip Gaziler Derneği (E.P.Alb. Mehmet Şükrü Tandoğan Arşivi),https://sehitlerimiz.org.tr/sehit/muharrem-bingol-103288
e57850dcac96072eccc744f2,Mustafa Altınışık,,P.Er.,Sakarya,"Sakarya, Adapazarı",1954,1974-08-15,Kıbrıs Barış Harekâtı (1974),Türkiye Muharip Gaziler Derneği (E.P.Alb. Mehmet Şükrü Tandoğan Arşivi),https://sehitlerimiz.org.tr/sehit/mustafa-altinisik-103252
cf68c2342deb2a6bb059ab41,Mustafa Bingöl,,P.Er.,Diyarbakır,Diyarbakır,1954,1974-08-15,Kıbrıs Barış Harekâtı (1974),Türkiye Muharip Gaziler Derneği (E.P.Alb. Mehmet Şükrü Tandoğan Arşivi),https://sehitlerimiz.org.tr/sehit/mustafa-bingol-103285
1501c2a14e7665d2dccaf325,Mustafa Duman,,P.Er.,Yozgat,"Yozgat, Sorgun",1954,1974-08-15,Kıbrıs Barış Harekâtı (1974),Türkiye Muharip Gaziler Derneği (E.P.Alb. Mehmet Şükrü Tandoğan Arşivi),https://sehitlerimiz.org.tr/sehit/mustafa-duman-103336
3588aaab8234f43b662bfe66,Mustafa Kuş,,P.Er.,Sakarya,"Sakarya, Adapazarı",1953,1974-08-15,Kıbrıs Barış Harekâtı (1974),Türkiye Muharip Gaziler Derneği (E.P.Alb. Mehmet Şükrü Tandoğan Arşivi),https://sehitlerimiz.org.tr/sehit/mustafa-kus-103417
b3a990c05a30a59398e432bb,Necati Balcı,,P.Er.,Muğla,Muğla,1954,1974-08-15,Kıbrıs Barış Harekâtı (1974),Türkiye Muharip Gaziler Derneği (E.P.Alb. Mehmet Şükrü Tandoğan Arşivi),https://sehitlerimiz.org.tr/sehit/necati-balci-103284
77cf7ca8f6657e600a8c4892,Necati Şenol,,P.Er.,Sakarya,"Sakarya, Adapazarı",1953,1974-08-15,Kıbrıs Barış Harekâtı (1974),Türkiye Muharip Gaziler Derneği (E.P.Alb. Mehmet Şükrü Tandoğan Arşivi),https://sehitlerimiz.org.tr/sehit/necati-senol-103503
d307b06837b15d27b1346bcb,Osman Demir,,P.Er.,Kayseri,Kayseri,1953,1974-08-15,Kıbrıs Barış Harekâtı (1974),Türkiye Muharip Gaziler Derneği (E.P.Alb. Mehmet Şükrü Tandoğan Arşivi),https://sehitlerimiz.org.tr/sehit/osman-demir-103332
4ec61818bbe80f7ea1ea8b32,Ramazan Alim,,P.Onb.,Balıkesir,Balıkesir,1953,1974-08-15,Kıbrıs Barış Harekâtı (1974),Türkiye Muharip Gaziler Derneği (E.P.Alb. Mehmet Şükrü Tandoğan Arşivi),https://sehitlerimiz.org.tr/sehit/ramazan-alim-103247
336630852d1717910036d508,Teymur Tari,,P.Er.,Erzurum,Erzurum,1953,1974-08-15,Kıbrıs Barış Harekâtı (1974),Türkiye Muharip Gaziler Derneği (E.P.Alb. Mehmet Şükrü Tandoğan Arşivi),https://sehitlerimiz.org.tr/sehit/teymur-tari-103533
73bd1255cebaa0d59d214286,Yaşar Çakmak,,P.Onb.,Bayburt,Bayburt,1953,1974-08-15,Kıbrıs Barış Harekâtı (1974),Türkiye Muharip Gaziler Derneği (E.P.Alb. Mehmet Şükrü Tandoğan Arşivi),https://sehitlerimiz.org.tr/sehit/yasar-cakmak-103303
a7d92d7c80d8ebb0602e7e28,İbrahim Turan,,P.Er.,Sivas,"Sivas, Zara",1953,1974-08-15,Kıbrıs Barış Harekâtı (1974),Türkiye Muharip Gaziler Derneği (E.P.Alb. Mehmet Şükrü Tandoğan Arşivi),https://sehitlerimiz.org.tr/sehit/ibrahim-turan-103532
0c10256da121953eb71f3312,İlyas Demirkıran,,P.Onb.,Ankara,"Ankara, Polatlı",1953,1974-08-15,Kıbrıs Barış Harekâtı (1974),Türkiye Muharip Gaziler Derneği (E.P.Alb. Mehmet Şükrü Tandoğan Arşivi),https://sehitlerimiz.org.tr/sehit/ilyas-demirkiran-103333
c2f420e7e7f67fd46fd72f0d,İlyas Yener,,P.Er.,Tokat,"Tokat, Zile",1954,1974-08-15,Kıbrıs Barış Harekâtı (1974),Türkiye Muharip Gaziler Derneği (E.P.Alb. Mehmet Şükrü Tandoğan Arşivi),https://sehitlerimiz.org.tr/sehit/ilyas-yener-103574
f83a26e1bd02047ce7a57fe9,İsmail İnal,,Tnk.Çvş.,Antalya,Antalya,1951,1974-08-15,Kıbrıs Barış Harekâtı (1974),Türkiye Muharip Gaziler Derneği (E.P.Alb. Mehmet Şükrü Tandoğan Arşivi),https://sehitlerimiz.org.tr/sehit/ismail-inal-103389
128f360b7ac7c21fe6eccb64,Ahmet Yıldız,,P.Er.,Ağrı,"Ağrı, Doğubeyazıt",1953,1974-08-16,Kıbrıs Barış Harekâtı (1974),Türkiye Muharip Gaziler Derneği (E.P.Alb. Mehmet Şükrü Tandoğan Arşivi),https://sehitlerimiz.org.tr/sehit/ahmet-yildiz-103572
049ba9ee4a0b1b87d1ffcbd6,Cemal Altınok,,P.Er.,Malatya,Malatya,1954,1974-08-16,Kıbrıs Barış Harekâtı (1974),Türkiye Muharip Gaziler Derneği (E.P.Alb. Mehmet Şükrü Tandoğan Arşivi),https://sehitlerimiz.org.tr/sehit/cemal-altinok-103249
f01b16265fba7cbe5d376989,Cemil Çelik,,P.Er.,Çankırı,"Çankırı, Ilgaz",1953,1974-08-16,Kıbrıs Barış Harekâtı (1974),Türkiye Muharip Gaziler Derneği (E.P.Alb. Mehmet Şükrü Tandoğan Arşivi),https://sehitlerimiz.org.tr/sehit/cemil-celik-103306
7fc2df3663fb3d5e20e49d98,Ferzande Özavcı,,P.Er.,Van,"Van, Erciş",1953,1974-08-16,Kıbrıs Barış Harekâtı (1974),Türkiye Muharip Gaziler Derneği (E.P.Alb. Mehmet Şükrü Tandoğan Arşivi),https://sehitlerimiz.org.tr/sehit/ferzande-ozavci-103470
8a35d5ed87bd8404c855ff0f,Fevzi Öztürk,,P.Er.,Kırıkkale,Kırıkkale,1953,1974-08-16,Kıbrıs Barış Harekâtı (1974),Türkiye Muharip Gaziler Derneği (E.P.Alb. Mehmet Şükrü Tandoğan Arşivi),https://sehitlerimiz.org.tr/sehit/fevzi-ozturk-103466
6e20c0b4736b87072d08f4a4,Halil Koç,,P.Er.,Sinop,Sinop,1953,1974-08-16,Kıbrıs Barış Harekâtı (1974),Türkiye Muharip Gaziler Derneği (E.P.Alb. Mehmet Şükrü Tandoğan Arşivi),https://sehitlerimiz.org.tr/sehit/halil-koc-103427
36e55689e3ea066baf0fc536,Kemal Köse,,P.Onb.,Bursa,"Bursa, Mustafakemalpaşa",1953,1974-08-16,Kıbrıs Barış Harekâtı (1974),Türkiye Muharip Gaziler Derneği (E.P.Alb. Mehmet Şükrü Tandoğan Arşivi),https://sehitlerimiz.org.tr/sehit/kemal-kose-103685
fcaf175a8e7bf17f0bdfa1b0,Kemal Ünal,,P.Er.,Sinop,Sinop,1953,1974-08-16,Kıbrıs Barış Harekâtı (1974),Türkiye Muharip Gaziler Derneği (E.P.Alb. Mehmet Şükrü Tandoğan Arşivi),https://sehitlerimiz.org.tr/sehit/kemal-unal-103553
fc08c2f43b434083b30e51fa,Lütfü Çiftçibaşı,,P.Er.,Afyonkarahisar,"Afyonkarahisar, Emirdağ",1953,1974-08-16,Kıbrıs Barış Harekâtı (1974),Türkiye Muharip Gaziler Derneği (E.P.Alb. Mehmet Şükrü Tandoğan Arşivi),https://sehitlerimiz.org.tr/sehit/lutfu-ciftcibasi-103305
12d215d1e2fa2b8e51e63379,M.ali Şengül,,P.Er.,Ankara,"Ankara, Kızılcahamam",1953,1974-08-16,Kıbrıs Barış Harekâtı (1974),Türkiye Muharip Gaziler Derneği (E.P.Alb. Mehmet Şükrü Tandoğan Arşivi),https://sehitlerimiz.org.tr/sehit/m-ali-sengul-103502
d163ccb1f3666b2cc7659ae2,Mehmet Duymuş,,P.Er.,Kütahya,"Kütahya, Simav",1953,1974-08-16,Kıbrıs Barış Harekâtı (1974),Türkiye Muharip Gaziler Derneği (E.P.Alb. Mehmet Şükrü Tandoğan Arşivi),https://sehitlerimiz.org.tr/sehit/mehmet-duymus-103335
93b041f98cbfd48b3a865e64,Mehmet Kemerli,,P.Er.,Manisa,Manisa,1953,1974-08-16,Kıbrıs Barış Harekâtı (1974),Türkiye Muharip Gaziler Derneği (E.P.Alb. Mehmet Şükrü Tandoğan Arşivi),https://sehitlerimiz.org.tr/sehit/mehmet-kemerli-103420
efcaf5543d5248b4b8e8dbf1,Metin Ediz,,P.Er.,Tekirdağ,Tekirdağ,1953,1974-08-16,Kıbrıs Barış Harekâtı (1974),Türkiye Muharip Gaziler Derneği (E.P.Alb. Mehmet Şükrü Tandoğan Arşivi),https://sehitlerimiz.org.tr/sehit/metin-ediz-103357
fe27ab425117fff2bfa03ecb,Muharrem Çalay,,P.Er.,İzmir,İzmir,1953,1974-08-16,Kıbrıs Barış Harekâtı (1974),Türkiye Muharip Gaziler Derneği (E.P.Alb. Mehmet Şükrü Tandoğan Arşivi),https://sehitlerimiz.org.tr/sehit/muharrem-calay-103304
5d950892ae957924e96a0f3b,Mustafa Yerlioğlu,,P.Er.,Kilis,Kilis,1954,1974-08-16,Kıbrıs Barış Harekâtı (1974),Türkiye Muharip Gaziler Derneği (E.P.Alb. Mehmet Şükrü Tandoğan Arşivi),https://sehitlerimiz.org.tr/sehit/mustafa-yerlioglu-103573
e9eeb768c6ee96798c8d5ce3,Naci Varol,,P.Er.,Siirt,Siirt,1954,1974-08-16,Kıbrıs Barış Harekâtı (1974),Türkiye Muharip Gaziler Derneği (E.P.Alb. Mehmet Şükrü Tandoğan Arşivi),https://sehitlerimiz.org.tr/sehit/naci-varol-103579
585fea16da1f7e04309bb762,Recep Tezel,,P.Er.,Balıkesir,"Balıkesir, Gönen",1954,1974-08-16,Kıbrıs Barış Harekâtı (1974),Türkiye Muharip Gaziler Derneği (E.P.Alb. Mehmet Şükrü Tandoğan Arşivi),https://sehitlerimiz.org.tr/sehit/recep-tezel-103531
6fa038be976ca5f5cdb57712,Rıdvan Erel,,P.Er.,Tekirdağ,Tekirdağ,1954,1974-08-16,Kıbrıs Barış Harekâtı (1974),Türkiye Muharip Gaziler Derneği (E.P.Alb. Mehmet Şükrü Tandoğan Arşivi),https://sehitlerimiz.org.tr/sehit/ridvan-erel-103358
eb53de2e5a37cc80e9596ce2,Sabahattin Kundak,,P.Er.,Denizli,Denizli,1954,1974-08-16,Kıbrıs Barış Harekâtı (1974),Türkiye Muharip Gaziler Derneği (E.P.Alb. Mehmet Şükrü Tandoğan Arşivi),https://sehitlerimiz.org.tr/sehit/sabahattin-kundak-103437
bf8cb24b7f83927e0c63ad7a,Süleyman Avcı,,P.Er.,Gaziantep,Gaziantep,1953,1974-08-16,Kıbrıs Barış Harekâtı (1974),Türkiye Muharip Gaziler Derneği (E.P.Alb. Mehmet Şükrü Tandoğan Arşivi),https://sehitlerimiz.org.tr/sehit/suleyman-avci-103261
d40e881d1299a97ea3f7d97c,Ziyafettin Sevinç,,P.Er.,Bursa,"Bursa, Orhaneli",1953,1974-08-16,Kıbrıs Barış Harekâtı (1974),Türkiye Muharip Gaziler Derneği (E.P.Alb. Mehmet Şükrü Tandoğan Arşivi),https://sehitlerimiz.org.tr/sehit/ziyafettin-sevinc-103501
f309d9f084120c687490f976,İbrahim Konaşoğlu,,P.Onb.,Samsun,"Samsun, Terme",1953,1974-08-16,Kıbrıs Barış Harekâtı (1974),Türkiye Muharip Gaziler Derneği (E.P.Alb. Mehmet Şükrü Tandoğan Arşivi),https://sehitlerimiz.org.tr/sehit/ibrahim-konasoglu-103421
cd8cba3f96082347403fc5c9,Şadi Bal,,Tnk.Er.,Antalya,"Antalya, Alanya",1954,1974-08-16,Kıbrıs Barış Harekâtı (1974),Türkiye Muharip Gaziler Derneği (E.P.Alb. Mehmet Şükrü Tandoğan Arşivi),https://sehitlerimiz.org.tr/sehit/sadi-bal-103282
14c08b15cbc1b0906e4c701a,Hüseyin Göksel,,P.Er.,Konya,"Konya, Bozkır",1954,1974-08-17,Kıbrıs Barış Harekâtı (1974),Türkiye Muharip Gaziler Derneği (E.P.Alb. Mehmet Şükrü Tandoğan Arşivi),https://sehitlerimiz.org.tr/sehit/huseyin-goksel-103374
2a3d1a8e6d106385a939124f,Kemal Balta,,P.Er.,Samsun,Samsun,1953,1974-08-17,Kıbrıs Barış Harekâtı (1974),Türkiye Muharip Gaziler Derneği (E.P.Alb. Mehmet Şükrü Tandoğan Arşivi),https://sehitlerimiz.org.tr/sehit/kemal-balta-103290
135a161ea35b31e1b6588dc5,Necati Bat,,P.Er.,Samsun,Samsun,1953,1974-08-17,Kıbrıs Barış Harekâtı (1974),Türkiye Muharip Gaziler Derneği (E.P.Alb. Mehmet Şükrü Tandoğan Arşivi),https://sehitlerimiz.org.tr/sehit/necati-bat-103292
233a9d99a7a7cfb459f93cd3,Mehmet Can,,P.Er.,Ankara,"Ankara, Polatlı",1953,1974-08-18,Kıbrıs Barış Harekâtı (1974),Türkiye Muharip Gaziler Derneği (E.P.Alb. Mehmet Şükrü Tandoğan Arşivi),https://sehitlerimiz.org.tr/sehit/mehmet-can-103307
1ed363e6bf462df727d55bdf,Mehmet Karcı,,P.Er.,Manisa,Manisa,1953,1974-08-18,Kıbrıs Barış Harekâtı (1974),Türkiye Muharip Gaziler Derneği (E.P.Alb. Mehmet Şükrü Tandoğan Arşivi),https://sehitlerimiz.org.tr/sehit/mehmet-karci-103684
b9c92cf9986a7b74adac07be,Mevlüt Akça,,P.Er.,Balıkesir,"Balıkesir, Gönen",1953,1974-08-18,Kıbrıs Barış Harekâtı (1974),Türkiye Muharip Gaziler Derneği (E.P.Alb. Mehmet Şükrü Tandoğan Arşivi),https://sehitlerimiz.org.tr/sehit/mevlut-akca-103253
d0493a735d6aeb539c1831dd,Rasim Uygun,,P.Er.,Mersin,"Mersin, Silifke",1952,1974-08-18,Kıbrıs Barış Harekâtı (1974),Türkiye Muharip Gaziler Derneği (E.P.Alb. Mehmet Şükrü Tandoğan Arşivi),https://sehitlerimiz.org.tr/sehit/rasim-uygun-103691
eb6b8c15a7c99b1213794951,Rıdvan Aktarmaç,,P.Er.,Eskişehir,Eskişehir,1953,1974-08-18,Kıbrıs Barış Harekâtı (1974),Türkiye Muharip Gaziler Derneği (E.P.Alb. Mehmet Şükrü Tandoğan Arşivi),https://sehitlerimiz.org.tr/sehit/ridvan-aktarmac-103254
72e831d7aa708efd2d6c35c7,Turan Arda,,P.Er.,Bursa,Bursa,1954,1974-08-18,Kıbrıs Barış Harekâtı (1974),Türkiye Muharip Gaziler Derneği (E.P.Alb. Mehmet Şükrü Tandoğan Arşivi),https://sehitlerimiz.org.tr/sehit/turan-arda-103258
62cb88ebb734a7fbea619d09,Osman Erhan,,Tnk.Er.,Erzurum,"Erzurum, Tortum",1953,1974-08-20,Kıbrıs Barış Harekâtı (1974),Türkiye Muharip Gaziler Derneği (E.P.Alb. Mehmet Şükrü Tandoğan Arşivi),https://sehitlerimiz.org.tr/sehit/osman-erhan-103359
e53acfe574e8bdcbecd17472,Zekariya Çetin,,Tnk.Er.,Yozgat,"Yozgat, Sorgun",1954,1974-08-20,Kıbrıs Barış Harekâtı (1974),Türkiye Muharip Gaziler Derneği (E.P.Alb. Mehmet Şükrü Tandoğan Arşivi),https://sehitlerimiz.org.tr/sehit/zekariya-cetin-103309
1eaa9d86c3ac6aa2c3354f66,İlyas Aydın,,P.Er.,Kocaeli,"Kocaeli, Gölcük",1954,1974-08-20,Kıbrıs Barış Harekâtı (1974),Türkiye Muharip Gaziler Derneği (E.P.Alb. Mehmet Şükrü Tandoğan Arşivi),https://sehitlerimiz.org.tr/sehit/ilyas-aydin-103671
c62af7f8857a2f6fe7f61c8f,Ahmet Aydemir,,P.Er.,Sakarya,"Sakarya, Adapazarı",1953,1974-08-21,Kıbrıs Barış Harekâtı (1974),Türkiye Muharip Gaziler Derneği (E.P.Alb. Mehmet Şükrü Tandoğan Arşivi),https://sehitlerimiz.org.tr/sehit/ahmet-aydemir-103250
a789c43c875d7a3af8c01955,Hasan Karaağaç,,P.Er.,Afyonkarahisar,"Afyonkarahisar, Afyon",1953,1974-08-22,Kıbrıs Barış Harekâtı (1974),Türkiye Muharip Gaziler Derneği (E.P.Alb. Mehmet Şükrü Tandoğan Arşivi),https://sehitlerimiz.org.tr/sehit/hasan-karaagac-103686
08d46fdf56e2b0ce51d820a7,Hasan Ercan,,P.Er.,Hatay,"Hatay, Kırıkhan",1949,1974-08-23,Kıbrıs Barış Harekâtı (1974),Türkiye Muharip Gaziler Derneği (E.P.Alb. Mehmet Şükrü Tandoğan Arşivi),https://sehitlerimiz.org.tr/sehit/hasan-ercan-103361
f8f6140773bb440f54e2c398,Muhsin Alptekin,,P.Er.,Kastamonu,Kastamonu,1954,1974-08-25,Kıbrıs Barış Harekâtı (1974),Türkiye Muharip Gaziler Derneği (E.P.Alb. Mehmet Şükrü Tandoğan Arşivi),https://sehitlerimiz.org.tr/sehit/muhsin-alptekin-103262
eb3f03d8ca213d28039b2e73,Enver Dönmez,,P.Er.,Eskişehir,Eskişehir,1952,1974-08-27,Kıbrıs Barış Harekâtı (1974),Türkiye Muharip Gaziler Derneği (E.P.Alb. Mehmet Şükrü Tandoğan Arşivi),https://sehitlerimiz.org.tr/sehit/enver-donmez-103338
17ad8b469cbf2665acc9a4af,Mehmet Döndü,,P.Er.,Diyarbakır,"Diyarbakır, Silvan",1953,1974-08-28,Kıbrıs Barış Harekâtı (1974),Türkiye Muharip Gaziler Derneği (E.P.Alb. Mehmet Şükrü Tandoğan Arşivi),https://sehitlerimiz.org.tr/sehit/mehmet-dondu-103678
6621bb0b5b77facaa67aa54b,Maksut Birinci,,P.Er.,Samsun,Samsun,1954,1974-08-30,Kıbrıs Barış Harekâtı (1974),Türkiye Muharip Gaziler Derneği (E.P.Alb. Mehmet Şükrü Tandoğan Arşivi),https://sehitlerimiz.org.tr/sehit/maksut-birinci-103293
f3286644b910e14aa03a36cd,Yunus Canmaz,,P.Er.,İzmir,"İzmir, Bergama",1953,1974-08-31,Kıbrıs Barış Harekâtı (1974),Türkiye Muharip Gaziler Derneği (E.P.Alb. Mehmet Şükrü Tandoğan Arşivi),https://sehitlerimiz.org.tr/sehit/yunus-canmaz-103314
96add9297200db74557994b3,İlhan Ülger,,P.Er.,Kocaeli,"Kocaeli, Kandıra",1954,1974-09-02,Kıbrıs Barış Harekâtı (1974),Türkiye Muharip Gaziler Derneği (E.P.Alb. Mehmet Şükrü Tandoğan Arşivi),https://sehitlerimiz.org.tr/sehit/ilhan-ulger-103555
694c8d7a98cddc84d83d02a1,Hasan Yalçın,,P.Er.,,Buğday,1954,1974-09-05,Kıbrıs Barış Harekâtı (1974),Türkiye Muharip Gaziler Derneği (E.P.Alb. Mehmet Şükrü Tandoğan Arşivi),https://sehitlerimiz.org.tr/sehit/hasan-yalcin-103577
b462c18a1dc343ffe7ed3b32,Alpay Başaran,,Tnk. Ütğm.,İstanbul,İstanbul,1944,1974-09-06,Kıbrıs Barış Harekâtı (1974),Türkiye Muharip Gaziler Derneği (E.P.Alb. Mehmet Şükrü Tandoğan Arşivi),https://sehitlerimiz.org.tr/sehit/alpay-basaran-103184
7c52c00e6f5f8a910c6065eb,Fikret Kartal,,P.Onb.,İstanbul,İstanbul,1953,1974-09-08,Kıbrıs Barış Harekâtı (1974),Türkiye Muharip Gaziler Derneği (E.P.Alb. Mehmet Şükrü Tandoğan Arşivi),https://sehitlerimiz.org.tr/sehit/fikret-kartal-103438
406ac996642a00f5c3956253,Atilla Öztürk,,Ordt.Er.,Niğde,Niğde,1953,1974-09-09,Kıbrıs Barış Harekâtı (1974),Türkiye Muharip Gaziler Derneği (E.P.Alb. Mehmet Şükrü Tandoğan Arşivi),https://sehitlerimiz.org.tr/sehit/atilla-ozturk-103473
ec9fe2f73b009d7ae2445270,Fahrettin Aksoy,,Top.Pilot.A.,Aksaray,Aksaray,1924,1974-09-09,Kıbrıs Barış Harekâtı (1974),Türkiye Muharip Gaziler Derneği (E.P.Alb. Mehmet Şükrü Tandoğan Arşivi),https://sehitlerimiz.org.tr/sehit/fahrettin-aksoy-103186
e55e4605b9e2f9542d837651,Hasan Torun,,P.Er.,Sivas,"Sivas, Kangal",1953,1974-09-09,Kıbrıs Barış Harekâtı (1974),Türkiye Muharip Gaziler Derneği (E.P.Alb. Mehmet Şükrü Tandoğan Arşivi),https://sehitlerimiz.org.tr/sehit/hasan-torun-103540
799e434d41bc35a90621fef9,Halil Aslan,,P.Er.,Ankara,Ankara,1953,1974-09-14,Kıbrıs Barış Harekâtı (1974),Türkiye Muharip Gaziler Derneği (E.P.Alb. Mehmet Şükrü Tandoğan Arşivi),https://sehitlerimiz.org.tr/sehit/halil-aslan-103263
7b90f034bebd12ef31d90e00,Bayram Demirezen,,Top.Er.,Tekirdağ,Tekirdağ,1953,1974-09-16,Kıbrıs Barış Harekâtı (1974),Türkiye Muharip Gaziler Derneği (E.P.Alb. Mehmet Şükrü Tandoğan Arşivi),https://sehitlerimiz.org.tr/sehit/bayram-demirezen-103342
41ab64253899bb237ea7d66b,Cemil Çelebi,,P.Er.,Manisa,"Manisa, Akhisar",1954,1974-09-17,Kıbrıs Barış Harekâtı (1974),Türkiye Muharip Gaziler Derneği (E.P.Alb. Mehmet Şükrü Tandoğan Arşivi),https://sehitlerimiz.org.tr/sehit/cemil-celebi-103313
0c9da432c5a9bd18a983ebfc,Ali Lakay,,P.Çvş.,İstanbul,"İstanbul, Beşiktaş",1953,1974-09-19,Kıbrıs Barış Harekâtı (1974),Türkiye Muharip Gaziler Derneği (E.P.Alb. Mehmet Şükrü Tandoğan Arşivi),https://sehitlerimiz.org.tr/sehit/ali-lakay-103452
681b5ed6fa590b574cb29e7f,Hasan Anlatan,,P.Er.,Balıkesir,Balıkesir,1954,1974-09-20,Kıbrıs Barış Harekâtı (1974),Türkiye Muharip Gaziler Derneği (E.P.Alb. Mehmet Şükrü Tandoğan Arşivi),https://sehitlerimiz.org.tr/sehit/hasan-anlatan-103233
235fe475b101651ab1b951c1,Selahattin Okbay,,Top.Pilot.Yrb.,Erzincan,Erzincan,1924,1974-09-25,Kıbrıs Barış Harekâtı (1974),Türkiye Muharip Gaziler Derneği (E.P.Alb. Mehmet Şükrü Tandoğan Arşivi),https://sehitlerimiz.org.tr/sehit/selahattin-okbay-103187
f110aaffddf3b91fe0d32a59,İlhan Akgün,,Top.Pilot.Yrb.,Mersin,"Mersin, Silifke",1931,1974-09-25,Kıbrıs Barış Harekâtı (1974),Türkiye Muharip Gaziler Derneği (E.P.Alb. Mehmet Şükrü Tandoğan Arşivi),https://sehitlerimiz.org.tr/sehit/ilhan-akgun-103189
018bbd585aa69dc9755da4ef,Hikmet Erikli,,İs.Er.,Hatay,Hatay,1953,1974-09-29,Kıbrıs Barış Harekâtı (1974),Türkiye Muharip Gaziler Derneği (E.P.Alb. Mehmet Şükrü Tandoğan Arşivi),https://sehitlerimiz.org.tr/sehit/hikmet-erikli-103680
2d4ce15c6189439bf1e8770d,Tahsin Yorgun,,P.Kd.Bçvş.,Erzurum,Erzurum,1936,1974-10-03,Kıbrıs Barış Harekâtı (1974),Türkiye Muharip Gaziler Derneği (E.P.Alb. Mehmet Şükrü Tandoğan Arşivi),https://sehitlerimiz.org.tr/sehit/tahsin-yorgun-103203
dd7779fbe5448de27c5485b6,Çoşkun Tezelli,,Tnk.Üçvş.,Edirne,Edirne,1951,1974-10-03,Kıbrıs Barış Harekâtı (1974),Türkiye Muharip Gaziler Derneği (E.P.Alb. Mehmet Şükrü Tandoğan Arşivi),https://sehitlerimiz.org.tr/sehit/coskun-tezelli-103217
f6980a4bd10e2705d07cf3e7,Yusuf Hıraoğlu,,Komiser Yardımcısı,Kırıkkale,,,1974-10-04,Polis Şehidi,Etkin Düşünce Akademisi — Kolejli Akademili Şehitlerimiz,https://sehitlerimiz.org.tr/sehit/yusuf-hiraoglu-104143
696b04c248134be9f07cc3d2,Ali Kılıç,,Mu.Er.,Aksaray,Aksaray,1954,1974-10-07,Kıbrıs Barış Harekâtı (1974),Türkiye Muharip Gaziler Derneği (E.P.Alb. Mehmet Şükrü Tandoğan Arşivi),https://sehitlerimiz.org.tr/sehit/ali-kilic-103688
233e2d399948b52ccb4fde9e,Bektaş Karaş,,İs.Er.,Tokat,Tokat,1954,1974-10-07,Kıbrıs Barış Harekâtı (1974),Türkiye Muharip Gaziler Derneği (E.P.Alb. Mehmet Şükrü Tandoğan Arşivi),https://sehitlerimiz.org.tr/sehit/bektas-karas-103441
6c601ba6fff7735201dd64a4,Doğan Aydın,,İs.Er.,Tokat,Tokat,1954,1974-10-07,Kıbrıs Barış Harekâtı (1974),Türkiye Muharip Gaziler Derneği (E.P.Alb. Mehmet Şükrü Tandoğan Arşivi),https://sehitlerimiz.org.tr/sehit/dogan-aydin-103264
37c693e2f05dbd394829769e,Muzaffer Ekemen,,P.Onb.,Sakarya,"Sakarya, Adapazarı",1953,1974-10-12,Kıbrıs Barış Harekâtı (1974),Türkiye Muharip Gaziler Derneği (E.P.Alb. Mehmet Şükrü Tandoğan Arşivi),https://sehitlerimiz.org.tr/sehit/muzaffer-ekemen-103362
7b8ff960b06f8ad1aee1ea04,Enver Erol,,P.Astb.Çvş.,Eskişehir,Eskişehir,1954,1974-10-15,Kıbrıs Barış Harekâtı (1974),Türkiye Muharip Gaziler Derneği (E.P.Alb. Mehmet Şükrü Tandoğan Arşivi),https://sehitlerimiz.org.tr/sehit/enver-erol-103213
3f6252ecc8d7fbba4eebb594,Ali Yavuz Yüce,,Yd.Tnk.Atğm.,İstanbul,İstanbul,1946,1974-10-17,Kıbrıs Barış Harekâtı (1974),Türkiye Muharip Gaziler Derneği (E.P.Alb. Mehmet Şükrü Tandoğan Arşivi),https://sehitlerimiz.org.tr/sehit/ali-yavuz-yuce-103202
fed90736889741b4830d2900,Cemil Kılıç,,P.Er.,Sinop,Sinop,1953,1974-10-17,Kıbrıs Barış Harekâtı (1974),Türkiye Muharip Gaziler Derneği (E.P.Alb. Mehmet Şükrü Tandoğan Arşivi),https://sehitlerimiz.org.tr/sehit/cemil-kilic-103442
402e3cc9a3098f7e462ed51f,Osman Yıldırım,,P.Er.,Yozgat,"Yozgat, Sorgun",1953,1974-10-20,Kıbrıs Barış Harekâtı (1974),Türkiye Muharip Gaziler Derneği (E.P.Alb. Mehmet Şükrü Tandoğan Arşivi),https://sehitlerimiz.org.tr/sehit/osman-yildirim-103578
87e064349fcc8d026b0eca10,Sami Emen,,Hv.Trfk.Bçvş.,Çanakkale,"Çanakkale, Ecebat",1940,1974-10-20,Kıbrıs Barış Harekâtı (1974),Türkiye Muharip Gaziler Derneği (E.P.Alb. Mehmet Şükrü Tandoğan Arşivi),https://sehitlerimiz.org.tr/sehit/sami-emen-103654
89f6dc9196c18b52a23c715c,Hasan Özkapı,,Dz.P.Er.,İzmir,İzmir,1954,1974-10-29,Kıbrıs Barış Harekâtı (1974),Türkiye Muharip Gaziler Derneği (E.P.Alb. Mehmet Şükrü Tandoğan Arşivi),https://sehitlerimiz.org.tr/sehit/hasan-ozkapi-103648
c8503eb9171cfb881bed6225,Cemal Akıncı,,J.Er.,Ağrı,Ağrı,1953,1974-10-30,Kıbrıs Barış Harekâtı (1974),Türkiye Muharip Gaziler Derneği (E.P.Alb. Mehmet Şükrü Tandoğan Arşivi),https://sehitlerimiz.org.tr/sehit/cemal-akinci-103660
f0ab767a479a7bc35a048254,Hüseyin Aydemir,,Sıh.Onb.,Kütahya,"Kütahya, Simav",1953,1974-11-01,Kıbrıs Barış Harekâtı (1974),Türkiye Muharip Gaziler Derneği (E.P.Alb. Mehmet Şükrü Tandoğan Arşivi),https://sehitlerimiz.org.tr/sehit/huseyin-aydemir-103265
a6a62ccbb08dc77aa8f41b5b,Selçuk Yıldırım,,Dz.Asb.Bçvş.,Manisa,"Manisa, Akshisar",1941,1974-11-15,Kıbrıs Barış Harekâtı (1974),Türkiye Muharip Gaziler Derneği (E.P.Alb. Mehmet Şükrü Tandoğan Arşivi),https://sehitlerimiz.org.tr/sehit/selcuk-yildirim-103599
ff74703348393d1fccf26726,Mustafa Uygur,,Yd.Top.Atğm.,Elazığ,Elazığ,1947,1974-11-23,Kıbrıs Barış Harekâtı (1974),Türkiye Muharip Gaziler Derneği (E.P.Alb. Mehmet Şükrü Tandoğan Arşivi),https://sehitlerimiz.org.tr/sehit/mustafa-uygur-103668
9fd2f43ea55ffffc8bb70cd2,Mustafa Soğancı,,Tnk.Er.,Kastamonu,Kastamonu,1954,1974-12-05,Kıbrıs Barış Harekâtı (1974),Türkiye Muharip Gaziler Derneği (E.P.Alb. Mehmet Şükrü Tandoğan Arşivi),https://sehitlerimiz.org.tr/sehit/mustafa-soganci-103509
c563c3745fb75c955409754e,Remzi Öz,,Top.Er.,İzmir,"İzmir, Ödemiş",1954,1974-12-21,Kıbrıs Barış Harekâtı (1974),Türkiye Muharip Gaziler Derneği (E.P.Alb. Mehmet Şükrü Tandoğan Arşivi),https://sehitlerimiz.org.tr/sehit/remzi-oz-103474
1ad29cc5f4f3cc9d47b58871,Ahmet Alçıkaya,,P.Er.,Ankara,Ankara,1954,1974-12-31,Kıbrıs Barış Harekâtı (1974),Türkiye Muharip Gaziler Derneği (E.P.Alb. Mehmet Şükrü Tandoğan Arşivi),https://sehitlerimiz.org.tr/sehit/ahmet-alcikaya-103266
237c97bc5db4bff6467b0d78,Ahmet Aydemir,,P.Er.,Balıkesir,"Balıkesir, Gönen",1953,1974-12-31,Kıbrıs Barış Harekâtı (1974),Türkiye Muharip Gaziler Derneği (E.P.Alb. Mehmet Şükrü Tandoğan Arşivi),https://sehitlerimiz.org.tr/sehit/ahmet-aydemir-103267
7c84fcf7884163817ea9238b,Halil Gök,,P.Er.,Konya,"Konya, Akşehir",1951,1975-01-15,Kıbrıs Barış Harekâtı (1974),Türkiye Muharip Gaziler Derneği (E.P.Alb. Mehmet Şükrü Tandoğan Arşivi),https://sehitlerimiz.org.tr/sehit/halil-gok-103381
a35945ca04c10be736a60d01,İbrahim Yolal,,P.Onb.,Afyonkarahisar,"Afyonkarahisar, Bolvadin",1953,1975-01-15,Kıbrıs Barış Harekâtı (1974),Türkiye Muharip Gaziler Derneği (E.P.Alb. Mehmet Şükrü Tandoğan Arşivi),https://sehitlerimiz.org.tr/sehit/ibrahim-yolal-103580
115bc1bee9923599688090a2,Müslüm Polat,,P.Er.,Şanlıurfa,"Şanlıurfa, Urfa",1953,1975-01-31,Kıbrıs Barış Harekâtı (1974),Türkiye Muharip Gaziler Derneği (E.P.Alb. Mehmet Şükrü Tandoğan Arşivi),https://sehitlerimiz.org.tr/sehit/muslum-polat-103482
ad93e79cf57a9ada55c696a4,Hüseyin Süngü,,P.Er.,Aydın,"Aydın, Söke",1953,1975-02-02,Kıbrıs Barış Harekâtı (1974),Türkiye Muharip Gaziler Derneği (E.P.Alb. Mehmet Şükrü Tandoğan Arşivi),https://sehitlerimiz.org.tr/sehit/huseyin-sungu-103510
d7ea5f212b41da0a3a27298b,Necdet Turgut,,Top.Er.,Zonguldak,Zonguldak,1954,1975-02-03,Kıbrıs Barış Harekâtı (1974),Türkiye Muharip Gaziler Derneği (E.P.Alb. Mehmet Şükrü Tandoğan Arşivi),https://sehitlerimiz.org.tr/sehit/necdet-turgut-103542
4508edc2c7417ed24a5fa272,Cemil Keleş,,P.Er.,Amasya,Amasya,1953,1975-02-09,Kıbrıs Barış Harekâtı (1974),Türkiye Muharip Gaziler Derneği (E.P.Alb. Mehmet Şükrü Tandoğan Arşivi),https://sehitlerimiz.org.tr/sehit/cemil-keles-103440
46e5bb75c9c02213e78dabca,Dursun Kanlı,,P.Er.,Giresun,"Giresun, Şebinkarahisar",1954,1975-02-13,Kıbrıs Barış Harekâtı (1974),Türkiye Muharip Gaziler Derneği (E.P.Alb. Mehmet Şükrü Tandoğan Arşivi),https://sehitlerimiz.org.tr/sehit/dursun-kanli-103445
6dfa345488abb9d1067fd9d4,İsa Arslan,,J.Er.,Zonguldak,Zonguldak,1949,1975-02-15,Kıbrıs Barış Harekâtı (1974),Türkiye Muharip Gaziler Derneği (E.P.Alb. Mehmet Şükrü Tandoğan Arşivi),https://sehitlerimiz.org.tr/sehit/isa-arslan-103751
4ae8485144b23c82d880c262,Kadir Akdoğan,,Top.Er.,Adıyaman,Adıyaman,1954,1975-02-19,Kıbrıs Barış Harekâtı (1974),Türkiye Muharip Gaziler Derneği (E.P.Alb. Mehmet Şükrü Tandoğan Arşivi),https://sehitlerimiz.org.tr/sehit/kadir-akdogan-103672
5c2895677339984bf385f109,Ali Alay,,İs.Onb.,Eskişehir,"Eskişehir, Mihalıççık",1954,1975-02-26,Kıbrıs Barış Harekâtı (1974),Türkiye Muharip Gaziler Derneği (E.P.Alb. Mehmet Şükrü Tandoğan Arşivi),https://sehitlerimiz.org.tr/sehit/ali-alay-103268
d30939cf831aec6634c4c6ce,Ali Karaduman,,İs.Er.,Düzce,Düzce,1953,1975-02-26,Kıbrıs Barış Harekâtı (1974),Türkiye Muharip Gaziler Derneği (E.P.Alb. Mehmet Şükrü Tandoğan Arşivi),https://sehitlerimiz.org.tr/sehit/ali-karaduman-103443
d726c63fcf01e5d44256fe7c,Hüseyin Kocatürk,,İs.Er.,Manisa,Manisa,1953,1975-02-26,Kıbrıs Barış Harekâtı (1974),Türkiye Muharip Gaziler Derneği (E.P.Alb. Mehmet Şükrü Tandoğan Arşivi),https://sehitlerimiz.org.tr/sehit/huseyin-kocaturk-103444
b84cbad1ee8fbfba8b52b4be,Mustafa Ay,,İs.Er.,Mersin,"Mersin, Silifke",1953,1975-02-26,Kıbrıs Barış Harekâtı (1974),Türkiye Muharip Gaziler Derneği (E.P.Alb. Mehmet Şükrü Tandoğan Arşivi),https://sehitlerimiz.org.tr/sehit/mustafa-ay-103270
651e6491f2f1ca20d734c01c,Teslim Aydın,,İs.Er.,Tunceli,Tunceli,1954,1975-02-26,Kıbrıs Barış Harekâtı (1974),Türkiye Muharip Gaziler Derneği (E.P.Alb. Mehmet Şükrü Tandoğan Arşivi),https://sehitlerimiz.org.tr/sehit/teslim-aydin-103269
b2051b45a40806576a44be0c,Hüseyin Zont,,P.Çvş.,Hatay,"Hatay, İskenderun",1953,1975-02-28,Kıbrıs Barış Harekâtı (1974),Türkiye Muharip Gaziler Derneği (E.P.Alb. Mehmet Şükrü Tandoğan Arşivi),https://sehitlerimiz.org.tr/sehit/huseyin-zont-103224
583f76c98f1b709fdb26137f,Muzaffer Demirel,,P.Çvş.,Amasya,Amasya,1954,1975-02-28,Kıbrıs Barış Harekâtı (1974),Türkiye Muharip Gaziler Derneği (E.P.Alb. Mehmet Şükrü Tandoğan Arşivi),https://sehitlerimiz.org.tr/sehit/muzaffer-demirel-103343
a16fd8516833fe1ba2de0099,Rıfat Kar,,Sıh.Er.,,Pınarbaşı,1953,1975-03-05,Kıbrıs Barış Harekâtı (1974),Türkiye Muharip Gaziler Derneği (E.P.Alb. Mehmet Şükrü Tandoğan Arşivi),https://sehitlerimiz.org.tr/sehit/rifat-kar-103449
06532468d096e500ced990d8,Emin Ren,,P.Er.,Şanlıurfa,"Şanlıurfa, Urfa",1953,1975-03-13,Kıbrıs Barış Harekâtı (1974),Türkiye Muharip Gaziler Derneği (E.P.Alb. Mehmet Şükrü Tandoğan Arşivi),https://sehitlerimiz.org.tr/sehit/emin-ren-103484
9ccb44bbc0dfb837c4b5e2fc,İbrahim Köse,,Tnk.Er.,Afyonkarahisar,"Afyonkarahisar, Sandıklı",1953,1975-03-18,Kıbrıs Barış Harekâtı (1974),Türkiye Muharip Gaziler Derneği (E.P.Alb. Mehmet Şükrü Tandoğan Arşivi),https://sehitlerimiz.org.tr/sehit/ibrahim-kose-103450
effe0877ec54df0e3144ad6b,Murat Önoğlu,,P.Er.,Manisa,"Manisa, Salihli",1954,1975-04-05,Kıbrıs Barış Harekâtı (1974),Türkiye Muharip Gaziler Derneği (E.P.Alb. Mehmet Şükrü Tandoğan Arşivi),https://sehitlerimiz.org.tr/sehit/murat-onoglu-103475
bc88c00121301e7936740144,Salih Altun,,P.Er.,Muş,Muş,1954,1975-04-05,Kıbrıs Barış Harekâtı (1974),Türkiye Muharip Gaziler Derneği (E.P.Alb. Mehmet Şükrü Tandoğan Arşivi),https://sehitlerimiz.org.tr/sehit/salih-altun-103271
246cc2e67521155f593d6650,Salim Tekin,,P.Çvş.,Nevşehir,"Nevşehir, Hacıbektaş",1953,1975-04-05,Kıbrıs Barış Harekâtı (1974),Türkiye Muharip Gaziler Derneği (E.P.Alb. Mehmet Şükrü Tandoğan Arşivi),https://sehitlerimiz.org.tr/sehit/salim-tekin-103543
d4d8829b1de76a0595cbaa98,Sebahattin Erdoğdu,,P.Onb.,Zonguldak,"Zonguldak, Kdz.ereğli",1953,1975-04-05,Kıbrıs Barış Harekâtı (1974),Türkiye Muharip Gaziler Derneği (E.P.Alb. Mehmet Şükrü Tandoğan Arşivi),https://sehitlerimiz.org.tr/sehit/sebahattin-erdogdu-103364
39612122dbca5b43f3650f46,Tahsin Öztürk,,P.Çvş.,Eskişehir,Eskişehir,1953,1975-04-05,Kıbrıs Barış Harekâtı (1974),Türkiye Muharip Gaziler Derneği (E.P.Alb. Mehmet Şükrü Tandoğan Arşivi),https://sehitlerimiz.org.tr/sehit/tahsin-ozturk-103476
f45d26ed9a31b0fadc853538,Ömer Demir,,P.Çvş.,Tokat,"Tokat, Artova",1954,1975-04-05,Kıbrıs Barış Harekâtı (1974),Türkiye Muharip Gaziler Derneği (E.P.Alb. Mehmet Şükrü Tandoğan Arşivi),https://sehitlerimiz.org.tr/sehit/omer-demir-103344
31620d51ec86b3277e2dfd70,Vahap Akbıyık,,P.Er.,Kırşehir,"Kırşehir, Çiçekdağı",1953,1975-04-06,Kıbrıs Barış Harekâtı (1974),Türkiye Muharip Gaziler Derneği (E.P.Alb. Mehmet Şükrü Tandoğan Arşivi),https://sehitlerimiz.org.tr/sehit/vahap-akbiyik-103272
bb4c72a46fc1ddbffacff678,Cavit Ülger,,P.Er.,Yozgat,Yozgat,1954,1975-04-10,Kıbrıs Barış Harekâtı (1974),Türkiye Muharip Gaziler Derneği (E.P.Alb. Mehmet Şükrü Tandoğan Arşivi),https://sehitlerimiz.org.tr/sehit/cavit-ulger-103556
6c374dbeea914242dc1fb83e,Mustafa Din,,Tnk.Çvş.,Bursa,"Bursa, Mustafakemalpaşa",1951,1975-04-16,Kıbrıs Barış Harekâtı (1974),Türkiye Muharip Gaziler Derneği (E.P.Alb. Mehmet Şükrü Tandoğan Arşivi),https://sehitlerimiz.org.tr/sehit/mustafa-din-103679
dd8f7c715494ecd135c2555b,Cuma Karadoğan,,Komd.Çvş.,Elazığ,"Elazığ, Maden",1954,1975-04-22,Kıbrıs Barış Harekâtı (1974),Türkiye Muharip Gaziler Derneği (E.P.Alb. Mehmet Şükrü Tandoğan Arşivi),https://sehitlerimiz.org.tr/sehit/cuma-karadogan-103451
ba08f134dc4862045e86c4b2,Şefik Nur,,Tnk.Onb.,Hatay,Hatay,1952,1975-05-01,Kıbrıs Barış Harekâtı (1974),Türkiye Muharip Gaziler Derneği (E.P.Alb. Mehmet Şükrü Tandoğan Arşivi),https://sehitlerimiz.org.tr/sehit/sefik-nur-103457
2146beef71ac5086f4a7136a,Remzi Özipek,,P.Er.,Sakarya,"Sakarya, Adapazarı",1954,1975-08-02,Kıbrıs Barış Harekâtı (1974),Türkiye Muharip Gaziler Derneği (E.P.Alb. Mehmet Şükrü Tandoğan Arşivi),https://sehitlerimiz.org.tr/sehit/remzi-ozipek-103465
e7eaac743795b5b43717bf5e,Murat Şen,,İs.Er.,Denizli,Denizli,1953,1975-08-14,Kıbrıs Barış Harekâtı (1974),Türkiye Muharip Gaziler Derneği (E.P.Alb. Mehmet Şükrü Tandoğan Arşivi),https://sehitlerimiz.org.tr/sehit/murat-sen-103504
1e5ba1dc602ffe85baa44e99,Yusuf Şahin,,P.Onb.,Manisa,Manisa,1953,1975-08-14,Kıbrıs Barış Harekâtı (1974),Türkiye Muharip Gaziler Derneği (E.P.Alb. Mehmet Şükrü Tandoğan Arşivi),https://sehitlerimiz.org.tr/sehit/yusuf-sahin-103505
e499f581da16b3df9acb6d7f,Recep Karaköse,,Tnk.Er.,Çorum,"Çorum, İskilip",1954,1975-08-15,Kıbrıs Barış Harekâtı (1974),Türkiye Muharip Gaziler Derneği (E.P.Alb. Mehmet Şükrü Tandoğan Arşivi),https://sehitlerimiz.org.tr/sehit/recep-karakose-103446
3b2001200ff7ea6b66d6e641,Daniş Tunalıgil,,Viyana Büyükelçisi,,,,1975-10-22,Terörle Mücadele,Dışişleri Bakanlığı — Şehit Diplomatlarımız,https://sehitlerimiz.org.tr/sehit/danis-tunaligil-104148
2cb7104e33a0f29df8081eef,Talip Yener,,Paris Büyükelçiliği Makam Şoförü,,,,1975-10-24,Terörle Mücadele,Dışişleri Bakanlığı — Şehit Diplomatlarımız,https://sehitlerimiz.org.tr/sehit/talip-yener-104150
4b9db0af2d655a66a4c7fd37,İsmail Erez,,Paris Büyükelçisi,,,,1975-10-24,Terörle Mücadele,Dışişleri Bakanlığı — Şehit Diplomatlarımız,https://sehitlerimiz.org.tr/sehit/ismail-erez-104149
7a05734acdfe551ab87c5511,Oktar Cirit,,Beyrut Büyükelçiliği Başkatibi,,,,1976-02-16,Terörle Mücadele,Dışişleri Bakanlığı — Şehit Diplomatlarımız,https://sehitlerimiz.org.tr/sehit/oktar-cirit-104151
e0a29ea2b8d2efb48c48f954,Vahit Uyar,,Komiser,Çorum,,,1977-01-08,Polis Şehidi,Çorum İl Emniyet Müdürlüğü,https://sehitlerimiz.org.tr/sehit/vahit-uyar-103018
3b9be0ec83f9ee71234dbee4,Taha Carim,,Vatikan Büyükelçisi,,,,1977-06-09,Terörle Mücadele,Dışişleri Bakanlığı — Şehit Diplomatlarımız,https://sehitlerimiz.org.tr/sehit/taha-carim-104152
f656159c2db29051ccbc9968,Mehmet Alıç,,,Bolu,Bolu,,1978-05-31,,Bolu Valiliği — Şehit ve Gazilerimiz,https://sehitlerimiz.org.tr/sehit/mehmet-alic-102690
ef06dfd7775472ad82a30013,Beşir Balcıoğlu,,Emekli Büyükelçi,,,,1978-06-02,Terörle Mücadele,Dışişleri Bakanlığı — Şehit Diplomatlarımız,https://sehitlerimiz.org.tr/sehit/besir-balcioglu-104154
3216ef96dcffd10f44c0e43f,Necla Kuneralp,,Madrid Büyükelçisi Zeki Kuneralp'in eşi,,,,1978-06-02,Terörle Mücadele,Dışişleri Bakanlığı — Şehit Diplomatlarımız,https://sehitlerimiz.org.tr/sehit/necla-kuneralp-104153
1ef25f129bbdea47a94ab347,Talip Torun,,Çarşı ve Mahalle Bekçisi,Çorum,,,1978-12-26,Polis Şehidi,Çorum İl Emniyet Müdürlüğü,https://sehitlerimiz.org.tr/sehit/talip-torun-103017
0b006abc6974f6dacfbd4d92,Hasan Kuş,,Çarşı ve Mahalle Bekçisi,Çorum,,,1979-08-21,Polis Şehidi,Çorum İl Emniyet Müdürlüğü,https://sehitlerimiz.org.tr/sehit/hasan-kus-103016
3211c82f439fda6c64128552,Bekir Bacak,,Polis Memuru,Çorum,,,1979-08-28,Polis Şehidi,Çorum İl Emniyet Müdürlüğü,https://sehitlerimiz.org.tr/sehit/bekir-bacak-103015
df91385ef46ba3a34833b7ac,Abdulmuttalip Saçaklıoğlu,,Jandarma Onbaşı,Bolu,Bolu,,1979-10-06,Terörle Mücadele,Bolu Valiliği — Şehit ve Gazilerimiz,https://sehitlerimiz.org.tr/sehit/abdulmuttalip-sacaklioglu-102697
ff47f3d6ba47ccc49bc7d500,Ahmet Benler,,Lahey Büyükelçisi Özdemir Benler'in oğlu,,,,1979-10-12,Terörle Mücadele,Dışişleri Bakanlığı — Şehit Diplomatlarımız,https://sehitlerimiz.org.tr/sehit/ahmet-benler-104155
6bd695c8c80bcf41052c1877,Hamdi Leblebici,,Polis Memuru,Çorum,,,1979-10-25,Polis Şehidi,Çorum İl Emniyet Müdürlüğü,https://sehitlerimiz.org.tr/sehit/hamdi-leblebici-103014
b1c50ad03375b64b33342571,Yılmaz Çolpan,,Paris Büyükelçiliği Turizm Müşaviri,,,,1979-12-22,Terörle Mücadele,Dışişleri Bakanlığı — Şehit Diplomatlarımız,https://sehitlerimiz.org.tr/sehit/yilmaz-colpan-104156
e402bc04bfee06e50cbb6292,Recep Çakır,,Öğretmen,Amasya,Amasya,1952,1980-01-14,Terörle Mücadele,Millî Eğitim Bakanlığı — Şehit Öğretmenlerimiz,https://sehitlerimiz.org.tr/sehit/recep-cakir-103769
638ac750b206156aac77325d,Ali Poyraz,,Jandarma Er,Sivas,"Sivas, Gürün",,1980-02-27,Diğer,Gürün Kaymakamlığı — Şehit ve Gazilerimiz,https://sehitlerimiz.org.tr/sehit/ali-poyraz-104194
1334bb0947ae6c259c3d61c5,Bekir Dedaş,,Öğretmen,Şanlıurfa,Şanlıurfa,1931,1980-03-20,Terörle Mücadele,Millî Eğitim Bakanlığı — Şehit Öğretmenlerimiz,https://sehitlerimiz.org.tr/sehit/bekir-dedas-103770
f4ee4655a7c6676fea07983f,Nevzat Demirci,,Öğretmen,Kars,"Kars, Arpaçay",1955,1980-04-07,Terörle Mücadele,Millî Eğitim Bakanlığı — Şehit Öğretmenlerimiz,https://sehitlerimiz.org.tr/sehit/nevzat-demirci-103771
d0dfb8ff60742d3134ac1aee,Ömer Faruk Bingöl,,Öğretmen,Muş,Muş,1957,1980-05-21,Terörle Mücadele,Millî Eğitim Bakanlığı — Şehit Öğretmenlerimiz,https://sehitlerimiz.org.tr/sehit/omer-faruk-bingol-103772
7a7b4accfc12a16fc3ab8bd1,Fevzi Ateş,,Öğretmen,Kars,"Kars, Tuzluca",1953,1980-05-28,Terörle Mücadele,Millî Eğitim Bakanlığı — Şehit Öğretmenlerimiz,https://sehitlerimiz.org.tr/sehit/fevzi-ates-103773
6bb6fbcd4a3523ea30b29b28,Abdurahman Koçak,,Polis Memuru,Isparta,,,1980-05-30,Polis Şehidi,Çorum İl Emniyet Müdürlüğü,https://sehitlerimiz.org.tr/sehit/abdurahman-kocak-103012
5987bac695b4d85230272878,Muzaffer Yeşilyurt,,Polis Memuru,Ordu,,,1980-05-30,Polis Şehidi,Çorum İl Emniyet Müdürlüğü,https://sehitlerimiz.org.tr/sehit/muzaffer-yesilyurt-103013
eccef39ebdeeef0be883b468,Ali İncekara,,Öğretmen,Giresun,"Giresun, Görele",1945,1980-06-02,Terörle Mücadele,Millî Eğitim Bakanlığı — Şehit Öğretmenlerimiz,https://sehitlerimiz.org.tr/sehit/ali-incekara-103774
f1ebf4bd67fd8f37c8999860,Lebib Agat,,Polis Memuru,İstanbul,Uzunköprü,03.05.1954,1980-06-27,Polis Şehidi,Uzunköprü Kaymakamlığı,https://sehitlerimiz.org.tr/sehit/lebib-agat-102893
21110c8c0d224f256ce93bd1,Ergün Erol Gürsesoğlu,,Öğretmen,Rize,Rize,1951,1980-07-05,Terörle Mücadele,Millî Eğitim Bakanlığı — Şehit Öğretmenlerimiz,https://sehitlerimiz.org.tr/sehit/ergun-erol-gursesoglu-103775
f9de5e89433a4e69ca45b1bb,Galip Özmen,,Atina Büyükelçiliği İdari Ataşesi,,,,1980-07-31,Terörle Mücadele,Dışişleri Bakanlığı — Şehit Diplomatlarımız,https://sehitlerimiz.org.tr/sehit/galip-ozmen-104157
13a87a4cbd1f28f4c0f19813,Neslihan Özmen,,Atina Büyükelçiliği İdari Ataşesi Galip Özmen'in kızı,,,,1980-07-31,Terörle Mücadele,Dışişleri Bakanlığı — Şehit Diplomatlarımız,https://sehitlerimiz.org.tr/sehit/neslihan-ozmen-104158
44b44a427239aa1ac7cd644e,Kadir Kayhan,,Öğretmen,Konya,"Konya, Hüyük",1958,1980-09-02,Terörle Mücadele,Millî Eğitim Bakanlığı — Şehit Öğretmenlerimiz,https://sehitlerimiz.org.tr/sehit/kadir-kayhan-103776
437450e6f21a5bcbc9b1e2d2,Selahattin Karakaş,,Öğretmen,Malatya,"Malatya, Yeşilyurt",1957,1980-09-11,Terörle Mücadele,Millî Eğitim Bakanlığı — Şehit Öğretmenlerimiz,https://sehitlerimiz.org.tr/sehit/selahattin-karakas-103777
fb77055f701a17de9bd970a9,Engin Sever,,Sidney Başkonsolosluğu Güvenlik Ataşesi,,,,1980-12-17,Terörle Mücadele,Dışişleri Bakanlığı — Şehit Diplomatlarımız,https://sehitlerimiz.org.tr/sehit/engin-sever-104160
4b758e2d07cebbbc48735775,Şarık Arıyak,,Sidney Başkonsolosu,,,,1980-12-17,Terörle Mücadele,Dışişleri Bakanlığı — Şehit Diplomatlarımız,https://sehitlerimiz.org.tr/sehit/sarik-ariyak-104159
686646618e1baa08a0014caa,Reşat Moralı,,Paris Büyükelçiliği Çalışma Müşaviri,,,,1981-03-04,Terörle Mücadele,Dışişleri Bakanlığı — Şehit Diplomatlarımız,https://sehitlerimiz.org.tr/sehit/resat-morali-104161
55acecc1b8d8c6943ed2b92c,Tecelli Arı,,Paris Büyükelçiliği'ne bağlı Din Görevlisi,,,,1981-03-04,Terörle Mücadele,Dışişleri Bakanlığı — Şehit Diplomatlarımız,https://sehitlerimiz.org.tr/sehit/tecelli-ari-104162
050fb5732e93206669f1958a,Mehmet Savaş Yergüz,,Cenevre Başkonsolosluğu Sözleşmeli Sekreteri,,,,1981-06-09,Terörle Mücadele,Dışişleri Bakanlığı — Şehit Diplomatlarımız,https://sehitlerimiz.org.tr/sehit/mehmet-savas-yerguz-104163
33ff9cbfe939d674fd59b803,Mehmet Cıvak,,Pilot Er,Giresun,Giresun Eynesil,,1981-09-23,Diğer,Giresun Valiliği,https://sehitlerimiz.org.tr/sehit/mehmet-civak-102856
5e2a648aa7820732a78a4183,Kemal Arıkan,,Los Angeles Başkonsolosu,,,,1982-01-28,Terörle Mücadele,Dışişleri Bakanlığı — Şehit Diplomatlarımız,https://sehitlerimiz.org.tr/sehit/kemal-arikan-104233
3b733ae5435daf221fe9459d,Orhan Gündüz,,Boston Fahri Başkonsolosu,,,,1982-05-04,Terörle Mücadele,Dışişleri Bakanlığı — Şehit Diplomatlarımız,https://sehitlerimiz.org.tr/sehit/orhan-gunduz-104234
b2b9654a06205c6c4db9e645,Erkut Akbay,,Lizbon Büyükelçiliği İdari Ataşesi,,,,1982-06-07,Terörle Mücadele,Dışişleri Bakanlığı — Şehit Diplomatlarımız,https://sehitlerimiz.org.tr/sehit/erkut-akbay-104166
e3010e975c416a5ac27a023d,Zihni Hışır,,Jandarma Er,Ardahan,Ardahan Göle,1961,1982-07-15,Diğer,Göle Kaymakamlığı,https://sehitlerimiz.org.tr/sehit/zihni-hisir-102901
99a5f47b4931a619944d1841,Atilla Altıkat,,Albay — Ottava Büyükelçiliği Askerî Ataşesi,,,,1982-08-27,Terörle Mücadele,Dışişleri Bakanlığı — Şehit Diplomatlarımız,https://sehitlerimiz.org.tr/sehit/atilla-altikat-104168
0223ef8e7fcaf526aa3efc3f,Bora Süelkan,,Burgaz Başkonsolosluğu İdari Ataşesi,,,,1982-09-09,Terörle Mücadele,Dışişleri Bakanlığı — Şehit Diplomatlarımız,https://sehitlerimiz.org.tr/sehit/bora-suelkan-104169
bfb4a14ebaa38bab3b229c63,Nadide Akbay,,Lizbon Büyükelçiliği Sözleşmeli Sekreteri,,,,1983-01-08,Terörle Mücadele,Dışişleri Bakanlığı — Şehit Diplomatlarımız,https://sehitlerimiz.org.tr/sehit/nadide-akbay-104167
27b3a26533516e10e9e5442a,Ahmet Galip Balkar,,Belgrad Büyükelçisi,,,,1983-03-11,Terörle Mücadele,Dışişleri Bakanlığı — Şehit Diplomatlarımız,https://sehitlerimiz.org.tr/sehit/ahmet-galip-balkar-104170
c1d03e6a37f580c8481f0bf2,Hüseyin Karakaya,,Tank Er,Bolu,Bolu,,1983-06-12,Terörle Mücadele,Bolu Valiliği — Şehit ve Gazilerimiz,https://sehitlerimiz.org.tr/sehit/huseyin-karakaya-102649
1a54906f41b1f1c75ecd53db,Dursun Aksoy,,Brüksel Büyükelçiliği İdari Ataşesi,,,,1983-07-14,Terörle Mücadele,Dışişleri Bakanlığı — Şehit Diplomatlarımız,https://sehitlerimiz.org.tr/sehit/dursun-aksoy-104171
61143e80fd2a8edd8e8a0632,Abbas Kılıç,,Jandarma Er,Sivas,"Sivas, Gürün",,1983-07-16,Terörle Mücadele,Gürün Kaymakamlığı — Şehit ve Gazilerimiz,https://sehitlerimiz.org.tr/sehit/abbas-kilic-104185
d6db44024ae2046bfbce5546,Cahide Mıhçıoğlu,,Lizbon Büyükelçiliği Maslahatgüzarı Yurtsev Mıhçıoğlu'nun eşi,,,,1983-07-27,Terörle Mücadele,Dışişleri Bakanlığı — Şehit Diplomatlarımız,https://sehitlerimiz.org.tr/sehit/cahide-mihcioglu-104172
bc5352d613ec912b10dd7e9b,Mustafa Pehlivanoğlu,,Piyade Komando Er,Kayseri,Uzunköprü,03.04.1962,1983-09-22,Diğer,Uzunköprü Kaymakamlığı,https://sehitlerimiz.org.tr/sehit/mustafa-pehlivanoglu-102891
fd5a49839c1b944ed72136e5,Ufuk Danışment,,,,,,1984-03-27,,EGM Havacılık Dairesi — Şehitlerimiz,https://sehitlerimiz.org.tr/sehit/ufuk-danisment-101258
7651063b76114ec303569279,Kemal İzci,,Jandarma Er,Ardahan,Ardahan Göle,1961,1984-04-21,Diğer,Göle Kaymakamlığı,https://sehitlerimiz.org.tr/sehit/kemal-izci-102902
9d8d9f3aede6edbb48082767,Işık Yönder,,Tahran Büyükelçiliği Sözleşmeli Sekreteri Şadiye Yönder'in eşi,,,,1984-04-28,Terörle Mücadele,Dışişleri Bakanlığı — Şehit Diplomatlarımız,https://sehitlerimiz.org.tr/sehit/isik-yonder-104173
6056a835fdf3d2c1615ae4af,Erdoğan Özen,,Viyana Büyükelçiliği Çalışma Müşaviri Vekili,,,,1984-06-20,Terörle Mücadele,Dışişleri Bakanlığı — Şehit Diplomatlarımız,https://sehitlerimiz.org.tr/sehit/erdogan-ozen-104174
db43f5c797c6369369c2935e,Süleyman Aydın,,Jandarma Onbaşı,Erzincan,Erzincan,,1984-08-15,Terörle Mücadele,Anadolu Ajansı,https://sehitlerimiz.org.tr/sehit/suleyman-aydin-103130
b0e8550602be41fbdc479148,İsmail Şeremet,,Jandarma Er,Bolu,Bolu,,1984-10-02,Terörle Mücadele,Bolu Valiliği — Şehit ve Gazilerimiz,https://sehitlerimiz.org.tr/sehit/ismail-seremet-102653
3923dbf6dcd99f64dd6a77fc,Cengiz Karaca,,Jandarma Er,,Uzunköprü,02.03.1964,1984-10-09,Terörle Mücadele,Uzunköprü Kaymakamlığı,https://sehitlerimiz.org.tr/sehit/cengiz-karaca-102877
abc3a4b03daba0bb9358876e,Nevzat Batmaz,,Piyade Er,Bolu,Bolu,,1984-10-10,,Bolu Valiliği — Şehit ve Gazilerimiz,https://sehitlerimiz.org.tr/sehit/nevzat-batmaz-102651
bda7f4769bcf5d3988383b5e,Evner Ergun,,BM Viyana Ofisi Direktör Yardımcısı,,,,1984-11-19,Terörle Mücadele,Dışişleri Bakanlığı — Şehit Diplomatlarımız,https://sehitlerimiz.org.tr/sehit/evner-ergun-104175
5ca046893b1e3ecf7a79bfc9,Şekip Akın,,Öğretmen,Batman,"Batman, Sason",1945,1984-12-06,Terörle Mücadele,Millî Eğitim Bakanlığı — Şehit Öğretmenlerimiz,https://sehitlerimiz.org.tr/sehit/sekip-akin-103778
ad93621511ce09a540afe827,Bülent Terlikçi,,Polis Memuru,İstanbul,Uzunköprü,17.04.1955,1985-03-01,Polis Şehidi,Uzunköprü Kaymakamlığı,https://sehitlerimiz.org.tr/sehit/bulent-terlikci-102892
79331c7a678b745cf98e5475,Hasan Durmuşogğlu,,Piyade Asteğmen,Bolu,Bolu,,1985-05-11,Terörle Mücadele,Bolu Valiliği — Şehit ve Gazilerimiz,https://sehitlerimiz.org.tr/sehit/hasan-durmusogglu-102648
5983b621ed93573a3bd5cd24,Hüseyin Göktaş,,Polis Memuru,Çorum,,,1985-08-22,Polis Şehidi,Çorum İl Emniyet Müdürlüğü,https://sehitlerimiz.org.tr/sehit/huseyin-goktas-103011
1c5ad3efaff798f65af4e73b,Enver Çalışır,,Piyade Er,,Uzunköprü,20.08.1965,1985-12-31,Diğer,Uzunköprü Kaymakamlığı,https://sehitlerimiz.org.tr/sehit/enver-calisir-102875
4560b9c4e6c6f1b42ee91666,Zekai Yıldız,,Piyade Teğmen,Kastamonu,Kastamonu,,1986-02-05,Diğer,Kastamonu Valiliği,https://sehitlerimiz.org.tr/sehit/zekai-yildiz-103023
1e75c4025b609620504c493e,Hüsnü Emin Saraçoğlu,,Jandarma Er,,Uzunköprü,09.07.1965,1986-03-18,Terörle Mücadele,Uzunköprü Kaymakamlığı,https://sehitlerimiz.org.tr/sehit/husnu-emin-saracoglu-102890
32a8445acb1848d1c865ca1e,Muharrem Bostancı,,Jandarma Er,,Uzunköprü,12.05.1965,1986-03-18,Terörle Mücadele,Uzunköprü Kaymakamlığı,https://sehitlerimiz.org.tr/sehit/muharrem-bostanci-102878
a5a5c95f91ff31763c1a316d,Musa Günendi,,Piyade Er,Sivas,"Sivas, Gürün",,1986-08-11,Diğer,Gürün Kaymakamlığı — Şehit ve Gazilerimiz,https://sehitlerimiz.org.tr/sehit/musa-gunendi-104195
e4b072ad0209c1ae06f9482b,Ersan Kaya,,Polis Memuru,Sakarya,,,1987-03-23,Polis Şehidi,Çorum İl Emniyet Müdürlüğü,https://sehitlerimiz.org.tr/sehit/ersan-kaya-103010
b45a6b8d6ee595d34fdf8922,İsa Karaaslan,,Öğretmen,Manisa,"Manisa, Kula",1955,1987-05-15,Terörle Mücadele,Millî Eğitim Bakanlığı — Şehit Öğretmenlerimiz,https://sehitlerimiz.org.tr/sehit/isa-karaaslan-103779
8b28eaaaee464db5325791a8,Asım Özden,,Öğretmen,Sivas,Sivas,1954,1987-05-21,Terörle Mücadele,Millî Eğitim Bakanlığı — Şehit Öğretmenlerimiz,https://sehitlerimiz.org.tr/sehit/asim-ozden-103780
2d9e0a29dc931560278de4c1,Aydın Acun,,Öğretmen,Mardin,"Mardin, Midyat",1966,1987-05-25,Terörle Mücadele,Millî Eğitim Bakanlığı — Şehit Öğretmenlerimiz,https://sehitlerimiz.org.tr/sehit/aydin-acun-103781
1712d742e0e6320cfd67c0c2,Süleyman Tombak,,Jandarma Er,Bolu,Bolu,,1987-07-25,Terörle Mücadele,Bolu Valiliği — Şehit ve Gazilerimiz,https://sehitlerimiz.org.tr/sehit/suleyman-tombak-102650
a6b3f71249dd521a66d7388f,Ömer Aydın,,Polis Memuru,Çorum,,,1987-11-06,Polis Şehidi,Çorum İl Emniyet Müdürlüğü,https://sehitlerimiz.org.tr/sehit/omer-aydin-103009
196e8e8c43a563ad00b4a7ab,Şenol Akar,,Öğretmen,Aydın,"Aydın, Çine",1965,1987-11-21,Terörle Mücadele,Millî Eğitim Bakanlığı — Şehit Öğretmenlerimiz,https://sehitlerimiz.org.tr/sehit/senol-akar-103782
f36dac18e338bf6ac7e37e90,Adem Akdeniz,,Öğretmen,Aydın,"Aydın, Derbent",1968,1988-01-11,Terörle Mücadele,Millî Eğitim Bakanlığı — Şehit Öğretmenlerimiz,https://sehitlerimiz.org.tr/sehit/adem-akdeniz-103783
6f5b2a0e70ce22a8a2c9a38d,Hasan Danacı,,Polis Memuru,Edirne,Edirne,,1988-01-11,Polis Şehidi,terorsehitleri.com,https://sehitlerimiz.org.tr/sehit/hasan-danaci-102873
edb424480f8ad8e527214283,Hüseyin Aydemir,,Öğretmen,Kırşehir,"Kırşehir, Mucur",1962,1988-03-11,Terörle Mücadele,Millî Eğitim Bakanlığı — Şehit Öğretmenlerimiz,https://sehitlerimiz.org.tr/sehit/huseyin-aydemir-103784
ce50c7cdf45d52aeb2f9b2b9,Muhammet Yıldız,,Öğretmen,Trabzon,"Trabzon, Sürmene",1964,1988-03-25,Terörle Mücadele,Millî Eğitim Bakanlığı — Şehit Öğretmenlerimiz,https://sehitlerimiz.org.tr/sehit/muhammet-yildiz-103785
69087177c0f2b4352a094414,Ali Boşgelmez,,Öğretmen,Antalya,"Antalya, Kaş",1967,1988-04-15,Terörle Mücadele,Millî Eğitim Bakanlığı — Şehit Öğretmenlerimiz,https://sehitlerimiz.org.tr/sehit/ali-bosgelmez-103786
45c6cb4a0f1a61963a39e1de,Lokman Çeker,,Öğretmen,İzmir,"İzmir, Ödemiş",1964,1988-04-15,Terörle Mücadele,Millî Eğitim Bakanlığı — Şehit Öğretmenlerimiz,https://sehitlerimiz.org.tr/sehit/lokman-ceker-103787
7de4fbf9c88c22a672b4e280,Musa Sarısaç,,Öğretmen,Aydın,"Aydın, Bozdoğan",1964,1988-04-23,Terörle Mücadele,Millî Eğitim Bakanlığı — Şehit Öğretmenlerimiz,https://sehitlerimiz.org.tr/sehit/musa-sarisac-103788
a96a350dd9c19a1d20945385,Mustafa Çağlar,,Öğretmen,Kütahya,"Kütahya, Tavşanlı",1959,1988-04-23,Terörle Mücadele,Millî Eğitim Bakanlığı — Şehit Öğretmenlerimiz,https://sehitlerimiz.org.tr/sehit/mustafa-caglar-103789
2dfc528c3a2215e720da4a00,Yaşar Uçar,,Polis Memuru,Çorum,,,1988-06-07,Polis Şehidi,Çorum İl Emniyet Müdürlüğü,https://sehitlerimiz.org.tr/sehit/yasar-ucar-103008
4a7a77544a3a959d061df338,Halil İbrahim Kartoğlu,,Polis Memuru,Balıkesir,Balıkesir Gönen,,1988-07-30,Polis Şehidi,Terör Şehit ve Gazileri,https://sehitlerimiz.org.tr/sehit/halil-ibrahim-kartoglu-102827
d01c0f1984e99730f5b0cd69,Esat Oktay Yıldıran,,Binbaşı,İstanbul,,15.02.1949,1988-10-22,Terörle Mücadele,NTV; bianet; Vikipedi (resmî kurum kaydı bulunmuyor),https://sehitlerimiz.org.tr/sehit/esat-oktay-yildiran-102853
c069835c9772c92395259e68,Mitat Eren,,Öğretmen,Ordu,"Ordu, Ulubey",1966,1988-11-05,Terörle Mücadele,Millî Eğitim Bakanlığı — Şehit Öğretmenlerimiz,https://sehitlerimiz.org.tr/sehit/mitat-eren-103790
e6e7f0a926696993c1816a53,Nuri Öztürk,,Öğretmen,Tokat,"Tokat, Erbaa",1964,1988-11-05,Terörle Mücadele,Millî Eğitim Bakanlığı — Şehit Öğretmenlerimiz,https://sehitlerimiz.org.tr/sehit/nuri-ozturk-103791
01e71b8e6184fd31316bf9ed,Sezgin Yolcu,,Öğretmen,Ardahan,"Ardahan, Çıldır",1966,1988-12-05,Terörle Mücadele,Millî Eğitim Bakanlığı — Şehit Öğretmenlerimiz,https://sehitlerimiz.org.tr/sehit/sezgin-yolcu-103792
4a2ff1510cc73a8b1793bd07,Mehmet Erçin,,Özel Harekât Polis Memuru,Kütahya,Kütahya,,1989-02-26,Polis Şehidi,Kütahya Belediyesi,https://sehitlerimiz.org.tr/sehit/mehmet-ercin-102837
c79065af59acad4be388ae77,Mustafa Durna,,Jandarma,Kayseri,Kayseri Bünyan,,1989-03-22,Terörle Mücadele,"Kayseri Büyükşehir Belediyesi, Kayseri Şehitleri kitabı",https://sehitlerimiz.org.tr/sehit/mustafa-durna-102804
803cd02655da9ab8fc72e696,İbrahim Nurdoğan,,Emniyet Amiri,Kilis,,,1989-05-13,Polis Şehidi,Çorum İl Emniyet Müdürlüğü,https://sehitlerimiz.org.tr/sehit/ibrahim-nurdogan-103007
850a862e32483c0c2635615d,Erdin Apaydın,,Tank Er,Kars,Uzunköprü,04.04.1969,1989-05-14,Diğer,Uzunköprü Kaymakamlığı,https://sehitlerimiz.org.tr/sehit/erdin-apaydin-102887
af6f4fee2809541d2699bf2a,Hakan Hakkı Akman,,AA Jandarma Er,Bolu,Bolu,,1989-06-26,Terörle Mücadele,Bolu Valiliği — Şehit ve Gazilerimiz,https://sehitlerimiz.org.tr/sehit/hakan-hakki-akman-102652
f62bced1abb3884d396b3226,Durmuş Güçlü,,Öğretmen,Manisa,"Manisa, Kula",1966,1989-09-07,Terörle Mücadele,Millî Eğitim Bakanlığı — Şehit Öğretmenlerimiz,https://sehitlerimiz.org.tr/sehit/durmus-guclu-103794
b0687c27d7e4ed586367c2c1,Mehmet Kapusuz,,Öğretmen,Samsun,"Samsun, Vezirköprü",1966,1989-09-07,Terörle Mücadele,Millî Eğitim Bakanlığı — Şehit Öğretmenlerimiz,https://sehitlerimiz.org.tr/sehit/mehmet-kapusuz-103795
cc4efb32dac686357c986817,Çevik Ersin Temel,,Öğretmen,Sivas,"Sivas, Gürün",1955,1989-09-07,Terörle Mücadele,Millî Eğitim Bakanlığı — Şehit Öğretmenlerimiz,https://sehitlerimiz.org.tr/sehit/cevik-ersin-temel-103793
c15507d81348bc296a75e00f,Fasih Söğüt,,Öğretmen,Mardin,Mardin,1953,1989-10-17,Terörle Mücadele,Millî Eğitim Bakanlığı — Şehit Öğretmenlerimiz,https://sehitlerimiz.org.tr/sehit/fasih-sogut-103796
696f68d6b88be741e96c67e0,İsa Bozkır,,Jandarma Komando Onbaşı,,Uzunköprü,25.02.1968,1990-03-22,Terörle Mücadele,Uzunköprü Kaymakamlığı,https://sehitlerimiz.org.tr/sehit/isa-bozkir-102881
4caddcbf9741715a2504d9b4,Tahir Civil,,Öğretmen,Karaman,"Karaman, Ermenek",1963,1990-03-24,Terörle Mücadele,Millî Eğitim Bakanlığı — Şehit Öğretmenlerimiz,https://sehitlerimiz.org.tr/sehit/tahir-civil-103797
c0ee19666c250a918b4a722a,Hanifi Çakallıoğlu,,Öğretmen,Kahramanmaraş,Kahramanmaraş,1956,1990-03-28,Terörle Mücadele,Millî Eğitim Bakanlığı — Şehit Öğretmenlerimiz,https://sehitlerimiz.org.tr/sehit/hanifi-cakallioglu-103798
4e839cad237f9d3596fc582f,Ahmet Bekar,,Öğretmen,Kahramanmaraş,"Kahramanmaraş, Andırın",1962,1990-04-14,Terörle Mücadele,Millî Eğitim Bakanlığı — Şehit Öğretmenlerimiz,https://sehitlerimiz.org.tr/sehit/ahmet-bekar-103799
0f842f84073608e46efda872,Bayram Yeşil,,Öğretmen,Burdur,"Burdur, Ağlasun",1968,1990-04-14,Terörle Mücadele,Millî Eğitim Bakanlığı — Şehit Öğretmenlerimiz,https://sehitlerimiz.org.tr/sehit/bayram-yesil-103800
bb5abae57108e49e54d5f750,Sabahaddin Kurtuluş,,Öğretmen,Batman,Batman,1959,1990-04-14,Terörle Mücadele,Millî Eğitim Bakanlığı — Şehit Öğretmenlerimiz,https://sehitlerimiz.org.tr/sehit/sabahaddin-kurtulus-103802
fbec2ce4299462d6026e7ad7,İzzet Yüksel,,Öğretmen,Yozgat,"Yozgat, Çekerek",1966,1990-04-14,Terörle Mücadele,Millî Eğitim Bakanlığı — Şehit Öğretmenlerimiz,https://sehitlerimiz.org.tr/sehit/izzet-yuksel-103801
07f35f8efdd0bf0169b5c6c9,Mehmet Diri,,Jandarma Er,Bolu,Bolu,,1990-06-16,Terörle Mücadele,Bolu Valiliği — Şehit ve Gazilerimiz,https://sehitlerimiz.org.tr/sehit/mehmet-diri-102654
6d2a7cd1e08ca321add3d851,Hakkı Koçak,,Öğretmen,Tunceli,"Tunceli, Mazgirt",1951,1990-07-25,Terörle Mücadele,Millî Eğitim Bakanlığı — Şehit Öğretmenlerimiz,https://sehitlerimiz.org.tr/sehit/hakki-kocak-103803
f3b121cd51f57a1cd6017297,Ertan Sevim,,Öğretmen,Adana,"Adana, Ceyhan",1966,1990-09-04,Terörle Mücadele,Millî Eğitim Bakanlığı — Şehit Öğretmenlerimiz,https://sehitlerimiz.org.tr/sehit/ertan-sevim-103804
47d5c2fe20921656a08445df,Ali Karaoğlan,,Öğretmen,Kütahya,"Kütahya, Simav",1964,1990-10-09,Terörle Mücadele,Millî Eğitim Bakanlığı — Şehit Öğretmenlerimiz,https://sehitlerimiz.org.tr/sehit/ali-karaoglan-103805
d8f91e9dc5bf32fdca676f20,Mehmet Gezer,,Öğretmen,Gaziantep,"Kahramanmara?, Pazarcık",1950,1990-11-07,Terörle Mücadele,Millî Eğitim Bakanlığı — Şehit Öğretmenlerimiz,https://sehitlerimiz.org.tr/sehit/mehmet-gezer-103806
dfc30bdb32e38b7bf0521c4b,İhsan Yücel,,Çarşı ve Mahalle Bekçisi,İzmir,,,1991-02-20,Polis Şehidi,Çorum İl Emniyet Müdürlüğü,https://sehitlerimiz.org.tr/sehit/ihsan-yucel-103006
e7bb36a43e09832d6822ca88,Hakan Uysal,,Er (Bitlis İl Jandarma Alay K.),Manisa,Manisa,,1991-05-08,Terörle Mücadele,Terör Şehit ve Gazileri,https://sehitlerimiz.org.tr/sehit/hakan-uysal-102790
49f203ea18d00b575ec971b4,İsmail Selen,,Emekli Korgeneral,Bolu,Bolu,,1991-05-23,,Bolu Valiliği — Şehit ve Gazilerimiz,https://sehitlerimiz.org.tr/sehit/ismail-selen-102646
d2037a2a7c1e2da207dc1b4d,Muharrem Bektaş,,Çarşı ve Mahalle Bekçisi,Ankara,,,1991-06-19,Polis Şehidi,Çorum İl Emniyet Müdürlüğü,https://sehitlerimiz.org.tr/sehit/muharrem-bektas-103005
2d5de7c496d2ef8c93af8d7e,Çetin Görgü,,Atina Büyükelçiliği Basın Ataşesi,,,,1991-10-07,Terörle Mücadele,Dışişleri Bakanlığı — Şehit Diplomatlarımız,https://sehitlerimiz.org.tr/sehit/cetin-gorgu-104176
ccb95be3f5fe3f183cb4ee72,Halim Nergiz,,Komiser Yardımcısı,Çorum,,,1991-10-09,Polis Şehidi,Çorum İl Emniyet Müdürlüğü,https://sehitlerimiz.org.tr/sehit/halim-nergiz-103004
fb4375f4d55f36e759b02f65,Remzi Balta,,Jandarma Er,,Uzunköprü,02.04.1971,1991-11-03,Terörle Mücadele,Uzunköprü Kaymakamlığı,https://sehitlerimiz.org.tr/sehit/remzi-balta-102883
1f78bdcfcd922581e3c4d63c,Ali Temur,,Jandarma Er,Sivas,"Sivas, Gürün",,1991-11-10,Diğer,Gürün Kaymakamlığı — Şehit ve Gazilerimiz,https://sehitlerimiz.org.tr/sehit/ali-temur-104208
7f80cd0c61ae2ec6ee69b516,Esma Karadoğan,,Öğretmen,Tunceli,Tunceli,1969,1991-11-17,Terörle Mücadele,Millî Eğitim Bakanlığı — Şehit Öğretmenlerimiz,https://sehitlerimiz.org.tr/sehit/esma-karadogan-103807
bc99df182e8b70a5d06bd458,Bilal Eser,,Polis Memuru,Yozgat,,,1992-01-03,Polis Şehidi,Çorum İl Emniyet Müdürlüğü,https://sehitlerimiz.org.tr/sehit/bilal-eser-103003
cfad6b432e59c81b90b2593e,Ömer Zeki Varan,,Öğretmen,Artvin,Artvin,1966,1992-02-01,Diğer,Millî Eğitim Bakanlığı — Şehit Öğretmenlerimiz,https://sehitlerimiz.org.tr/sehit/omer-zeki-varan-103809
c0782e433890e5eb96bf3541,Orhan Gök,,Öğretmen,Kahramanmaraş,"Kahramanmaraş, Andırın",1967,1992-03-19,Terörle Mücadele,Millî Eğitim Bakanlığı — Şehit Öğretmenlerimiz,https://sehitlerimiz.org.tr/sehit/orhan-gok-103810
67458b0620ed59c0cd4e075c,Mehmet Geren,,Öğretmen,Şırnak,"Şırnak, Cizre",1951,1992-03-23,Terörle Mücadele,Millî Eğitim Bakanlığı — Şehit Öğretmenlerimiz,https://sehitlerimiz.org.tr/sehit/mehmet-geren-103811
9d74c9e69fae96aa62b57917,Ramazan Ege,,Öğretmen,Çanakkale,"Çanakkale, Yenice",1966,1992-04-09,Terörle Mücadele,Millî Eğitim Bakanlığı — Şehit Öğretmenlerimiz,https://sehitlerimiz.org.tr/sehit/ramazan-ege-103812
4325eb1746e14b3afb75407b,Şevki Akgün,,Öğretmen,Konya,"Konya, Yunak",1965,1992-04-29,Terörle Mücadele,Millî Eğitim Bakanlığı — Şehit Öğretmenlerimiz,https://sehitlerimiz.org.tr/sehit/sevki-akgun-103813
92bdae158631cc047fb39136,Mustafa Güler,,Jandarma Komando Er,Erzurum,Erzurum İspir,16.10.1971,1992-04-30,Terörle Mücadele,İspir Kaymakamlığı,https://sehitlerimiz.org.tr/sehit/mustafa-guler-102926
ceaa2b80942345254764f10f,İlyas Açar,,Öğretmen,Erzurum,"Erzurum, Olur",1967,1992-05-04,Terörle Mücadele,Millî Eğitim Bakanlığı — Şehit Öğretmenlerimiz,https://sehitlerimiz.org.tr/sehit/ilyas-acar-103814
8355b0822a7becee04b12968,Orhan Korkmaz,,Öğretmen,Diyarbakır,"Diyarbakır, Kulp",1956,1992-05-20,Terörle Mücadele,Millî Eğitim Bakanlığı — Şehit Öğretmenlerimiz,https://sehitlerimiz.org.tr/sehit/orhan-korkmaz-103815
ebfe40049de4ba7f037a19d8,Dursun Değirmencioğlu,,Jandarma Er,Bolu,Bolu,,1992-05-28,Terörle Mücadele,Bolu Valiliği — Şehit ve Gazilerimiz,https://sehitlerimiz.org.tr/sehit/dursun-degirmencioglu-102655
3108edf556af9edbafd76723,Seydo Aydoğan,,Öğretmen,Mardin,"Mardin, Kızıltepe",1963,1992-06-05,Terörle Mücadele,Millî Eğitim Bakanlığı — Şehit Öğretmenlerimiz,https://sehitlerimiz.org.tr/sehit/seydo-aydogan-103816
b10106600006ece3915e4c6a,Metin Altun,,Piyade Er,Ardahan,Ardahan Göle,1972,1992-08-17,Terörle Mücadele,Göle Kaymakamlığı,https://sehitlerimiz.org.tr/sehit/metin-altun-102903
aa119b3924330e28bc2b60bf,İbrahim Ayhan,,Piyade Onbaşı,Bolu,Bolu,,1992-08-23,Terörle Mücadele,Bolu Valiliği — Şehit ve Gazilerimiz,https://sehitlerimiz.org.tr/sehit/ibrahim-ayhan-102657
a9c47ab808265535d4a5829f,Ramazan Ergi,,Öğretmen,Diyarbakır,"Diyarbakır, Ergani",1961,1992-08-25,Terörle Mücadele,Millî Eğitim Bakanlığı — Şehit Öğretmenlerimiz,https://sehitlerimiz.org.tr/sehit/ramazan-ergi-103817
82235fedf1df11afb01f5720,Abdurrahman Taner,,Öğretmen,Mardin,"Mardin, Nusaybin",1953,1992-08-29,Terörle Mücadele,Millî Eğitim Bakanlığı — Şehit Öğretmenlerimiz,https://sehitlerimiz.org.tr/sehit/abdurrahman-taner-103818
67e12ebf6e1ed0dc69b79be2,Şahin Gürdap,,Piyade Er,Bolu,Bolu,,1992-08-31,Terörle Mücadele,Bolu Valiliği — Şehit ve Gazilerimiz,https://sehitlerimiz.org.tr/sehit/sahin-gurdap-102660
7e893a3cf83155010a02a56d,Engin Eker,,Öğretmen,Çanakkale,"Çanakkale, Çan",1967,1992-09-16,Terörle Mücadele,Millî Eğitim Bakanlığı — Şehit Öğretmenlerimiz,https://sehitlerimiz.org.tr/sehit/engin-eker-103819
dd5da184d0d36beaec53103c,Ümüt Çetingöz,,Piyade Er,Bolu,Bolu,,1992-09-29,Terörle Mücadele,Bolu Valiliği — Şehit ve Gazilerimiz,https://sehitlerimiz.org.tr/sehit/umut-cetingoz-102666
e6e97a3c28fdbfc243ad9142,Abdulkerim Turhan,,Jandarma Komando Er,Erzurum,Erzurum İspir,01.04.1972,1992-10-03,Terörle Mücadele,İspir Kaymakamlığı,https://sehitlerimiz.org.tr/sehit/abdulkerim-turhan-102920
d66385be4be1e3c5a62cfa86,Nevzat Meriç,,Jandarma Kıdemli Çavuş,,Uzunköprü,20.03.1971,1992-10-04,Terörle Mücadele,Uzunköprü Kaymakamlığı,https://sehitlerimiz.org.tr/sehit/nevzat-meric-102889
8dc95024684096e7780ae44c,Ali Taka,,Piyade Er,Erzurum,Erzurum İspir,20.05.1972,1992-10-05,Diğer,İspir Kaymakamlığı,https://sehitlerimiz.org.tr/sehit/ali-taka-102921
f71db988de6ec628dd898f20,Abdulvahab Yersiz,,Öğretmen,Mardin,"Mardin, Mazıdağ",1968,1992-10-06,Terörle Mücadele,Millî Eğitim Bakanlığı — Şehit Öğretmenlerimiz,https://sehitlerimiz.org.tr/sehit/abdulvahab-yersiz-103820
a94d74b72c3543315cceeea7,Mehmet Şirin Kaya,,Öğretmen,Diyarbakır,Diyarbakır,1956,1992-10-24,Terörle Mücadele,Millî Eğitim Bakanlığı — Şehit Öğretmenlerimiz,https://sehitlerimiz.org.tr/sehit/mehmet-sirin-kaya-103821
f2f6cef9258473ee490cdb82,Kenan Özdemir,,Piyade Çavuş,Bolu,Bolu,,1992-10-31,Terörle Mücadele,Bolu Valiliği — Şehit ve Gazilerimiz,https://sehitlerimiz.org.tr/sehit/kenan-ozdemir-102656
deb8d9e68ff3a76c72a2cca1,Fazlı Kalender,,Polis Memuru,Ankara,,,1992-11-04,Polis Şehidi,Çorum İl Emniyet Müdürlüğü,https://sehitlerimiz.org.tr/sehit/fazli-kalender-103002
a19a0e75866dbdf8844a9945,Orhan Yalçın,,,Bolu,Bolu,,1992-11-06,Terörle Mücadele,Bolu Valiliği — Şehit ve Gazilerimiz,https://sehitlerimiz.org.tr/sehit/orhan-yalcin-102659
8965efe1c4cfba1dc9372468,Ahmet Er,,Jandarma Er,Bolu,Bolu,,1992-11-11,Terörle Mücadele,Bolu Valiliği — Şehit ve Gazilerimiz,https://sehitlerimiz.org.tr/sehit/ahmet-er-102698
fbc45adb57d73a68e2cb063e,Emin Aydın,,Öğretmen,Çanakkale,"Çanakkale, Çan",1964,1992-11-11,Terörle Mücadele,Millî Eğitim Bakanlığı — Şehit Öğretmenlerimiz,https://sehitlerimiz.org.tr/sehit/emin-aydin-103822
db7a29eecca034250b262217,Vural Akdeniz,,Öğretmen,Samsun,Samsun,1964,1992-11-11,Terörle Mücadele,Millî Eğitim Bakanlığı — Şehit Öğretmenlerimiz,https://sehitlerimiz.org.tr/sehit/vural-akdeniz-103823
04fadc72d20f1b3c4b0b653c,Mehmet Mehdi Sanlı,,Öğretmen,Diyarbakır,"Diyarbakır, Silvan",1955,1992-11-22,Terörle Mücadele,Millî Eğitim Bakanlığı — Şehit Öğretmenlerimiz,https://sehitlerimiz.org.tr/sehit/mehmet-mehdi-sanli-103824
b385115fcf73d65057ad1361,Mehmet Emin Özden,,Öğretmen,Şırnak,Şırnak,1953,1992-12-06,Terörle Mücadele,Millî Eğitim Bakanlığı — Şehit Öğretmenlerimiz,https://sehitlerimiz.org.tr/sehit/mehmet-emin-ozden-103825
b81859e83b8727bdfee77da2,Halis Şişman,,Öğretmen,Osmaniye,"Osmaniye, Kadirli",1967,1993-01-04,Terörle Mücadele Harekâtı (1993),Millî Eğitim Bakanlığı — Şehit Öğretmenlerimiz,https://sehitlerimiz.org.tr/sehit/halis-sisman-103826
502cd479fe48ee33783dbfe2,Ramazan Aydın Bilge,,Öğretmen,Diyarbakır,"Diyarbakır, Hazro",1964,1993-01-13,Terörle Mücadele Harekâtı (1993),Millî Eğitim Bakanlığı — Şehit Öğretmenlerimiz,https://sehitlerimiz.org.tr/sehit/ramazan-aydin-bilge-103827
480e42a73aa97de57110d32d,Zübeyir Akkoç,,Öğretmen,Diyarbakır,"Diyarbakır, Lice",1952,1993-01-13,Terörle Mücadele Harekâtı (1993),Millî Eğitim Bakanlığı — Şehit Öğretmenlerimiz,https://sehitlerimiz.org.tr/sehit/zubeyir-akkoc-103828
3b30cfbd212b20507fc928e0,Kemal Sert,,Öğretmen,Konya,"Konya, Seydişehir",1967,1993-01-16,Terörle Mücadele Harekâtı (1993),Millî Eğitim Bakanlığı — Şehit Öğretmenlerimiz,https://sehitlerimiz.org.tr/sehit/kemal-sert-103829
7d30d2e35ecb7855d401939c,Naci Avunduk,,Piyade Asteğmen,Sivas,"Sivas, Gürün",,1993-02-03,Terörle Mücadele,Gürün Kaymakamlığı — Şehit ve Gazilerimiz,https://sehitlerimiz.org.tr/sehit/naci-avunduk-104196
c4cb615322f25d0f3ce554fc,Kemal Burkucu,,,Bolu,Bolu,,1993-02-11,,Bolu Valiliği — Şehit ve Gazilerimiz,https://sehitlerimiz.org.tr/sehit/kemal-burkucu-102691
16c2ecdee20d3917ac1ddb3c,Ertuğrul Alptekin,,Öğretmen,Adana,"Adana, Feke",1968,1993-02-18,Terörle Mücadele Harekâtı (1993),Millî Eğitim Bakanlığı — Şehit Öğretmenlerimiz,https://sehitlerimiz.org.tr/sehit/ertugrul-alptekin-103830
7c9953b05376a1c8942ea6d8,İsmail Çelik,,Öğretmen,Şanlıurfa,Şanlıurfa,1956,1993-02-22,Terörle Mücadele Harekâtı (1993),Millî Eğitim Bakanlığı — Şehit Öğretmenlerimiz,https://sehitlerimiz.org.tr/sehit/ismail-celik-103831
eac89603b1ac1fd1f020a315,İsmail İşlek,,Jandarma Er,,Uzunköprü,20.02.1973,1993-02-28,Terörle Mücadele Harekâtı (1993),Uzunköprü Kaymakamlığı,https://sehitlerimiz.org.tr/sehit/ismail-islek-102879
674f4451951909770085c594,Selim Panha,,Jandarma Ulaştırma Er,Erzurum,Erzurum İspir,21.12.1972,1993-03-03,Terörle Mücadele,İspir Kaymakamlığı,https://sehitlerimiz.org.tr/sehit/selim-panha-102928
f13baa62f6635a04796a93c3,Ahmet Yümni,,,Bolu,Bolu,,1993-03-15,Terörle Mücadele,Bolu Valiliği — Şehit ve Gazilerimiz,https://sehitlerimiz.org.tr/sehit/ahmet-yumni-102667
78d496edf96d44b39b7d6c2a,Faik Ayaz,,Öğretmen,Diyarbakır,"Diyarbakır, Silvan",1956,1993-03-19,Terörle Mücadele Harekâtı (1993),Millî Eğitim Bakanlığı — Şehit Öğretmenlerimiz,https://sehitlerimiz.org.tr/sehit/faik-ayaz-103832
6dd1cdbb03660bb3f938d3bc,Alihan Han,,Öğretmen,Erzurum,"Erzurum, Tekman",1951,1993-04-19,Terörle Mücadele Harekâtı (1993),Millî Eğitim Bakanlığı — Şehit Öğretmenlerimiz,https://sehitlerimiz.org.tr/sehit/alihan-han-103833
aefd4b5fab0467c1183caa7b,Abdullah Kara,,Er,Antalya,Antalya,,1993-05-24,Terörle Mücadele Harekâtı (1993),Anadolu Ajansı; QHA,https://sehitlerimiz.org.tr/sehit/abdullah-kara-102700
d772adcd801cc438bf0f69ac,Adem Zongur,,Er,Kırıkkale,Kırıkkale,,1993-05-24,Terörle Mücadele Harekâtı (1993),Anadolu Ajansı; QHA,https://sehitlerimiz.org.tr/sehit/adem-zongur-102701
25b61e5cf84ff5504129142e,Ahmet Apak,,Er,Denizli,Denizli,,1993-05-24,Terörle Mücadele Harekâtı (1993),Anadolu Ajansı; QHA,https://sehitlerimiz.org.tr/sehit/ahmet-apak-102702
17ee8d21d6a9756309520443,Ahmet Aran,,Er,Manisa,Manisa,,1993-05-24,Terörle Mücadele Harekâtı (1993),Anadolu Ajansı; QHA,https://sehitlerimiz.org.tr/sehit/ahmet-aran-102703
18ae8080007d37b4cb323546,Ali Arar,,Er,Konya,Konya,,1993-05-24,Terörle Mücadele Harekâtı (1993),Anadolu Ajansı; QHA,https://sehitlerimiz.org.tr/sehit/ali-arar-102704
78787b82d579d06642550085,Aydın Kuzey,,Er,Çanakkale,Çanakkale,,1993-05-24,Terörle Mücadele Harekâtı (1993),Anadolu Ajansı; QHA,https://sehitlerimiz.org.tr/sehit/aydin-kuzey-102705
d426638d4dfcff988177b203,Baki Umutlu,,Jandarma Er,Denizli,Denizli Honaz,,1993-05-24,Terörle Mücadele Harekâtı (1993),Anadolu Ajansı; QHA; Hürriyet,https://sehitlerimiz.org.tr/sehit/baki-umutlu-102706
c90eaeb404f989b614d9e38f,Birol İrfan Aşkar,,Öğretmen,Afyonkarahisar,Afyonkarahisar Başmakçı,,1993-05-24,Terörle Mücadele Harekâtı (1993),Anadolu Ajansı; QHA; MEB,https://sehitlerimiz.org.tr/sehit/birol-irfan-askar-102707
1e6f44b56e40ffb1ff5eb5a4,Cavit Yaman,,Er,Samsun,Samsun,,1993-05-24,Terörle Mücadele Harekâtı (1993),Anadolu Ajansı; QHA,https://sehitlerimiz.org.tr/sehit/cavit-yaman-102708
2438cdcb3c7fadf86c74634e,Ercan Çobanoğlu,,Er,Denizli,Denizli,,1993-05-24,Terörle Mücadele Harekâtı (1993),Anadolu Ajansı; QHA,https://sehitlerimiz.org.tr/sehit/ercan-cobanoglu-102709
9a50e28b5ac125806569382c,Erkan Kaçan,,Er,Konya,Konya,,1993-05-24,Terörle Mücadele Harekâtı (1993),Anadolu Ajansı; QHA,https://sehitlerimiz.org.tr/sehit/erkan-kacan-102710
05e135a1bb6903e1b762c855,Mehmet Birol,,Öğretmen,Edirne,"Edirne, Havsa",1964,1993-05-24,Terörle Mücadele Harekâtı (1993),Millî Eğitim Bakanlığı — Şehit Öğretmenlerimiz,https://sehitlerimiz.org.tr/sehit/mehmet-birol-103834
ac11b0ab16fac3ad407afe96,Murat Menteş,,Jandarma Er,Bolu,Bolu,,1993-05-24,Terörle Mücadele,Bolu Valiliği — Şehit ve Gazilerimiz,https://sehitlerimiz.org.tr/sehit/murat-mentes-102661
33a93aab9d263ce2a26eb5d0,Ramazan Akkaya,,Jandarma Er,Kastamonu,Kastamonu Pınarbaşı,,1993-05-24,Terörle Mücadele Harekâtı (1993),Kastamonu Aile ve Sosyal Hizmetler İl Müdürlüğü,https://sehitlerimiz.org.tr/sehit/ramazan-akkaya-103027
9de04832ae97ed302564f912,Selahattin Aysan,,Öğretmen,Isparta,"Isparta, Gönen",1968,1993-05-24,Terörle Mücadele Harekâtı (1993),Millî Eğitim Bakanlığı — Şehit Öğretmenlerimiz,https://sehitlerimiz.org.tr/sehit/selahattin-aysan-103835
a3cfb994027aa9cb6062271d,Ali Rıza Pekgöz,,Öğretmen,Siirt,"Siirt, Kurtalan",1960,1993-06-10,Terörle Mücadele Harekâtı (1993),Millî Eğitim Bakanlığı — Şehit Öğretmenlerimiz,https://sehitlerimiz.org.tr/sehit/ali-riza-pekgoz-103836
a8248241b97a07a878a9b91d,Elif Livan,,Öğretmen,Malatya,"Malatya, Akçadağ",1962,1993-06-11,Terörle Mücadele Harekâtı (1993),Millî Eğitim Bakanlığı — Şehit Öğretmenlerimiz,https://sehitlerimiz.org.tr/sehit/elif-livan-103837
967d5b33e0b477867452e331,Nuriye Ak,,Öğretmen,Çanakkale,"Çanakkale, Gelibolu",1968,1993-06-11,Terörle Mücadele Harekâtı (1993),Millî Eğitim Bakanlığı — Şehit Öğretmenlerimiz,https://sehitlerimiz.org.tr/sehit/nuriye-ak-103838
de02108309c4874d0b234605,Nevzat Akdemir,,Öğretmen,Ardahan,"Ardahan, Çıldır",1966,1993-06-21,Terörle Mücadele Harekâtı (1993),Millî Eğitim Bakanlığı — Şehit Öğretmenlerimiz,https://sehitlerimiz.org.tr/sehit/nevzat-akdemir-103839
c16a22145e3a2d2f276c0f4d,Erkan Aydın,,Öğretmen,Gümüşhane,"Gümüşhane, Şiran",1993,1993-06-24,Terörle Mücadele Harekâtı (1993),Millî Eğitim Bakanlığı — Şehit Öğretmenlerimiz,https://sehitlerimiz.org.tr/sehit/erkan-aydin-103840
1b89ed6538ce8b3bac8ef22c,Hamza Çetin,,Öğretmen,Karaman,"Karaman, Yeşildere",1963,1993-06-24,Terörle Mücadele Harekâtı (1993),Millî Eğitim Bakanlığı — Şehit Öğretmenlerimiz,https://sehitlerimiz.org.tr/sehit/hamza-cetin-103841
dbed8e1226fabd273cea4558,Turgut Sevinç,,Jandarma Komando Çavuş,,Uzunköprü,18.08.1977,1993-06-29,Terörle Mücadele Harekâtı (1993),Uzunköprü Kaymakamlığı,https://sehitlerimiz.org.tr/sehit/turgut-sevinc-102882
c5564fd165fbb713fdbb5b2c,Recep Battal,,Polis Memuru,Çorum,,,1993-07-15,Polis Şehidi,Çorum İl Emniyet Müdürlüğü,https://sehitlerimiz.org.tr/sehit/recep-battal-103001
6961b669887f11bfb57b7348,Yakup Genç,,Jandarma Er,Ardahan,Ardahan Göle,1972,1993-08-03,Diğer,Göle Kaymakamlığı,https://sehitlerimiz.org.tr/sehit/yakup-genc-102904
ae820d5952e1040c49a920cc,Mehmet Mecit Yalçın,,Öğretmen,Mardin,"Mardin, Savur",1958,1993-08-05,Terörle Mücadele Harekâtı (1993),Millî Eğitim Bakanlığı — Şehit Öğretmenlerimiz,https://sehitlerimiz.org.tr/sehit/mehmet-mecit-yalcin-103842
a0139723c9efc325ad79c8af,Mustafa Toğul,,Jandarma Er,Sivas,"Sivas, Gürün",,1993-09-06,Terörle Mücadele,Gürün Kaymakamlığı — Şehit ve Gazilerimiz,https://sehitlerimiz.org.tr/sehit/mustafa-togul-104189
2f104fbcae99392c45413c9e,Osman Çiçek,,Öğretmen,Adana,"Adana, Kozan",1965,1993-09-07,Terörle Mücadele Harekâtı (1993),Millî Eğitim Bakanlığı — Şehit Öğretmenlerimiz,https://sehitlerimiz.org.tr/sehit/osman-cicek-103843
9d873df2448c14d9966222c2,Ayhan Kural,,Öğretmen,Amasya,"Amasya, Merzifon",1969,1993-09-17,Terörle Mücadele Harekâtı (1993),Millî Eğitim Bakanlığı — Şehit Öğretmenlerimiz,https://sehitlerimiz.org.tr/sehit/ayhan-kural-103844
39731d774d84059990715761,Ahmet Arcagök,,Öğretmen,Diyarbakır,"Diyarbakır, Hani",1953,1993-09-20,Terörle Mücadele Harekâtı (1993),Millî Eğitim Bakanlığı — Şehit Öğretmenlerimiz,https://sehitlerimiz.org.tr/sehit/ahmet-arcagok-103845
fdbb986c35ed01411e67c932,Ali Şahap Salık,,Öğretmen,Diyarbakır,"Diyarbakır, Ergani",1959,1993-09-21,Terörle Mücadele Harekâtı (1993),Millî Eğitim Bakanlığı — Şehit Öğretmenlerimiz,https://sehitlerimiz.org.tr/sehit/ali-sahap-salik-103846
bb4e22be458c5149c6f288c2,Bülent Altınsoy,,Jandarma Er,Bayburt,Bayburt,,1993-09-22,Terörle Mücadele,Terör Şehit ve Gazileri,https://sehitlerimiz.org.tr/sehit/bulent-altinsoy-102791
5bdbef26d5bdc4088be21a1d,Ferahim Cabalar,,Jandarma Komando Onbaşı,,Uzunköprü,07.02.1972,1993-09-23,Terörle Mücadele Harekâtı (1993),Uzunköprü Kaymakamlığı,https://sehitlerimiz.org.tr/sehit/ferahim-cabalar-102880
5e5c3c205d609ba82b38ea11,İsmail Coşkun,,Jandarma Er,Bolu,Bolu,,1993-09-23,Terörle Mücadele,Bolu Valiliği — Şehit ve Gazilerimiz,https://sehitlerimiz.org.tr/sehit/ismail-coskun-102662
a7e372215c63081e34f09cb7,Ümit Yılbar,Nihat,Asteğmen,İstanbul,"İstanbul, Kadıköy",1966,1993-09-25,Terörle Mücadele Harekâtı (1993),Sabah,https://sehitlerimiz.org.tr/sehit/umit-yilbar-103764
364ea42fa2a6bf9c4305136c,Osman Karayağız,,,Bolu,Bolu,,1993-09-26,,Bolu Valiliği — Şehit ve Gazilerimiz,https://sehitlerimiz.org.tr/sehit/osman-karayagiz-102692
cebf3986b6d5399a3fb3c5be,Gürez Şimşek,,Öğretmen,Ordu,"Ordu, Fatsa",1949,1993-09-29,Terörle Mücadele Harekâtı (1993),Millî Eğitim Bakanlığı — Şehit Öğretmenlerimiz,https://sehitlerimiz.org.tr/sehit/gurez-simsek-103848
35fbb342fb12356a0c029571,Zeki Şenoğlu,,Öğretmen,Diyarbakır,"Diyarbakır, Ergani",1955,1993-09-29,Terörle Mücadele Harekâtı (1993),Millî Eğitim Bakanlığı — Şehit Öğretmenlerimiz,https://sehitlerimiz.org.tr/sehit/zeki-senoglu-103847
bc7d9a4764307ddeb4f1ff90,Ercan Canavar,,Öğretmen,Eskişehir,"Eskişehir, Çifteler",1966,1993-10-03,Terörle Mücadele Harekâtı (1993),Millî Eğitim Bakanlığı — Şehit Öğretmenlerimiz,https://sehitlerimiz.org.tr/sehit/ercan-canavar-103849
82101b5a3191461e19d4a2da,Bayram Aladağ,,Öğretmen,Elazığ,Elazığ,1969,1993-10-06,Terörle Mücadele Harekâtı (1993),Millî Eğitim Bakanlığı — Şehit Öğretmenlerimiz,https://sehitlerimiz.org.tr/sehit/bayram-aladag-103850
a2ff0ab1cf855cb83027ebf5,Nurgül Aladağ,,Öğretmen,Elazığ,Elazığ,1969,1993-10-06,Terörle Mücadele Harekâtı (1993),Millî Eğitim Bakanlığı — Şehit Öğretmenlerimiz,https://sehitlerimiz.org.tr/sehit/nurgul-aladag-103851
5f44467d841ca03cd78e9011,Feyzi Katar,,Öğretmen,Mersin,"Mersin, Tarsus",1960,1993-10-07,Terörle Mücadele Harekâtı (1993),Millî Eğitim Bakanlığı — Şehit Öğretmenlerimiz,https://sehitlerimiz.org.tr/sehit/feyzi-katar-103852
677d9f227d9d445e89b89161,Necdet Fidan,,Jandarma Çavuş,Bolu,Bolu,,1993-10-07,Terörle Mücadele,Bolu Valiliği — Şehit ve Gazilerimiz,https://sehitlerimiz.org.tr/sehit/necdet-fidan-102664
bb7ff00d9e951075a9c70adb,Orhan Bakış,,Öğretmen,Malatya,"Malatya, Battalgazi",1966,1993-10-07,Terörle Mücadele Harekâtı (1993),Millî Eğitim Bakanlığı — Şehit Öğretmenlerimiz,https://sehitlerimiz.org.tr/sehit/orhan-bakis-103853
8b3dd249f4b943217ea5931b,Taşkın Senger,,Öğretmen,Kars,Kars,1965,1993-10-07,Terörle Mücadele Harekâtı (1993),Millî Eğitim Bakanlığı — Şehit Öğretmenlerimiz,https://sehitlerimiz.org.tr/sehit/taskin-senger-103854
f907990c72c4b4398b0ef2a8,Ünal Atlı,,Öğretmen,Konya,"Konya, İhsaniye",1966,1993-10-07,Terörle Mücadele Harekâtı (1993),Millî Eğitim Bakanlığı — Şehit Öğretmenlerimiz,https://sehitlerimiz.org.tr/sehit/unal-atli-103855
ba170e582d2684f5f4038dae,Ali Yıldırım,,Öğretmen,Adana,"Adana, Kozan",1962,1993-10-22,Terörle Mücadele Harekâtı (1993),Millî Eğitim Bakanlığı — Şehit Öğretmenlerimiz,https://sehitlerimiz.org.tr/sehit/ali-yildirim-103856
64d844240b6bb8fb3c973bd9,Etem Yaşar,,Öğretmen,Bursa,"Bursa, Gemlik",1959,1993-10-22,Terörle Mücadele Harekâtı (1993),Millî Eğitim Bakanlığı — Şehit Öğretmenlerimiz,https://sehitlerimiz.org.tr/sehit/etem-yasar-103857
b2573a101ee8607988c3d795,Hüseyin Yavuz,,Öğretmen,Konya,"Konya, Bozkır",1967,1993-10-22,Terörle Mücadele Harekâtı (1993),Millî Eğitim Bakanlığı — Şehit Öğretmenlerimiz,https://sehitlerimiz.org.tr/sehit/huseyin-yavuz-103858
0c7024c765e145ca5e62c477,Zeki Savruk,,Öğretmen,Edirne,"Edirne, Meriç",1970,1993-10-22,Terörle Mücadele Harekâtı (1993),Millî Eğitim Bakanlığı — Şehit Öğretmenlerimiz,https://sehitlerimiz.org.tr/sehit/zeki-savruk-103859
c5fcc19db0ba8b7428fbb50f,Ali Nurettin Soyer,,Öğretmen,Bartın,Bartın,1964,1993-10-23,Terörle Mücadele Harekâtı (1993),Millî Eğitim Bakanlığı — Şehit Öğretmenlerimiz,https://sehitlerimiz.org.tr/sehit/ali-nurettin-soyer-103860
6e2971a131c3cb412b9b86fe,Mehmet İzdal,,Öğretmen,İzmir,"İzmir, Seferihisar",1967,1993-10-24,Terörle Mücadele Harekâtı (1993),Millî Eğitim Bakanlığı — Şehit Öğretmenlerimiz,https://sehitlerimiz.org.tr/sehit/mehmet-izdal-103861
54dc97ec61f6cc7d50ff986c,Abdurrahman Nafız Özbağrıaçık,,Öğretmen,Konya,"Konya, Taşkent",1957,1993-10-25,Terörle Mücadele Harekâtı (1993),Millî Eğitim Bakanlığı — Şehit Öğretmenlerimiz,https://sehitlerimiz.org.tr/sehit/abdurrahman-nafiz-ozbagriacik-103862
c6c5126f41166a680a8e7030,Ergin Komut,,Öğretmen,Kocaeli,"Kocaeli, İzmit",1959,1993-10-25,Terörle Mücadele Harekâtı (1993),Millî Eğitim Bakanlığı — Şehit Öğretmenlerimiz,https://sehitlerimiz.org.tr/sehit/ergin-komut-103864
8a4d65d8adb4d2560f82d948,Mehmet Fidan,,Piyade Er (Öğretmen),Kütahya,Kütahya Simav Bahtıllı,,1993-10-25,Terörle Mücadele,Simav Kaymakamlığı,https://sehitlerimiz.org.tr/sehit/mehmet-fidan-102931
95825125c29673b1e5144558,Yasemin Tekin,,Öğretmen,Osmaniye,Osmaniye,1962,1993-10-25,Terörle Mücadele Harekâtı (1993),Millî Eğitim Bakanlığı — Şehit Öğretmenlerimiz,https://sehitlerimiz.org.tr/sehit/yasemin-tekin-103863
5913166bd20bb7e828069262,Ayşe Konakçı,,Öğretmen,Denizli,"Denizli, Tavas",1969,1993-10-26,Terörle Mücadele Harekâtı (1993),Millî Eğitim Bakanlığı — Şehit Öğretmenlerimiz,https://sehitlerimiz.org.tr/sehit/ayse-konakci-103865
aa284e48f2db6a4608fe695f,Fatih Tekin,,Öğretmen,Çorum,Çorum,1965,1993-10-26,Terörle Mücadele Harekâtı (1993),Millî Eğitim Bakanlığı — Şehit Öğretmenlerimiz,https://sehitlerimiz.org.tr/sehit/fatih-tekin-103866
10501fde7b2821dfe58bd69e,Hasan Alten,,Sivil,Tekirdağ,"Tekirdağ, Şarköy",,1993-10-26,Terörle Mücadele Harekâtı (1993),Anadolu Ajansı; Tekirdağ Valiliği; MEB Bismil İlçe Millî Eğitim Müdürlüğü,https://sehitlerimiz.org.tr/sehit/hasan-alten-103763
ab5f32a3783042e9362e6d8a,Sezgin Keçeci,,Öğretmen,Muğla,"Muğla, Ula",1967,1993-10-26,Terörle Mücadele Harekâtı (1993),Millî Eğitim Bakanlığı — Şehit Öğretmenlerimiz,https://sehitlerimiz.org.tr/sehit/sezgin-kececi-103867
5c1ca412cd36f1d95fb2b572,Sami Akbıyık,,Jandarma Er,Bolu,Bolu,,1993-10-27,Terörle Mücadele,Bolu Valiliği — Şehit ve Gazilerimiz,https://sehitlerimiz.org.tr/sehit/sami-akbiyik-102668
4353a886261a35f35716a948,Ahmet Cem Ersever,,Jandarma Binbaşı,Ankara,,,1993-11-04,Terörle Mücadele,Jandarma Genel Komutanlığı kararı; Milliyet,https://sehitlerimiz.org.tr/sehit/ahmet-cem-ersever-102807
d4f7a03a010c89c41a1a5b48,Halis Çınar,,Komiser,Diyarbakır,,,1993-11-10,Polis Şehidi,Gürün Kaymakamlığı — Şehit ve Gazilerimiz,https://sehitlerimiz.org.tr/sehit/halis-cinar-104205
b5ec0d7926b3373ccc0d05ad,Halil Kandemir,,Öğretmen,Çanakkale,"Çanakkale, Yenice",1955,1993-11-20,Terörle Mücadele Harekâtı (1993),Millî Eğitim Bakanlığı — Şehit Öğretmenlerimiz,https://sehitlerimiz.org.tr/sehit/halil-kandemir-103868
fd2de6e4e28f064c849c75c4,Zafer Özdeniz,,Öğretmen,Ordu,"Ordu, Fatsa",1964,1993-11-20,Terörle Mücadele Harekâtı (1993),Millî Eğitim Bakanlığı — Şehit Öğretmenlerimiz,https://sehitlerimiz.org.tr/sehit/zafer-ozdeniz-103869
6a339e6841de060bc7a9c7ee,Çağlar Yücel,,Bağdat Büyükelçiliği İdari Ataşesi,,,,1993-12-11,Terörle Mücadele,Dışişleri Bakanlığı — Şehit Diplomatlarımız,https://sehitlerimiz.org.tr/sehit/caglar-yucel-104177
b6b3a75806d3f24e8192ea53,Zekeriya Gözyuman,,Jandarma Onbaşı,Sakarya,Sakarya,,1993-12-12,Terörle Mücadele,Sakarya Aile ve Sosyal Hizmetler İl Müdürlüğü,https://sehitlerimiz.org.tr/sehit/zekeriya-gozyuman-103024
cca649db94bcbedc72a99f97,Erol Kesgin,,Polis Memuru,Çorum,,,1993-12-28,Polis Şehidi,Çorum İl Emniyet Müdürlüğü,https://sehitlerimiz.org.tr/sehit/erol-kesgin-103000
5fde64e82db5ee0050bda373,Mehmet Dayan,,Öğretmen,Diyarbakır,"Diyarbakır, Çermik",1960,1993-12-29,Terörle Mücadele Harekâtı (1993),Millî Eğitim Bakanlığı — Şehit Öğretmenlerimiz,https://sehitlerimiz.org.tr/sehit/mehmet-dayan-103870
0274418a9d442fb6749d9fea,Nahit Ergene,,Öğretmen,Elazığ,"Elazığ, Maden",1955,1994-01-01,Terörle Mücadele,Millî Eğitim Bakanlığı — Şehit Öğretmenlerimiz,https://sehitlerimiz.org.tr/sehit/nahit-ergene-103871
0b6cf722a054657d5fce06a0,Mustafa Boz,,Öğretmen,Şırnak,"Şırnak, Cizre",1966,1994-02-22,Terörle Mücadele,Millî Eğitim Bakanlığı — Şehit Öğretmenlerimiz,https://sehitlerimiz.org.tr/sehit/mustafa-boz-103872
31e89f02ebf38e6ff0d38cbd,Hasan Akan,,Öğretmen,Diyarbakır,"Diyarbakır, Dicle",1958,1994-03-01,Terörle Mücadele,Millî Eğitim Bakanlığı — Şehit Öğretmenlerimiz,https://sehitlerimiz.org.tr/sehit/hasan-akan-103873
d46190fd031474e081e0869e,Nuri Yıldız,,Polis Memuru,,,,1994-03-29,Polis Şehidi,Çorum İl Emniyet Müdürlüğü,https://sehitlerimiz.org.tr/sehit/nuri-yildiz-102999
d5359b0af3a9d279d4b74ed7,Mahmut Esen,,Öğretmen,Şanlıurfa,"Şanlıurfa, Suruç",1958,1994-04-04,Terörle Mücadele,Millî Eğitim Bakanlığı — Şehit Öğretmenlerimiz,https://sehitlerimiz.org.tr/sehit/mahmut-esen-103874
c84b37a5bbc3b9eb45c25408,Mehmet Ali Durak,,Öğretmen,Erzincan,Erzincan,1968,1994-04-07,Terörle Mücadele,Millî Eğitim Bakanlığı — Şehit Öğretmenlerimiz,https://sehitlerimiz.org.tr/sehit/mehmet-ali-durak-103875
e69a0f3b36fdf523b13644b4,Aydın Çetin,,Komando Er,Bolu,Bolu,,1994-04-10,Terörle Mücadele,Bolu Valiliği — Şehit ve Gazilerimiz,https://sehitlerimiz.org.tr/sehit/aydin-cetin-102663
ff70a9df2f209d0e550de932,Metin Gençdal,,Öğretmen,Şanlıurfa,"Şanlıurfa, Siverek",1966,1994-04-20,Terörle Mücadele,Millî Eğitim Bakanlığı — Şehit Öğretmenlerimiz,https://sehitlerimiz.org.tr/sehit/metin-gencdal-103876
79e7af19a460d6e827ce8934,Recep Oyur,,Öğretmen,Diyarbakır,"Diyarbakır, Hazro",1955,1994-04-29,Terörle Mücadele,Millî Eğitim Bakanlığı — Şehit Öğretmenlerimiz,https://sehitlerimiz.org.tr/sehit/recep-oyur-103877
61ed72cd1beaaec49bed259f,Sıtkı Abdioğlu,,Öğretmen,Mardin,"Mardin, Midyat",1954,1994-05-17,Terörle Mücadele,Millî Eğitim Bakanlığı — Şehit Öğretmenlerimiz,https://sehitlerimiz.org.tr/sehit/sitki-abdioglu-103878
43a3d2ccd364060f4ba155ed,Emir Topal,,Öğretmen,Çorum,"Çorum, Alaca",1955,1994-05-21,Terörle Mücadele,Millî Eğitim Bakanlığı — Şehit Öğretmenlerimiz,https://sehitlerimiz.org.tr/sehit/emir-topal-103880
f856d5f00d9fe9710dca0028,Erkan Özcan,,Öğretmen,İzmir,"İzmir, Torbalı",1962,1994-05-29,Terörle Mücadele,Millî Eğitim Bakanlığı — Şehit Öğretmenlerimiz,https://sehitlerimiz.org.tr/sehit/erkan-ozcan-103879
57fc4677e8bdb315fb4c510a,Kemal Güçer,,Öğretmen,Diyarbakır,"Diyarbakır, Silvan",1959,1994-06-03,Terörle Mücadele,Millî Eğitim Bakanlığı — Şehit Öğretmenlerimiz,https://sehitlerimiz.org.tr/sehit/kemal-gucer-103881
35b6429825cebe091e6453a5,Mehmet Nuri Demiralp,,Öğretmen,Diyarbakır,"Diyarbakır, Lice",1946,1994-06-03,Terörle Mücadele,Millî Eğitim Bakanlığı — Şehit Öğretmenlerimiz,https://sehitlerimiz.org.tr/sehit/mehmet-nuri-demiralp-103882
1ff18790b9241d4e893c6ee4,Erkan Birkış,,Piyade Onbaşı,Ardahan,Ardahan Göle,1973,1994-06-19,Terörle Mücadele,Göle Kaymakamlığı,https://sehitlerimiz.org.tr/sehit/erkan-birkis-102905
31e7793c15b1f7a147ab0613,Cavit Uçan,,Piyade Er,Erzurum,Erzurum İspir,25.02.1973,1994-06-21,Terörle Mücadele,İspir Kaymakamlığı,https://sehitlerimiz.org.tr/sehit/cavit-ucan-102922
d3e5eb1ded5b3568f70487c7,Yusuf Erköse,,Jandarma Astsubay Üstçavuş,Sivas,"Sivas, Gürün",,1994-06-25,Terörle Mücadele,Gürün Kaymakamlığı — Şehit ve Gazilerimiz,https://sehitlerimiz.org.tr/sehit/yusuf-erkose-104190
7107e8211d0ed928b5a17a2f,Hurşit Şeker,,Polis Memuru,Çorum,,,1994-06-26,Polis Şehidi,Çorum İl Emniyet Müdürlüğü,https://sehitlerimiz.org.tr/sehit/hursit-seker-102998
72d1ce39bb9ddba9de7fdc63,Ömer Haluk Sipahioğlu,,Atina Büyükelçiliği Müsteşarı,,,,1994-07-04,Terörle Mücadele,Dışişleri Bakanlığı — Şehit Diplomatlarımız,https://sehitlerimiz.org.tr/sehit/omer-haluk-sipahioglu-104178
ed2d0d0c2abea230816c0800,Adil Oruç,,Piyade Uzman Çavuş,Kütahya,Kütahya Simav Çitgöl,,1994-07-25,Terörle Mücadele,Simav Kaymakamlığı,https://sehitlerimiz.org.tr/sehit/adil-oruc-102930
043d3148d8c2a12dd11d6f41,Mıstık Gökçe,,Jandarma Er,,Uzunköprü,09.04.1973,1994-08-12,Terörle Mücadele,Uzunköprü Kaymakamlığı,https://sehitlerimiz.org.tr/sehit/mistik-gokce-102874
bb1f5cc202366809c33dd8e8,Adnan Yılmaz,,Jandarma Astsubay Kıdemli Çavuş,,Malkara,14.03.1968,1994-09-04,Terörle Mücadele,Uzunköprü Kaymakamlığı,https://sehitlerimiz.org.tr/sehit/adnan-yilmaz-102886
9396f2a79a90018248318897,Ali İhsan Çetinkaya,,Öğretmen,Diyarbakır,"Diyarbakır, Sur",1965,1994-09-11,Terörle Mücadele,Millî Eğitim Bakanlığı — Şehit Öğretmenlerimiz,https://sehitlerimiz.org.tr/sehit/ali-ihsan-cetinkaya-103883
7415dc97624f60c0ac4240cf,Metin Kaynar,,Öğretmen,Antalya,"Antalya, Korkuteli",1965,1994-09-11,Terörle Mücadele,Millî Eğitim Bakanlığı — Şehit Öğretmenlerimiz,https://sehitlerimiz.org.tr/sehit/metin-kaynar-103884
3db7630046abd35aabb517f6,Mustafa Karınca,,Öğretmen,Denizli,"Denizli, Buldan",1962,1994-09-11,Terörle Mücadele,Millî Eğitim Bakanlığı — Şehit Öğretmenlerimiz,https://sehitlerimiz.org.tr/sehit/mustafa-karinca-103885
8ffa7c9a91be77ace06fecae,Rüstem Şen,,Öğretmen,Elazığ,Elazığ,1965,1994-09-11,Terörle Mücadele,Millî Eğitim Bakanlığı — Şehit Öğretmenlerimiz,https://sehitlerimiz.org.tr/sehit/rustem-sen-103886
79ce8e753b0c11f2035a7b4a,Vedat İnan,,Öğretmen,Kars,Kars,1969,1994-09-11,Terörle Mücadele,Millî Eğitim Bakanlığı — Şehit Öğretmenlerimiz,https://sehitlerimiz.org.tr/sehit/vedat-inan-103887
de2dbdf88c3fca5a7b50b790,Mehmet Pehlivan,,Öğretmen,Çanakkale,Çanakkale,1954,1994-09-14,Terörle Mücadele,Millî Eğitim Bakanlığı — Şehit Öğretmenlerimiz,https://sehitlerimiz.org.tr/sehit/mehmet-pehlivan-103888
75d8bc70871d5cf09c4be8ce,Mehmet Şirin Gökdere,,Öğretmen,Diyarbakır,Diyarbakır,1954,1994-09-15,Terörle Mücadele,Millî Eğitim Bakanlığı — Şehit Öğretmenlerimiz,https://sehitlerimiz.org.tr/sehit/mehmet-sirin-gokdere-103889
75c3e50a5ace16b881442c63,Atilla Aydoğdu,,Öğretmen,Malatya,"Malatya, Battalgazi",1967,1994-09-17,Terörle Mücadele,Millî Eğitim Bakanlığı — Şehit Öğretmenlerimiz,https://sehitlerimiz.org.tr/sehit/atilla-aydogdu-103890
0a959d4b17239068726ffab8,Adnan Tunca,,Öğretmen,Kırıkkale,Kırıkkale,1957,1994-09-23,Terörle Mücadele,Millî Eğitim Bakanlığı — Şehit Öğretmenlerimiz,https://sehitlerimiz.org.tr/sehit/adnan-tunca-103891
489762ec390a4f87891eb627,Mustafa Gümüş,,Öğretmen,Giresun,"Giresun, Yağlıdere",1970,1994-09-23,Terörle Mücadele,Millî Eğitim Bakanlığı — Şehit Öğretmenlerimiz,https://sehitlerimiz.org.tr/sehit/mustafa-gumus-103892
398f5e6d588b9476e0817894,Engin Saraç,,Jandarma Er,Trabzon,"Trabzon, Akçaabat",,1994-09-28,Terörle Mücadele,Akçaabat Kaymakamlığı,https://sehitlerimiz.org.tr/sehit/engin-sarac-104044
671176b0732730eb74e3dc7a,Sait Korkmaz,,Öğretmen,Muş,"Muş, Bulanık",1967,1994-09-29,Terörle Mücadele,Millî Eğitim Bakanlığı — Şehit Öğretmenlerimiz,https://sehitlerimiz.org.tr/sehit/sait-korkmaz-103893
284f6e8c5d9b281a5370bc8b,Hayati Kapukaya,,Öğretmen,İstanbul,"İstanbul, Üsküdar",1968,1994-10-08,Terörle Mücadele,Millî Eğitim Bakanlığı — Şehit Öğretmenlerimiz,https://sehitlerimiz.org.tr/sehit/hayati-kapukaya-103894
ba2897bf87711fda9fb1f7dd,Ali Bulut,,Öğretmen,Trabzon,"Trabzon, Of",1967,1994-10-11,Terörle Mücadele,Millî Eğitim Bakanlığı — Şehit Öğretmenlerimiz,https://sehitlerimiz.org.tr/sehit/ali-bulut-103895
b2cea875b87edf8600898e88,Ersoy Yorulmaz,,Öğretmen,Muğla,"Muğla, Datça",1966,1994-10-11,Terörle Mücadele,Millî Eğitim Bakanlığı — Şehit Öğretmenlerimiz,https://sehitlerimiz.org.tr/sehit/ersoy-yorulmaz-103896
0be28b6cc4543667324203e5,Nurullah Saraç,,Öğretmen,Sinop,"Sinop, Gerze",1969,1994-10-11,Terörle Mücadele,Millî Eğitim Bakanlığı — Şehit Öğretmenlerimiz,https://sehitlerimiz.org.tr/sehit/nurullah-sarac-103897
4b33f130e5b7f871a922df19,Ragip Köse,,Öğretmen,Mersin,"Mersin, Silifke",1968,1994-10-11,Terörle Mücadele,Millî Eğitim Bakanlığı — Şehit Öğretmenlerimiz,https://sehitlerimiz.org.tr/sehit/ragip-kose-103898
6728d6f14115e127512e5719,Sinan Demirbaş,,Jandarma Er,Bolu,Bolu,,1994-10-12,Terörle Mücadele,Bolu Valiliği — Şehit ve Gazilerimiz,https://sehitlerimiz.org.tr/sehit/sinan-demirbas-102665
551b13b26215aa13c441f19c,Ali Yıldız,,Öğretmen,Karaman,"Karaman, Ermenek",1969,1994-11-05,Terörle Mücadele,Millî Eğitim Bakanlığı — Şehit Öğretmenlerimiz,https://sehitlerimiz.org.tr/sehit/ali-yildiz-103899
d54901d54bbe9b2ac7092bf6,Erol Ercan,,Öğretmen,Bartın,"Bartın, Ulus",1970,1994-11-05,Terörle Mücadele,Millî Eğitim Bakanlığı — Şehit Öğretmenlerimiz,https://sehitlerimiz.org.tr/sehit/erol-ercan-103900
12f7359c02239d34b3d065ea,Mahmut Çatalkaya,,Öğretmen,Diyarbakır,Diyarbakır,1964,1994-11-05,Terörle Mücadele,Millî Eğitim Bakanlığı — Şehit Öğretmenlerimiz,https://sehitlerimiz.org.tr/sehit/mahmut-catalkaya-103901
210119cf46a6f36447d83cb3,Mehmet Zeki Ödük,,Öğretmen,Mardin,"Mardin, Yeşilli",1957,1994-11-05,Terörle Mücadele,Millî Eğitim Bakanlığı — Şehit Öğretmenlerimiz,https://sehitlerimiz.org.tr/sehit/mehmet-zeki-oduk-103902
75aae006649f4eb4d0c12cf4,Karabey Yıldırım,,Jandarma Komando Er,Erzurum,Erzurum İspir,18.12.1974,1994-11-09,Terörle Mücadele,İspir Kaymakamlığı,https://sehitlerimiz.org.tr/sehit/karabey-yildirim-102925
4910e6978c873adc7c9d1e97,Hüseyin Çatalkaş,,Muhabere Komando Er,Erzurum,Erzurum İspir,01.01.1974,1995-03-10,Terörle Mücadele,İspir Kaymakamlığı,https://sehitlerimiz.org.tr/sehit/huseyin-catalkas-102924
26c61ceb016060bbc0cb56ef,Serdar Muratoğlu,,,Ardahan,Ardahan Göle,1974,1995-03-20,Terörle Mücadele,Göle Kaymakamlığı,https://sehitlerimiz.org.tr/sehit/serdar-muratoglu-102906
93b3fdee21568fd8a41574a1,Adem Dertsiz,,Öğretmen,İzmir,İzmir,1970,1995-03-30,Terörle Mücadele,Millî Eğitim Bakanlığı — Şehit Öğretmenlerimiz,https://sehitlerimiz.org.tr/sehit/adem-dertsiz-103903
5774f87ba388c660a4d48a44,Erhan Kaya,,Piyade Komando Er,Erzurum,Erzurum İspir,20.06.1974,1995-04-06,Terörle Mücadele,İspir Kaymakamlığı,https://sehitlerimiz.org.tr/sehit/erhan-kaya-102923
e091e4e1dabb3334590c50e7,Kemal Tekin,,Nazımiye Belediye Başkanı,Tunceli,,,1995-04-07,Terörle Mücadele,Habertürk; DHA,https://sehitlerimiz.org.tr/sehit/kemal-tekin-103155
f641293d098c651ddfdff40f,Adil Yıldız,,Polis Memuru,,,,1995-04-30,Polis Şehidi,Çorum İl Emniyet Müdürlüğü,https://sehitlerimiz.org.tr/sehit/adil-yildiz-102997
a1667667908543ae3851e8b7,Mehmet Demirci,,Piyade Komando Er,Ardahan,Ardahan Göle,1974,1995-05-10,Terörle Mücadele,Göle Kaymakamlığı,https://sehitlerimiz.org.tr/sehit/mehmet-demirci-102907
894c162a81aa1e5baf957a13,Nadir Ozan,,Öğretmen,Elazığ,Elazığ,1967,1995-05-11,Terörle Mücadele,Millî Eğitim Bakanlığı — Şehit Öğretmenlerimiz,https://sehitlerimiz.org.tr/sehit/nadir-ozan-103904
0cc837a32be31bfeb1103e16,Necati Özgel,,Jandarma Er,Ardahan,Ardahan Göle,1974,1995-05-11,Terörle Mücadele,Göle Kaymakamlığı,https://sehitlerimiz.org.tr/sehit/necati-ozgel-102908
cfb111941112fe0e772d1a8a,Şeyho Kurtulmuş,,Öğretmen,Malatya,"Malatya, Doğanşehir",1969,1995-05-25,Terörle Mücadele,Millî Eğitim Bakanlığı — Şehit Öğretmenlerimiz,https://sehitlerimiz.org.tr/sehit/seyho-kurtulmus-103905
6cfc834019795aadddffce80,Orhan Balat,,Polis Memuru,Çorum,,,1995-06-03,Polis Şehidi,Çorum İl Emniyet Müdürlüğü,https://sehitlerimiz.org.tr/sehit/orhan-balat-102996
ecd517b77f21233473372a70,Durmuş Yıldız,,Vei Piyade Çavuş,Bolu,Bolu,,1995-06-21,Terörle Mücadele,Bolu Valiliği — Şehit ve Gazilerimiz,https://sehitlerimiz.org.tr/sehit/durmus-yildiz-102669
c2526678389f03edf6749398,Gültekin Saraç,,Piyade Er,Ardahan,Ardahan Göle,1974,1995-06-30,Terörle Mücadele,Göle Kaymakamlığı,https://sehitlerimiz.org.tr/sehit/gultekin-sarac-102909
70ba8a379fb601f6594a53c9,Aydoğan Güven,,Jandarma Komando Er,,Malkara,05.04.1973,1995-07-05,Terörle Mücadele,Uzunköprü Kaymakamlığı,https://sehitlerimiz.org.tr/sehit/aydogan-guven-102888
a6882e0fa94603fabf8f8b11,Resul Kanlı,,Jandarma Uzman Onbaşı,Erzurum,Erzurum İspir,05.11.1973,1995-07-23,Terörle Mücadele,İspir Kaymakamlığı,https://sehitlerimiz.org.tr/sehit/resul-kanli-102927
0284a0a6019a0ec0753879e1,Mustafa Değercan,,Piyade Komando,Bolu,Bolu,,1995-08-13,Terörle Mücadele,Bolu Valiliği — Şehit ve Gazilerimiz,https://sehitlerimiz.org.tr/sehit/mustafa-degercan-102670
96ec9e24c7f475a82df8217a,Fuat Kara,,Onbaşı,Kahramanmaraş,Kahramanmaraş,01.02.1975,1995-08-15,Terörle Mücadele,terorsehitleri.com,https://sehitlerimiz.org.tr/sehit/fuat-kara-102944
f63e8d7c73c5d180b3b67366,Satılmış Göcen,,Polis Memuru,Çorum,,,1995-09-12,Polis Şehidi,Çorum İl Emniyet Müdürlüğü,https://sehitlerimiz.org.tr/sehit/satilmis-gocen-102995
887bc0e153b45c0616795146,Erol Kiremitçi,,Piyade Çavuş,Hatay,Uzunköprü,15.12.1973,1995-09-18,Diğer,Uzunköprü Kaymakamlığı,https://sehitlerimiz.org.tr/sehit/erol-kiremitci-102876
eba21375d7694800d384c73c,Necati Çiçek,,Öğretmen,Diyarbakır,Diyarbakır,1957,1995-09-26,Terörle Mücadele,Millî Eğitim Bakanlığı — Şehit Öğretmenlerimiz,https://sehitlerimiz.org.tr/sehit/necati-cicek-103906
742d1351fee94c815d22b1c2,Tarkan Yağcı,,Jandarma Er,Ardahan,Ardahan Göle,1974,1995-09-28,Diğer,Göle Kaymakamlığı,https://sehitlerimiz.org.tr/sehit/tarkan-yagci-102910
43fc5ce924115cdcf1ae0078,Hüseyin Kocabaş,,Öğretmen,Tokat,"Tokat, Pazar",1962,1995-10-12,Terörle Mücadele,Millî Eğitim Bakanlığı — Şehit Öğretmenlerimiz,https://sehitlerimiz.org.tr/sehit/huseyin-kocabas-103907
e02e725795c123ae3724aadc,Recep Kılıç,,Piyade Komando Er,Ardahan,Ardahan Göle,1975,1995-10-19,Terörle Mücadele,Göle Kaymakamlığı,https://sehitlerimiz.org.tr/sehit/recep-kilic-102911
3b17f68402a48126e684149d,Gürkan Arıtürk,,Öğretmen,Konya,"Konya, Akşehir",1970,1995-10-30,Terörle Mücadele,Millî Eğitim Bakanlığı — Şehit Öğretmenlerimiz,https://sehitlerimiz.org.tr/sehit/gurkan-ariturk-103908
01f991b18ff5323257ba4e9d,Savaş Koyun,,Piyade Er,Erzurum,,,1995-10-30,Diğer,Gürün Kaymakamlığı — Şehit ve Gazilerimiz,https://sehitlerimiz.org.tr/sehit/savas-koyun-104198
b543b0d70b027aeffcea7fb7,Ökkeş Kaya,,Öğretmen,Gaziantep,"Gaziantep, İslahiye",1967,1995-10-30,Terörle Mücadele,Millî Eğitim Bakanlığı — Şehit Öğretmenlerimiz,https://sehitlerimiz.org.tr/sehit/okkes-kaya-103909
af3f8fe67d1d42bbd4a869bb,Hamza Halit Sülün,,Öğretmen,Ankara,Ankara,1966,1995-11-02,Terörle Mücadele,Millî Eğitim Bakanlığı — Şehit Öğretmenlerimiz,https://sehitlerimiz.org.tr/sehit/hamza-halit-sulun-103910
9a48d382cc03ea3eae16561a,Kani Erdugan,,Polis Memuru,Ankara,,,1995-11-02,Polis Şehidi,Çorum İl Emniyet Müdürlüğü,https://sehitlerimiz.org.tr/sehit/kani-erdugan-102994
97f6818d2ae1d7de3f567b47,Emrullah Baklan,,Polis Memuru,Ankara,,,1996-03-15,Polis Şehidi,Çorum İl Emniyet Müdürlüğü,https://sehitlerimiz.org.tr/sehit/emrullah-baklan-102993
4189d24d868f17613e29f4fc,Selçuk Özarı,,Piyade Er,Amasya,"Amasya, Merkez",,1996-04-07,Terörle Mücadele,Amasya Valiliği,https://sehitlerimiz.org.tr/sehit/selcuk-ozari-104139
ad942ee4a266c38ccbfceada,Aydın Yılmaz,,Öğretmen,Edirne,"Edirne, Meriç",1971,1996-04-22,Terörle Mücadele,Millî Eğitim Bakanlığı — Şehit Öğretmenlerimiz,https://sehitlerimiz.org.tr/sehit/aydin-yilmaz-103911
9c80c4c845b9ea6eea8f1595,Gökhan Hüseyinoğlu,,Piyade Er,Ardahan,Ardahan Göle,1974,1996-04-22,Terörle Mücadele,Göle Kaymakamlığı,https://sehitlerimiz.org.tr/sehit/gokhan-huseyinoglu-102912
e8754d864e9bbb6afdec93ff,Hacı Ömer Serin,,Öğretmen,Mersin,"Mersin, Erdemli",1973,1996-04-22,Terörle Mücadele,Millî Eğitim Bakanlığı — Şehit Öğretmenlerimiz,https://sehitlerimiz.org.tr/sehit/haci-omer-serin-103912
f7433a509a70cd9c733a3df3,Nurettin Aslan,,Öğretmen,Kahramanmaraş,"Kahramanmaraş, Andırın",1968,1996-04-22,Terörle Mücadele,Millî Eğitim Bakanlığı — Şehit Öğretmenlerimiz,https://sehitlerimiz.org.tr/sehit/nurettin-aslan-103913
cb76928af67b1d50d00d5b37,Saim Çelik,,Öğretmen,Kayseri,Kayseri,1968,1996-05-24,Terörle Mücadele,Millî Eğitim Bakanlığı — Şehit Öğretmenlerimiz,https://sehitlerimiz.org.tr/sehit/saim-celik-103914
ac731f3da998644f84d7e43e,Aynur Sari,,Öğretmen,Ankara,Ankara,1971,1996-06-22,Terörle Mücadele,Millî Eğitim Bakanlığı — Şehit Öğretmenlerimiz,https://sehitlerimiz.org.tr/sehit/aynur-sari-103915
750499fdc60e576fdc78968b,Ahmet Yayman,,Er,Tunceli,,,1996-06-30,Terörle Mücadele,1996 Tunceli saldırısı (Vikipedi),https://sehitlerimiz.org.tr/sehit/ahmet-yayman-103124
1f1084fa60b024e51b21e4ea,Ali Alıç,,Astsubay,Tunceli,,,1996-06-30,Terörle Mücadele,1996 Tunceli saldırısı (Vikipedi),https://sehitlerimiz.org.tr/sehit/ali-alic-103118
ed0c267feab73f364d597c06,Cafer Akıncı,,Astsubay,Tunceli,,,1996-06-30,Terörle Mücadele,1996 Tunceli saldırısı (Vikipedi),https://sehitlerimiz.org.tr/sehit/cafer-akinci-103119
c0288485b9c5bc29ecf18af5,Celal Hatıl,,Er,Tunceli,,,1996-06-30,Terörle Mücadele,1996 Tunceli saldırısı (Vikipedi),https://sehitlerimiz.org.tr/sehit/celal-hatil-103121
3a0fea226a0a5eb79e78190f,Hakan Akyar,,Astsubay,Tunceli,,,1996-06-30,Terörle Mücadele,1996 Tunceli saldırısı (Vikipedi),https://sehitlerimiz.org.tr/sehit/hakan-akyar-103120
2721d2a83422bca4a408bfb5,Yusuf Yıldırım,,Er,Tunceli,,,1996-06-30,Terörle Mücadele,1996 Tunceli saldırısı (Vikipedi),https://sehitlerimiz.org.tr/sehit/yusuf-yildirim-103125
c0d6657277cece0cc0dae5c7,Önder Yağmur,,Astsubay,Tunceli,,,1996-06-30,Terörle Mücadele,1996 Tunceli saldırısı (Vikipedi),https://sehitlerimiz.org.tr/sehit/onder-yagmur-103123
6286d9ff2389a2b61b40f943,İbrahim Sever,,Er,Tunceli,,,1996-06-30,Terörle Mücadele,1996 Tunceli saldırısı (Vikipedi),https://sehitlerimiz.org.tr/sehit/ibrahim-sever-103122
440fd2f12fd1e19b5408ec76,Tahsin Demirayak,,,,,,1996-07-20,,EGM Havacılık Dairesi — Şehitlerimiz,https://sehitlerimiz.org.tr/sehit/tahsin-demirayak-101259
bf0c52a7dc502b3f156c9652,Şahin Güngör,,,,,,1996-07-20,,EGM Havacılık Dairesi — Şehitlerimiz,https://sehitlerimiz.org.tr/sehit/sahin-gungor-101260
297b2c24a26349b431128a94,Mehmet Kaya,,Jandarma Er,Bolu,Bolu,,1996-08-01,Terörle Mücadele,Bolu Valiliği — Şehit ve Gazilerimiz,https://sehitlerimiz.org.tr/sehit/mehmet-kaya-102673
5affeecbdeca519ad5a0e9b6,Murat Özgün,,Öğretmen,Bartın,Bartın,1970,1996-08-05,Terörle Mücadele,Millî Eğitim Bakanlığı — Şehit Öğretmenlerimiz,https://sehitlerimiz.org.tr/sehit/murat-ozgun-103916
a7e6ede56f055c536c1eb2a2,Uğur Gören,,Öğretmen,İstanbul,İstanbul,1970,1996-09-30,Terörle Mücadele,Millî Eğitim Bakanlığı — Şehit Öğretmenlerimiz,https://sehitlerimiz.org.tr/sehit/ugur-goren-103917
e10076c2e8ad294f5172093a,Cuma İbiş,,Öğretmen,Şanlıurfa,"Şanlıurfa, Siverek",1970,1996-10-01,Terörle Mücadele,Millî Eğitim Bakanlığı — Şehit Öğretmenlerimiz,https://sehitlerimiz.org.tr/sehit/cuma-ibis-103918
f6ff8082d7e66a2d63279cc8,Mustafa Saadettin Küçük,,Öğretmen,Antalya,"Antalya, Alanya",1973,1996-10-01,Terörle Mücadele,Millî Eğitim Bakanlığı — Şehit Öğretmenlerimiz,https://sehitlerimiz.org.tr/sehit/mustafa-saadettin-kucuk-103919
8b56331ac806e8651674fd9f,Nesrin Ünügür,,Öğretmen,Ankara,"Ankara, Şereflikoçhisar",1966,1996-10-01,Terörle Mücadele,Millî Eğitim Bakanlığı — Şehit Öğretmenlerimiz,https://sehitlerimiz.org.tr/sehit/nesrin-unugur-103920
5f011e83e37e77e51b498b80,Lokman Hasçelik,,Piyade Er,Bolu,Bolu,,1996-10-14,Terörle Mücadele,Bolu Valiliği — Şehit ve Gazilerimiz,https://sehitlerimiz.org.tr/sehit/lokman-hascelik-102682
2ca14afac033593bc62bfff2,Adem Tut,,Polis Memuru,Çorum,,,1996-10-29,Polis Şehidi,Çorum İl Emniyet Müdürlüğü,https://sehitlerimiz.org.tr/sehit/adem-tut-102992
e8a8b408fc721ad5d3452917,Ahmet Gineli,,Jandarma Er,Eskişehir,,,1996-11-07,Diğer,Gürün Kaymakamlığı — Şehit ve Gazilerimiz,https://sehitlerimiz.org.tr/sehit/ahmet-gineli-104197
57a5c496e72ac531a0725b97,Yakup Sarı,,Piyade Er,Bolu,Bolu,,1996-12-24,Terörle Mücadele,Bolu Valiliği — Şehit ve Gazilerimiz,https://sehitlerimiz.org.tr/sehit/yakup-sari-102671
44beb66bb51a269ca18eeee6,Dursun Zeytün,,Polis Memuru,Çorum,,,1997-01-24,Polis Şehidi,Çorum İl Emniyet Müdürlüğü,https://sehitlerimiz.org.tr/sehit/dursun-zeytun-102991
dab2f5ffc28c30e8858bc2de,Bülent Ay,,Öğretmen,Batman,,1970,1997-02-12,Terörle Mücadele,Millî Eğitim Bakanlığı — Şehit Öğretmenlerimiz,https://sehitlerimiz.org.tr/sehit/bulent-ay-103921
dea03e8bf90ba88cb1aafd60,Murat Paçal,,Jandarma Er,Bolu,Bolu,,1997-06-01,Terörle Mücadele,Bolu Valiliği — Şehit ve Gazilerimiz,https://sehitlerimiz.org.tr/sehit/murat-pacal-102674
792370cf6830e02d01e3e33f,Hüdai Daniş,,Onbaşı,Hakkâri,,,1997-07-20,Terörle Mücadele,Terör Şehit ve Gazileri,https://sehitlerimiz.org.tr/sehit/hudai-danis-102793
5cd883b5e0846c626bb25422,Fahrettin Azak,,Piyade Onbaşı,Sakarya,Sakarya Kaynarca,,1997-08-18,Terörle Mücadele,Sakarya Şehit ve Gaziler Derneği,https://sehitlerimiz.org.tr/sehit/fahrettin-azak-102795
40fcdc0b44849d90fcb2e66a,Lutfi Ölmez,,Öğretmen,Adana,"Adana, Kozan",1960,1997-09-01,Terörle Mücadele,Millî Eğitim Bakanlığı — Şehit Öğretmenlerimiz,https://sehitlerimiz.org.tr/sehit/lutfi-olmez-103922
86c45f7e582c865ead88c239,Erkan Kaya,,Piyade Er,İstanbul,İstanbul,,1997-09-06,Terörle Mücadele,Terör Şehit ve Gazileri,https://sehitlerimiz.org.tr/sehit/erkan-kaya-102792
52a0ecb6d63877c7ff52a077,Mesut Uzlu,,Öğretmen,İzmir,"İzmir, Karşıyaka",1972,1997-10-03,Terörle Mücadele,Millî Eğitim Bakanlığı — Şehit Öğretmenlerimiz,https://sehitlerimiz.org.tr/sehit/mesut-uzlu-103923
b8869ab335277d1f8b58a018,Mustafa Özkan,,Öğretmen,Osmaniye,"Osmaniye, Kadirli",1958,1997-10-09,Terörle Mücadele,Millî Eğitim Bakanlığı — Şehit Öğretmenlerimiz,https://sehitlerimiz.org.tr/sehit/mustafa-ozkan-103924
7531372d62d907e48135a6ad,Oktay Bulun,,Öğretmen,Elazığ,Elazığ,1952,1997-10-10,Terörle Mücadele,Millî Eğitim Bakanlığı — Şehit Öğretmenlerimiz,https://sehitlerimiz.org.tr/sehit/oktay-bulun-103925
489c684de6b538e9e7d9c091,Seyfettin Dokumacı,,Postacı,Giresun,"Giresun, Alucra",,1997-10-11,Terörle Mücadele,TRT Haber; PTT Çalışanları Dayanışma Derneği,https://sehitlerimiz.org.tr/sehit/seyfettin-dokumaci-103946
1cdebd4800bacfe85c559141,Coşkun Telci,,Jandarma Asteğmen,Rize,Rize,,1997-11-10,Terörle Mücadele,Terör Şehit ve Gazileri; Rize kayıtları,https://sehitlerimiz.org.tr/sehit/coskun-telci-102794
4c508e2ca87b4e744ac94bca,İbrahim Kızmaz,,Öğretmen,Mardin,Mardin,1956,1998-01-06,Terörle Mücadele,Millî Eğitim Bakanlığı — Şehit Öğretmenlerimiz,https://sehitlerimiz.org.tr/sehit/ibrahim-kizmaz-103808
fba34dee370e88bc30f65b6e,Cevdet Çelenk,,Jandarma Er,Ardahan,Ardahan Göle,1976,1998-01-10,Terörle Mücadele,Göle Kaymakamlığı,https://sehitlerimiz.org.tr/sehit/cevdet-celenk-102914
5b150c226bac32027fbdfc1f,Güntay Polat,,Piyade Er,Ardahan,Ardahan Göle,1977,1998-03-26,Terörle Mücadele,Göle Kaymakamlığı,https://sehitlerimiz.org.tr/sehit/guntay-polat-102915
a8a594d50ee61eec3bfedbbf,Ekrem Ocak,,,,,,1998-04-03,,EGM Havacılık Dairesi — Şehitlerimiz,https://sehitlerimiz.org.tr/sehit/ekrem-ocak-101261
f73614c78c7d1ffc6ced84ed,Hamit Sütmen,,Öğretmen,Mersin,"Mersin, Silifke",1973,1998-05-17,Terörle Mücadele,Millî Eğitim Bakanlığı — Şehit Öğretmenlerimiz,https://sehitlerimiz.org.tr/sehit/hamit-sutmen-103926
aae3e4ec0cbb404416541f3f,Abdullah Duman,,Piyade Er,Hakkâri,,,1998-05-28,Terörle Mücadele,Gürün Kaymakamlığı — Şehit ve Gazilerimiz,https://sehitlerimiz.org.tr/sehit/abdullah-duman-104192
e98ddb41b45a9379301acb8a,Fırat Tuğlu,,Sivil,Tunceli,Tunceli Pertek Sağman,,1998-06-03,Terörle Mücadele,Pertek Kaymakamlığı / Hürriyet,https://sehitlerimiz.org.tr/sehit/firat-tuglu-103140
7523995aa038194db7013fa1,Mahmut Söylemez,,Sivil,Tunceli,Tunceli Pertek Sağman,,1998-06-03,Terörle Mücadele,Hürriyet (04.06.1998),https://sehitlerimiz.org.tr/sehit/mahmut-soylemez-103135
04a721bc5af62e8503dce9e8,Mehmet Sevinç,,Piyade Çavuş,,Uzunköprü,18.08.1977,1998-06-03,Terörle Mücadele,Uzunköprü Kaymakamlığı,https://sehitlerimiz.org.tr/sehit/mehmet-sevinc-102885
fa80d9a3fb34663afc51d873,Muammer Özdal,,Sivil,Tunceli,Tunceli Pertek Sağman,,1998-06-03,Terörle Mücadele,Pertek Kaymakamlığı / Hürriyet,https://sehitlerimiz.org.tr/sehit/muammer-ozdal-103141
7394fcedbefbf42c001b178f,Özdal Kartal,,Sivil,Tunceli,Tunceli Pertek Sağman,,1998-06-03,Terörle Mücadele,Hürriyet (04.06.1998),https://sehitlerimiz.org.tr/sehit/ozdal-kartal-103136
ee7e714a8d2545da78a87536,Ali Kör,,Jandarma Er,Sivas,"Sivas, Gürün",,1998-07-15,Terörle Mücadele,Gürün Kaymakamlığı — Şehit ve Gazilerimiz,https://sehitlerimiz.org.tr/sehit/ali-kor-104187
e18da60582af448e8d738678,Erhan Çakmak,,Öğretmen,Isparta,"Isparta, Gelendost",1971,1998-07-15,Terörle Mücadele,Millî Eğitim Bakanlığı — Şehit Öğretmenlerimiz,https://sehitlerimiz.org.tr/sehit/erhan-cakmak-103927
b694f5e895834b4449a70506,Savaş Kaya,,Jandarma Komando Er,Ardahan,Ardahan Göle,1977,1998-07-15,Terörle Mücadele,Göle Kaymakamlığı,https://sehitlerimiz.org.tr/sehit/savas-kaya-102916
92ba9ec4a3401175c9c3d4f9,Murtaza İde,,Polis Memuru,Bolu,Bolu,,1998-08-22,,Bolu Valiliği — Şehit ve Gazilerimiz,https://sehitlerimiz.org.tr/sehit/murtaza-ide-102688
c3b5d3e8c40068a2a704baa4,Murat Durukan,,Jandarma Er,Bolu,Bolu,,1999-04-14,Terörle Mücadele,Bolu Valiliği — Şehit ve Gazilerimiz,https://sehitlerimiz.org.tr/sehit/murat-durukan-102683
cfac4dc769622185d3b04b2c,Fırat Kılıç,,Jandarma Uzman Çavuş,Sivas,"Sivas, Gürün",,1999-04-26,Terörle Mücadele,Gürün Kaymakamlığı — Şehit ve Gazilerimiz,https://sehitlerimiz.org.tr/sehit/firat-kilic-104188
2317d4261d9213ee69f23294,Gürhan Yardım,,Öğretmen,Trabzon,"Trabzon, Beşikdüzü",1970,1999-04-29,Terörle Mücadele,Millî Eğitim Bakanlığı — Şehit Öğretmenlerimiz,https://sehitlerimiz.org.tr/sehit/gurhan-yardim-103928
095824e06aec313016a2d3ae,Hüseyin Ağırman,,Öğretmen,Sivas,"Sivas, İmranlı",1971,1999-05-17,Terörle Mücadele,Millî Eğitim Bakanlığı — Şehit Öğretmenlerimiz,https://sehitlerimiz.org.tr/sehit/huseyin-agirman-103929
3cf4c5063504a6c5f5987913,İsmail Hakkı Çağıran,,Jandarma Komando Er,,Uzunköprü,30.05.1978,1999-05-31,Terörle Mücadele,Uzunköprü Kaymakamlığı,https://sehitlerimiz.org.tr/sehit/ismail-hakki-cagiran-102884
753f9be6c3a634f9d1db345f,Mehmet Memiş,,Er,Nevşehir,Nevşehir,,1999-08-17,Diğer,Nevşehir Valiliği,https://sehitlerimiz.org.tr/sehit/mehmet-memis-102863
456cd1d2e3f7a45561057d79,Mehmet Ünver,,Polis Memuru,Çorum,,,2000-02-14,Polis Şehidi,Çorum İl Emniyet Müdürlüğü,https://sehitlerimiz.org.tr/sehit/mehmet-unver-102990
9be7508678e5cf3b2e2f5c00,Mevlüt Gökdaş,,Jandarma Er,Bolu,Bolu,,2000-04-28,Terörle Mücadele,Bolu Valiliği — Şehit ve Gazilerimiz,https://sehitlerimiz.org.tr/sehit/mevlut-gokdas-102675
18c161729e0c00569fde7041,Seyit Ali Özkaya,,Jandarma Er,Bolu,Bolu,,2000-06-11,Terörle Mücadele,Bolu Valiliği — Şehit ve Gazilerimiz,https://sehitlerimiz.org.tr/sehit/seyit-ali-ozkaya-102677
13393f8b846bda9537b7d67a,İlhan Karanfil,,Jandarma Er,Bolu,Bolu,,2001-02-11,Terörle Mücadele,Bolu Valiliği — Şehit ve Gazilerimiz,https://sehitlerimiz.org.tr/sehit/ilhan-karanfil-102678
e5c79e78b1473a953b754dd6,Mustafa Koçak,,Polis Memuru,Yozgat,,,2001-10-14,Polis Şehidi,Çorum İl Emniyet Müdürlüğü,https://sehitlerimiz.org.tr/sehit/mustafa-kocak-102989
eba19b990556fcc4d3af05a4,Ümit Araman,,Polis Memuru,Çorum,,,2002-02-16,Polis Şehidi,Çorum İl Emniyet Müdürlüğü,https://sehitlerimiz.org.tr/sehit/umit-araman-102988
07f8172a4446d152055dcddc,Özkan Bingöl,,Jandarma Astsubay Kıdemli Çavuş,Ardahan,Ardahan Göle,1976,2002-03-26,Diğer,Göle Kaymakamlığı,https://sehitlerimiz.org.tr/sehit/ozkan-bingol-102918
bdd78c4f5d2b06099b47c2d1,Gökhan Köroğlu,,Jandarma Er,Sivas,"Sivas, Gürün",,2002-05-22,Diğer,Gürün Kaymakamlığı — Şehit ve Gazilerimiz,https://sehitlerimiz.org.tr/sehit/gokhan-koroglu-104207
a27ec71919dd7ffb9d7cc261,Orhan Batmaz,,Jandarma Yarbay,Iğdır,,,2002-08-18,Diğer,Gürün Kaymakamlığı — Şehit ve Gazilerimiz,https://sehitlerimiz.org.tr/sehit/orhan-batmaz-104199
09f04985cb69e7c33cbd94e2,Hilmi Er,,Piyade Er,Bolu,Bolu,,2002-11-23,Terörle Mücadele,Bolu Valiliği — Şehit ve Gazilerimiz,https://sehitlerimiz.org.tr/sehit/hilmi-er-102699
7f2aabe5be6ea80000abe216,Fahri Şen,,Jandarma Er,Bolu,Bolu,,2003-06-13,Terörle Mücadele,Bolu Valiliği — Şehit ve Gazilerimiz,https://sehitlerimiz.org.tr/sehit/fahri-sen-102679
2714a5476ec704d1f42602a4,Nevzat Gündoğdu,,Polis Memuru,Çorum,,,2004-04-12,Polis Şehidi,Çorum İl Emniyet Müdürlüğü,https://sehitlerimiz.org.tr/sehit/nevzat-gundogdu-102987
20fd10d02652c62937c9c751,Süleyman Şahin,,Öğretmen,Ankara,Ankara,1980,2004-05-12,Terörle Mücadele,Millî Eğitim Bakanlığı — Şehit Öğretmenlerimiz,https://sehitlerimiz.org.tr/sehit/suleyman-sahin-103930
7962a407325e2b1c0b7e477d,Habil Dilekli,,,Bolu,Bolu,,2004-07-17,,Bolu Valiliği — Şehit ve Gazilerimiz,https://sehitlerimiz.org.tr/sehit/habil-dilekli-102694
bedb4311fab0df4b2b9f0301,Arslan Çarık,,Polis Memuru,Çorum,,,2004-09-04,Polis Şehidi,Çorum İl Emniyet Müdürlüğü,https://sehitlerimiz.org.tr/sehit/arslan-carik-102986
03c8cf835ce8e51b264ee0b1,Serhat Sandıkkaya,,Jandarma Üstçavuş,Sivas,"Sivas, Gürün",,2004-10-09,Terörle Mücadele,Gürün Kaymakamlığı,https://sehitlerimiz.org.tr/sehit/serhat-sandikkaya-104137
1fd9e1ff514138c7dbea003d,Adem Çiçek,,Polis Memuru — Bağdat Büyükelçiliği görevlisi,,,,2004-12-17,Terörle Mücadele,Dışişleri Bakanlığı — Şehit Diplomatlarımız,https://sehitlerimiz.org.tr/sehit/adem-cicek-104181
517898f5c2489c9059c95f97,Bilal Ürgen,,Komiser — Bağdat Büyükelçiliği görevlisi,,,,2004-12-17,Terörle Mücadele,Dışişleri Bakanlığı — Şehit Diplomatlarımız,https://sehitlerimiz.org.tr/sehit/bilal-urgen-104180
3065747e6dce2d527404e2cd,Bülent Kıranşal,,Polis Memuru — Bağdat Büyükelçiliği görevlisi,,,,2004-12-17,Terörle Mücadele,Dışişleri Bakanlığı — Şehit Diplomatlarımız,https://sehitlerimiz.org.tr/sehit/bulent-kiransal-104182
aeca1223ba82d367694074bf,Nihat Akbaş,,Başkomiser — Bağdat Büyükelçiliği görevlisi,,,,2004-12-17,Terörle Mücadele,Dışişleri Bakanlığı — Şehit Diplomatlarımız,https://sehitlerimiz.org.tr/sehit/nihat-akbas-104179
d59a69e72ae54c59c30960cd,Süleyman Karahasanoğlu,,Polis Memuru — Bağdat Büyükelçiliği görevlisi,,,,2004-12-17,Terörle Mücadele,Dışişleri Bakanlığı — Şehit Diplomatlarımız,https://sehitlerimiz.org.tr/sehit/suleyman-karahasanoglu-104183
81ec96d170f8fc87e8615ce3,Özgür Akbaş,,Jan. Kom. Onbaşı,Bolu,Bolu,,2005-02-25,Terörle Mücadele,Bolu Valiliği — Şehit ve Gazilerimiz,https://sehitlerimiz.org.tr/sehit/ozgur-akbas-102680
aecc356f60696ac24c19883f,Yaşar Aykaç,,Başkomiser,Aydın,,,2005-04-30,Polis Şehidi,Çorum İl Emniyet Müdürlüğü,https://sehitlerimiz.org.tr/sehit/yasar-aykac-102985
a2c054159557418508478926,Ufuk Aktepe,,Jandarma Asteğmen,Bitlis,,,2005-05-14,Diğer,Gürün Kaymakamlığı — Şehit ve Gazilerimiz,https://sehitlerimiz.org.tr/sehit/ufuk-aktepe-104200
4d5c86968c2adff4133b5e7c,Adnan Bahat,,Jandarma Üsteğmen,Giresun,Giresun,,2005-06-17,Terörle Mücadele,Millî Eğitim Bakanlığı,https://sehitlerimiz.org.tr/sehit/adnan-bahat-102797
3d77221029fdae5f55cc5c12,Bülent Sarıkaya,,Deniz Pilot Kıdemli Üsteğmen,Antalya,,,2005-08-06,Diğer,Hürriyet,https://sehitlerimiz.org.tr/sehit/bulent-sarikaya-103025
ae8f52a12fd9e819b2f6c8ec,Süleyman Satır,,Deniz Pilot Kıdemli Yüzbaşı,Antalya,,,2005-08-06,Diğer,Hürriyet,https://sehitlerimiz.org.tr/sehit/suleyman-satir-103026
25f38e555bf78412a303e790,Niyazi Kum,,Jandarma Er,Amasya,,,2005-12-16,Diğer,T.C. Jandarma Genel Komutanlığı Şehit Bilgi Sorgulama Sistemi,https://sehitlerimiz.org.tr/sehit/niyazi-kum-102869
10169b9534a441fa8324a4ee,Nazif Öztoprak,,Ord. Çavuş,Bolu,Bolu,,2005-12-20,Terörle Mücadele,Bolu Valiliği — Şehit ve Gazilerimiz,https://sehitlerimiz.org.tr/sehit/nazif-oztoprak-102681
8bf9aec1cc844c2c9c6ace73,Şahin Yiğit,,Jandarma Çavuş,İstanbul,,,2006-02-21,Diğer,Gürün Kaymakamlığı — Şehit ve Gazilerimiz,https://sehitlerimiz.org.tr/sehit/sahin-yigit-104201
7d797e3da860194275c9c921,İbrahim Korkmaz,,Havacı Er,Bolu,Bolu,,2006-03-04,Terörle Mücadele,Bolu Valiliği — Şehit ve Gazilerimiz,https://sehitlerimiz.org.tr/sehit/ibrahim-korkmaz-102684
3ba34e869e4484442208ada0,Cihan Bayık,,Polis Memuru,Ankara,,,2006-04-04,Polis Şehidi,Çorum İl Emniyet Müdürlüğü,https://sehitlerimiz.org.tr/sehit/cihan-bayik-102984
375153bbbdfbc5bf23a68db1,Hakan Kaya,,,,,,2006-07-19,,EGM Havacılık Dairesi — Şehitlerimiz,https://sehitlerimiz.org.tr/sehit/hakan-kaya-101262
58516c25855d252a28f080c8,Kudret Çalık,,,,,,2006-07-19,,EGM Havacılık Dairesi — Şehitlerimiz,https://sehitlerimiz.org.tr/sehit/kudret-calik-101263
71e7f0b08f8e02f8883cde5a,Ahmet Şevki Evin,,Üsteğmen,Denizli,Denizli Acıpayam,01.03.1978,2006-09-01,Terörle Mücadele,terorsehitleri.com,https://sehitlerimiz.org.tr/sehit/ahmet-sevki-evin-102940
4322b91cd9235a7445118957,Selami Duğrul,,Polis Memuru,,Malkara,06.04.1976,2006-09-03,Polis Şehidi,Uzunköprü Kaymakamlığı,https://sehitlerimiz.org.tr/sehit/selami-dugrul-102894
9ee654794d5c66e982e55e31,Rüstem Bora Taştekin,,Piyade Asteğmen,Van,,,2006-10-11,Diğer,Gürün Kaymakamlığı — Şehit ve Gazilerimiz,https://sehitlerimiz.org.tr/sehit/rustem-bora-tastekin-104202
df0796d2dca982cb26b0b63e,Elvan Arabacı,,Polis Memuru,Amasya,,,2006-10-21,Polis Şehidi,Çorum İl Emniyet Müdürlüğü,https://sehitlerimiz.org.tr/sehit/elvan-arabaci-102983
c96e5f8a507fc1c3be709d88,Hakan Yılmaz,,Tankçı Çavuş,Ardahan,Ardahan Göle,1984,2006-12-03,Diğer,Göle Kaymakamlığı,https://sehitlerimiz.org.tr/sehit/hakan-yilmaz-102919
ab2f84447e5865199e2464e1,Muzaffer Karaca,,Uzman Çavuş,Mardin,,,2007-07-30,Terörle Mücadele,TBMM Başkanlığı başsağlığı mesajı,https://sehitlerimiz.org.tr/sehit/muzaffer-karaca-102870
edcfe744af0e82ca1f521790,Hüseyin Ateş,,Piyade Astsubay Çavuş,Kastamonu,Kastamonu Taşköprü,,2007-09-25,Terörle Mücadele,Hürriyet; MEB,https://sehitlerimiz.org.tr/sehit/huseyin-ates-102796
b7edaa160e35c3078877f46e,Çetin Özer,,Topçu Er,Erzurum,,,2007-10-04,Diğer,Gürün Kaymakamlığı — Şehit ve Gazilerimiz,https://sehitlerimiz.org.tr/sehit/cetin-ozer-104203
ce3f953ea83c509154f734c3,Gökhan Uzun,,Jandarma Er,Trabzon,Trabzon Akçaabat,,2008-05-11,Terörle Mücadele,Milliyet,https://sehitlerimiz.org.tr/sehit/gokhan-uzun-102857
5c534e96d67e224f28638a27,Erdal Öztaş,,Polis Memuru,Çorum,,,2008-07-09,Polis Şehidi,Çorum İl Emniyet Müdürlüğü,https://sehitlerimiz.org.tr/sehit/erdal-oztas-102982
34577c5ad6fe58f139c02427,Suat Yalçın,,Jandarma Uzman Çavuş,Kırıkkale,Kırıkkale,,2008-09-05,Terörle Mücadele,T.C. Jandarma Genel Komutanlığı Şehit Bilgi Sorgulama,https://sehitlerimiz.org.tr/sehit/suat-yalcin-102934
6103f31752599ce36dd6e61e,Ali Örnek,Hacı,Polis Memuru,Kayseri,"Kayseri, Sarız",1984,2009-01-31,Polis Şehidi,"Kayseri Büyükşehir Belediyesi — Cumhuriyet Dönemi Kayseri Şehitleri (1923-2017), s. 198; Kayseri Emniyet Müdürlüğü",https://sehitlerimiz.org.tr/sehit/ali-ornek-103152
7e5b4f51058d60b3aa4fefc1,Şahap Gürsoy,Sami,Astsubay,Tokat,Tokat,,2009-08-11,Diğer,Hürriyet,https://sehitlerimiz.org.tr/sehit/sahap-gursoy-103765
1c27db5945f779555313e71e,Emrah Temel,,Jandarma Er,Bolu,Bolu,,2009-09-08,Terörle Mücadele,Bolu Valiliği — Şehit ve Gazilerimiz,https://sehitlerimiz.org.tr/sehit/emrah-temel-102685
f349f5ef1e5bb74758e76c24,Nuri Aydın Sağır,Zekeriya,Piyade Uzman Çavuş,Kayseri,Kayseri,1986,2010-03-30,Terörle Mücadele,"Kayseri Büyükşehir Belediyesi — Cumhuriyet Dönemi Kayseri Şehitleri (1923-2017), s. 159; Hürriyet",https://sehitlerimiz.org.tr/sehit/nuri-aydin-sagir-103151
c6aff41e8402ed92a35d95ae,Fatih Gökkaya,,Komando Onbaşı,Aksaray,Aksaray,,2010-06-01,Terörle Mücadele,Hürriyet,https://sehitlerimiz.org.tr/sehit/fatih-gokkaya-102801
1bcfd4f3c77fcadf19fabe5a,Oğuz Yelken,,Piyade Çavuş,,Uzunköprü,04.12.1988,2010-06-19,Terörle Mücadele,Uzunköprü Kaymakamlığı,https://sehitlerimiz.org.tr/sehit/oguz-yelken-102895
6a7ff1ce65cca956dc066332,Hilmi Özdemir,,Polis Memuru,Ankara,,,2010-08-01,Polis Şehidi,Çorum İl Emniyet Müdürlüğü,https://sehitlerimiz.org.tr/sehit/hilmi-ozdemir-102981
b4c68e046a474226447f3d93,Özkan Yiğen,,Polis Memuru,Ankara,,,2010-08-29,Polis Şehidi,Çorum İl Emniyet Müdürlüğü,https://sehitlerimiz.org.tr/sehit/ozkan-yigen-102980
a1548933dc384f7e01f5c0b2,Kenan Erdem,,Uzman Jandarma Çavuş,Mardin,,,2010-12-16,Terörle Mücadele,Terörle mücadele şehit kayıtları,https://sehitlerimiz.org.tr/sehit/kenan-erdem-102771
911e3ea512e4560847a6d183,Kemal Taşçı,,Kara Pilot Üsteğmen,Gümüşhane,Gümüşhane,,2011-01-10,Diğer,Hürriyet,https://sehitlerimiz.org.tr/sehit/kemal-tasci-102949
455928094bb91438e9f0bd54,Muharrem Ünlü,,Polis Memuru,Çorum,,,2011-05-11,Polis Şehidi,Çorum İl Emniyet Müdürlüğü,https://sehitlerimiz.org.tr/sehit/muharrem-unlu-102979
bae17477e18526a5da2fbc0a,Murat Güçlü,,,,,,2011-05-20,,EGM Havacılık Dairesi — Şehitlerimiz,https://sehitlerimiz.org.tr/sehit/murat-guclu-101264
db2bee2c55e33b5496aaa0c0,Dilay Kerman,,Öğretmen,Ankara,Ankara,1983,2011-09-04,Terörle Mücadele,Millî Eğitim Bakanlığı — Şehit Öğretmenlerimiz,https://sehitlerimiz.org.tr/sehit/dilay-kerman-103931
13cb06ce0cbcefcd78567af4,Ayhan Yıldırım,,Öğretmen,İzmir,İzmir,1985,2011-10-23,Diğer,Millî Eğitim Bakanlığı — Şehit Öğretmenlerimiz,https://sehitlerimiz.org.tr/sehit/ayhan-yildirim-103932
0c1494f516fed13e7e1caa58,Mehmet Gökhan Ay,,Öğretmen,Sivas,"Sivas, Gemerek",1984,2011-10-23,Diğer,Millî Eğitim Bakanlığı — Şehit Öğretmenlerimiz,https://sehitlerimiz.org.tr/sehit/mehmet-gokhan-ay-103933
648a978e17ce28dfa86ff965,Muhammet Yurtoğlu,,Öğretmen,Karabük,Karabük,1986,2011-10-23,Diğer,Millî Eğitim Bakanlığı — Şehit Öğretmenlerimiz,https://sehitlerimiz.org.tr/sehit/muhammet-yurtoglu-103934
6c6e7c09eeea02e908c2aad4,Onur Ateş,,Öğretmen,Samsun,"Samsun, Tekkeköy",1987,2011-10-23,Diğer,Millî Eğitim Bakanlığı — Şehit Öğretmenlerimiz,https://sehitlerimiz.org.tr/sehit/onur-ates-103935
0333e68a6eb80cc0ceba3a6f,Mustafa Yılmaz,,Polis Memuru,Çorum,,,2012-01-30,Polis Şehidi,Çorum İl Emniyet Müdürlüğü,https://sehitlerimiz.org.tr/sehit/mustafa-yilmaz-102978
c7f0531af5360e843b71ea06,Mustafa Demirbaş,,Polis Memuru,Kırıkkale,,,2012-02-17,Polis Şehidi,Çorum İl Emniyet Müdürlüğü,https://sehitlerimiz.org.tr/sehit/mustafa-demirbas-102977
cb0e629e66de63de00a3de8c,Yavuz Selim Arslan,,Özel Harekât Polis Memuru,Kahramanmaraş,Kahramanmaraş,,2012-03-21,Polis Şehidi,Terör Şehit ve Gazileri,https://sehitlerimiz.org.tr/sehit/yavuz-selim-arslan-102826
725604b5ad610aa0f297c9f4,Zekeriya Yurdakul,,Polis Memuru,Ankara,,,2012-06-16,Polis Şehidi,Çorum İl Emniyet Müdürlüğü,https://sehitlerimiz.org.tr/sehit/zekeriya-yurdakul-102976
4ca96e4b041c9dade07bd107,Safi Canbaş,,İnfaz Koruma Başmemuru,Gaziantep,,,2012-08-20,Terörle Mücadele,Ceza ve Tevkifevleri Gn.Md.; memohaber,https://sehitlerimiz.org.tr/sehit/safi-canbas-102809
0d775b546fabdacc42d374bf,Abdullah Tokgöz,,Er,Yozgat,Yozgat,,2012-09-05,Diğer,Anadolu Ajansı,https://sehitlerimiz.org.tr/sehit/abdullah-tokgoz-104228
1f49cb9805a1a6c0ce94ffc9,Ahmet Sandalcı,,Onbaşı,Kırıkkale,Kırıkkale,,2012-09-05,Diğer,Anadolu Ajansı,https://sehitlerimiz.org.tr/sehit/ahmet-sandalci-104216
61acc82d4fe557dc53752362,Ahmet Tosun,,Öğretmen,Adana,"Adana, Yüreğir",1988,2012-09-05,Diğer,Millî Eğitim Bakanlığı — Şehit Öğretmenlerimiz,https://sehitlerimiz.org.tr/sehit/ahmet-tosun-103936
4361700478d181b0de27f0e5,Ayhan Kurtçu,,Er,Kastamonu,Kastamonu,,2012-09-05,Diğer,Anadolu Ajansı,https://sehitlerimiz.org.tr/sehit/ayhan-kurtcu-104227
045fb1a55ef6d39bf341c025,Barış Öztürk,,Onbaşı,Eskişehir,Eskişehir,,2012-09-05,Diğer,Anadolu Ajansı,https://sehitlerimiz.org.tr/sehit/baris-ozturk-104223
49001e2f349337304fa6c36f,Bayram Uluer,,Er,Çorum,Çorum,,2012-09-05,Diğer,Anadolu Ajansı,https://sehitlerimiz.org.tr/sehit/bayram-uluer-104229
792770bd2daed6698fec8726,Bedri Nayim,,Astsubay Kıdemli Başçavuş,Erzurum,Erzurum,,2012-09-05,Diğer,Anadolu Ajansı,https://sehitlerimiz.org.tr/sehit/bedri-nayim-104209
8c32c33157c09186de327d9f,Burak Ümit Gedik,,Onbaşı,Erzincan,Erzincan,,2012-09-05,Diğer,Anadolu Ajansı,https://sehitlerimiz.org.tr/sehit/burak-umit-gedik-104220
8cf236bc18afce5576f7519b,Cüneyt Akkuş,,Uzman Çavuş,Ordu,Ordu,,2012-09-05,Diğer,Anadolu Ajansı,https://sehitlerimiz.org.tr/sehit/cuneyt-akkus-104211
fb9e0e2d83eda3f70c9cd252,Emrah Aral,,Onbaşı,Manisa,Manisa,,2012-09-05,Diğer,Anadolu Ajansı,https://sehitlerimiz.org.tr/sehit/emrah-aral-104214
539c6922c26db00e64889b48,Emrah Kartal,,Onbaşı,Zonguldak,Zonguldak,,2012-09-05,Diğer,Anadolu Ajansı,https://sehitlerimiz.org.tr/sehit/emrah-kartal-104215
a06e19d8bde3003c3b50f918,Emre Yıldırım,,Onbaşı,Nevşehir,Nevşehir,,2012-09-05,Diğer,Anadolu Ajansı,https://sehitlerimiz.org.tr/sehit/emre-yildirim-104212
ba4feb31148dad0da012fe6e,Faruk Ergenç,,Onbaşı,Ankara,Ankara,,2012-09-05,Diğer,Anadolu Ajansı,https://sehitlerimiz.org.tr/sehit/faruk-ergenc-104213
b93be8620bc1eedf0dac26e0,Fatih Şalgam,,Onbaşı,Kastamonu,Kastamonu,,2012-09-05,Diğer,Anadolu Ajansı,https://sehitlerimiz.org.tr/sehit/fatih-salgam-104226
6f149dcdb835dcc9d6eb4fcd,Hayri Kaya,,Öğretmen,Gaziantep,Gaziantep,1987,2012-09-05,Diğer,Millî Eğitim Bakanlığı — Şehit Öğretmenlerimiz,https://sehitlerimiz.org.tr/sehit/hayri-kaya-103937
53a5fc6e9de153872a47cc01,Hüseyin Apaydın,,Uzman Çavuş,Balıkesir,Balıkesir,,2012-09-05,Diğer,Anadolu Ajansı,https://sehitlerimiz.org.tr/sehit/huseyin-apaydin-104210
ebd2e1a17f6a0b0b98d0112d,Hüseyin Gökhan Eriç,,Onbaşı,Isparta,Isparta,,2012-09-05,Diğer,Anadolu Ajansı,https://sehitlerimiz.org.tr/sehit/huseyin-gokhan-eric-104218
8759adcc37fbe4734d696831,Kadir Aydın,,Er,Aksaray,Aksaray,,2012-09-05,Diğer,Anadolu Ajansı,https://sehitlerimiz.org.tr/sehit/kadir-aydin-104230
987d6848091c9716870b63e5,Mehmet Burak Kaplan,,Onbaşı,Çorum,Çorum,,2012-09-05,Diğer,Anadolu Ajansı,https://sehitlerimiz.org.tr/sehit/mehmet-burak-kaplan-104225
4ef4d8c638ce704aac231145,Mehmet Emin Çağun,,Onbaşı,Iğdır,Iğdır,,2012-09-05,Diğer,Anadolu Ajansı,https://sehitlerimiz.org.tr/sehit/mehmet-emin-cagun-104224
816bf4af2be0743c06352f9a,Mehmet Emre Özer,,Onbaşı,Gaziantep,Gaziantep,,2012-09-05,Diğer,Anadolu Ajansı,https://sehitlerimiz.org.tr/sehit/mehmet-emre-ozer-104217
7de4781cc30a67fd147ecbf2,Murat Düger,,Astsubay Kıdemli Çavuş,Kırıkkale,Kırıkkale,,2012-09-05,Diğer,Anadolu Ajansı,https://sehitlerimiz.org.tr/sehit/murat-duger-104138
fa74e68ed868c22bd2091891,Mücahit Coşkun,,Onbaşı,Zonguldak,Zonguldak,,2012-09-05,Diğer,Anadolu Ajansı,https://sehitlerimiz.org.tr/sehit/mucahit-coskun-104222
dd755b893f2e87920c7d80d5,Onur Fikret Dülger,,Onbaşı,Trabzon,Trabzon,,2012-09-05,Diğer,Anadolu Ajansı,https://sehitlerimiz.org.tr/sehit/onur-fikret-dulger-104221
1fcfbb632c5f466d1e8fc199,Tolga Taştan,,Onbaşı,Bursa,Bursa,,2012-09-05,Diğer,Anadolu Ajansı,https://sehitlerimiz.org.tr/sehit/tolga-tastan-104219
125ad865b8dd55d5508669e1,Hikmet Güler,,Uzman Çavuş,Manisa,Manisa Demirci,,2012-09-15,Terörle Mücadele,Habertürk; MEB,https://sehitlerimiz.org.tr/sehit/hikmet-guler-102800
8ad3bd143536909ec19ee649,Mehmet Dildari,,Jandarma Çavuş,Niğde,Niğde Bor,,2012-09-20,Terörle Mücadele,Hürriyet,https://sehitlerimiz.org.tr/sehit/mehmet-dildari-102798
19497f6e937a7aee2f8b9483,Kadir Dadaş,,Piyade Er,Tekirdağ,Tekirdağ,,2012-09-26,Terörle Mücadele,Millî Eğitim Bakanlığı; Hürriyet,https://sehitlerimiz.org.tr/sehit/kadir-dadas-102799
b43b4dda0c59fa80249a623c,Rabia Sevilay Durukan,,Öğretmen,Isparta,Isparta,1972,2012-09-26,Diğer,Millî Eğitim Bakanlığı — Şehit Öğretmenlerimiz,https://sehitlerimiz.org.tr/sehit/rabia-sevilay-durukan-103938
089a3f99962383f1962d49b9,Bekir Çavuş,,Jandarma Astsubay Üstçavuş,Osmaniye,"Osmaniye, Kadirli",,2012-11-18,Terörle Mücadele,Hürriyet,https://sehitlerimiz.org.tr/sehit/bekir-cavus-103756
6a2be39e462cc6f9e6ab70a7,Bilal Akgün,,Uzman Çavuş,Kahramanmaraş,Kahramanmaraş,,2012-11-18,Terörle Mücadele,Hürriyet,https://sehitlerimiz.org.tr/sehit/bilal-akgun-103758
23f66bba12bf97916ef7f772,Gökhan Korkut,,Üsteğmen,Antalya,Antalya,,2012-11-18,Terörle Mücadele,Hürriyet,https://sehitlerimiz.org.tr/sehit/gokhan-korkut-103755
5edbcea0b868ac9e6ec07b08,Mehmet Bostancı,Sadık,Jandarma Astsubay Üstçavuş,Çorum,"Çorum, Bayat",,2012-11-18,Terörle Mücadele,Hürriyet; TRT Haber,https://sehitlerimiz.org.tr/sehit/mehmet-bostanci-103754
7f2427d4588376ce23a5f2b0,Nihat Gün,,Jandarma Astsubay Çavuş,Konya,Konya,,2012-11-18,Terörle Mücadele,Hürriyet,https://sehitlerimiz.org.tr/sehit/nihat-gun-103757
eff00ffc6c5186730ec585e5,Necdet Yavaş,Mehmet,Astsubay Kıdemli Başçavuş,Balıkesir,"Balıkesir, Savaştepe",20.02.1974,2013-02-20,Diğer,Memurlar.net,https://sehitlerimiz.org.tr/sehit/necdet-yavas-104135
6979176587e2667f4eea8831,Sinan Yılmaz,,Polis Memuru — Mogadişu Büyükelçiliği görevlisi,,,,2013-07-27,Terörle Mücadele,Dışişleri Bakanlığı — Şehit Diplomatlarımız,https://sehitlerimiz.org.tr/sehit/sinan-yilmaz-104184
66cb01a3955d5404621d6328,Emrah Erdem,,Öğretmen,Kırklareli,"Kırklareli, Vize",1987,2014-01-30,Terörle Mücadele,Millî Eğitim Bakanlığı — Şehit Öğretmenlerimiz,https://sehitlerimiz.org.tr/sehit/emrah-erdem-103939
e087b77c97167db718378d63,Burakcan Karamanoğlu,Halil,Sivil Şehit,Giresun,"Giresun, Alucra",,2014-03-13,Terörle Mücadele,Giresun Valiliği,https://sehitlerimiz.org.tr/sehit/burakcan-karamanoglu-103947
d1a5666f9ad838e84619a1f9,Ömer Kesim,,Polis Memuru,Amasya,,,2014-06-01,Polis Şehidi,Çorum İl Emniyet Müdürlüğü,https://sehitlerimiz.org.tr/sehit/omer-kesim-102975
3b67fdd2fe84b6898e26f16b,Emre As,Ömer,Piyade Teğmen,Tokat,"Tokat, Zile",1991,2014-08-20,Terörle Mücadele,Hürriyet,https://sehitlerimiz.org.tr/sehit/emre-as-104136
a4991c4ef6f9a2ae908ac79b,Fatih Sağır,,Polis Memuru,Çorum,,,2014-09-26,Polis Şehidi,Çorum İl Emniyet Müdürlüğü,https://sehitlerimiz.org.tr/sehit/fatih-sagir-102974
2723ebe8bc2b2dfd2e503d02,Arslan Kulaksız,,Jandarma Binbaşı,Muş,,,2015-07-27,Terörle Mücadele Harekâtı (2015),T.C. İçişleri Bakanlığı,https://sehitlerimiz.org.tr/sehit/arslan-kulaksiz-102860
5ee930eea2a5bb39c4c87dd8,Ziya Sarpkaya,,Uzman Çavuş,Bolu,Bolu,,2015-07-28,Terörle Mücadele,Bolu Valiliği — Şehit ve Gazilerimiz,https://sehitlerimiz.org.tr/sehit/ziya-sarpkaya-102687
fd81540309c0509e103be585,Ömer Kağan Kandemir,,Piyade Komando Er,Denizli,Denizli Çivril,,2015-07-30,Terörle Mücadele Harekâtı (2015),Anadolu Ajansı; Denizli Valiliği,https://sehitlerimiz.org.tr/sehit/omer-kagan-kandemir-102759
fa5d1e08e5df1ef2a2615dbb,Haşim Dirik,,Uzman Çavuş,Manisa,Manisa Sarıgöl,,2015-08-15,Terörle Mücadele Harekâtı (2015),Manisa Valiliği,https://sehitlerimiz.org.tr/sehit/hasim-dirik-102947
9d9fc3ad610b2047e7d4371a,Tanju Sakarya,,Polis Memuru,Şanlıurfa,,,2015-08-29,Polis Şehidi,Çorum İl Emniyet Müdürlüğü,https://sehitlerimiz.org.tr/sehit/tanju-sakarya-102973
8a90746e329e85617f1a0933,İlker Narin,,Polis Memuru,Kastamonu,Kastamonu Taşköprü,,2015-08-31,Polis Şehidi,Hürriyet,https://sehitlerimiz.org.tr/sehit/ilker-narin-103128
6741557abe3017b567a49de9,Burhan Gatfar,,Komiser Yardımcısı,Elazığ,Elazığ Baskil,,2015-09-01,Polis Şehidi,Anadolu Ajansı; Habertürk,https://sehitlerimiz.org.tr/sehit/burhan-gatfar-102838
c4ff78ec10f8741f3665734e,Hasan Eser,,Polis Memuru,Denizli,Denizli,,2015-09-08,Polis Şehidi,Sözcü; Cumhuriyet,https://sehitlerimiz.org.tr/sehit/hasan-eser-102830
e789797ba132af534fb1684f,Yaşar Doğançay,,Polis Memuru,Bolu,Bolu,,2015-09-08,,Bolu Valiliği — Şehit ve Gazilerimiz,https://sehitlerimiz.org.tr/sehit/yasar-dogancay-102689
f151469b04e525cafb814015,Nedim Erbay,,Özel Harekât Polis Memuru,Manisa,Manisa Kula,,2015-09-29,Polis Şehidi,Salihli Kaymakamlığı; Sabah,https://sehitlerimiz.org.tr/sehit/nedim-erbay-102821
809a4ab5f7ee723270cb2b42,Yaşar Uysal,,Polis Memuru,Çorum,Çorum Dodurga,,2015-10-05,Polis Şehidi,Emniyet Genel Müdürlüğü; Çorum İl Emniyet Müdürlüğü şehit listesi,https://sehitlerimiz.org.tr/sehit/yasar-uysal-102852
4fc240cfaa159e9c48d40571,Caner Çelik,,Piyade Uzman Çavuş,Ardahan,Ardahan Hanak,,2015-11-05,Terörle Mücadele Harekâtı (2015),Ardahan Valiliği,https://sehitlerimiz.org.tr/sehit/caner-celik-102761
c55a0d61c9276a884f16a8d5,Ayhan Duğan,,Polis Memuru,Bursa,,,2015-11-20,Polis Şehidi,Çorum İl Emniyet Müdürlüğü,https://sehitlerimiz.org.tr/sehit/ayhan-dugan-102972
903fabbba2e0e2f7ca597a84,Bekir Şimşek,,Jandarma Uzman Çavuş,Yozgat,Yozgat Aydıncık,,2016-01-02,Terörle Mücadele (Diyarbakır/Sur - 2016),Millî Eğitim Bakanlığı,https://sehitlerimiz.org.tr/sehit/bekir-simsek-102743
6048001ea54ee42e1afc06ac,Musa Yüce,,Özel Harekât Polis Memuru,Kayseri,Kayseri Bünyan,,2016-01-04,Polis Şehidi,Hürriyet; Sabah; MEB,https://sehitlerimiz.org.tr/sehit/musa-yuce-102744
3d67654ae85c8f9095aeda78,Mahmut Bilgin,,Özel Harekât Polis Memuru,Trabzon,Trabzon Vakfıkebir,,2016-01-18,Polis Şehidi,Anadolu Ajansı; Hürriyet,https://sehitlerimiz.org.tr/sehit/mahmut-bilgin-102831
188651c58347b425e2dbfbb9,Mustafa Yaşar,,Polis Memuru,Çorum,,,2016-01-18,Polis Şehidi,Çorum İl Emniyet Müdürlüğü,https://sehitlerimiz.org.tr/sehit/mustafa-yasar-102971
4c3156a9ae9f85b9e9454986,İsmet Fatih Alagöz,,Polis Memuru,Çorum,,,2016-01-29,Polis Şehidi,Çorum İl Emniyet Müdürlüğü,https://sehitlerimiz.org.tr/sehit/ismet-fatih-alagoz-102970
a6b635ee06053f29a1292f47,Selçuk Paker,,Piyade Uzman Çavuş,İstanbul,İstanbul Üsküdar,,2016-01-30,Terörle Mücadele (Diyarbakır/Sur - 2016),Diyarbakır Valiliği; Mamak Kaymakamlığı,https://sehitlerimiz.org.tr/sehit/selcuk-paker-102742
6bfce9be717898652012da40,Hakan Yılmaz,,Özel Harekât Polis Memuru,Adana,Adana,,2016-03-08,Polis Şehidi,Hürriyet; Yeni Şafak,https://sehitlerimiz.org.tr/sehit/hakan-yilmaz-102851
fdf7d31df94869ceedf3c88c,Taner Kılıç,,Sivil,Kırıkkale,Kırıkkale Sulakyurt,,2016-03-13,Terörle Mücadele,CNN Türk; bianet,https://sehitlerimiz.org.tr/sehit/taner-kilic-102810
ac2fe3335ad094dfa0d38acf,Emre Beker,,Polis Memuru,Çorum,,,2016-03-20,Polis Şehidi,Çorum İl Emniyet Müdürlüğü,https://sehitlerimiz.org.tr/sehit/emre-beker-102969
c49d8327ef123be15e5a55f5,Gökhan Osman Karaduman,,Özel Harekât Polis Memuru,Ankara,Ankara,,2016-03-21,Polis Şehidi,Terör Şehit ve Gazileri,https://sehitlerimiz.org.tr/sehit/gokhan-osman-karaduman-102825
c99214d4c648b31f19deb6ac,Murat Yatarkalkmaz,,Polis Memuru,Ankara,,,2016-03-22,Polis Şehidi,Çorum İl Emniyet Müdürlüğü,https://sehitlerimiz.org.tr/sehit/murat-yatarkalkmaz-102968
c152c2f65bf4d27a933de7d4,Yıldırım Oflaz,,qi $' Uzman Çavuş,Bolu,Bolu,,2016-03-24,Terörle Mücadele,Bolu Valiliği — Şehit ve Gazilerimiz,https://sehitlerimiz.org.tr/sehit/yildirim-oflaz-102693
5c4fb8baa8018327e18e78d4,Emre Fıstıkeken,,Özel Harekât Polis Memuru,Nevşehir,Nevşehir,14.06.1993,2016-03-25,Polis Şehidi,Nevşehir İl Emniyet Müdürlüğü,https://sehitlerimiz.org.tr/sehit/emre-fistikeken-102932
5f25073ce9f5ffd6a7fe0d33,Volkan Çay,,Özel Harekât Polis Memuru,Adana,Adana Sarıçam,,2016-03-30,Polis Şehidi,Adana Valiliği,https://sehitlerimiz.org.tr/sehit/volkan-cay-102824
23058afb9a800ba66d8dd866,Mustafa Karakaya,,Polis Memuru,Erzurum,Erzurum İspir,26.04.1988,2016-03-31,Polis Şehidi,İspir Kaymakamlığı,https://sehitlerimiz.org.tr/sehit/mustafa-karakaya-102929
e9d8fa25010e64b191f02ccd,İsrafil Kargı,,Polis Memuru (Özel Harekat),,,,2016-04-02,Polis Şehidi,Gürün Kaymakamlığı — Şehit ve Gazilerimiz,https://sehitlerimiz.org.tr/sehit/israfil-kargi-104204
bf61df39d44b526f8e8d6b00,Sezgin Burak Cantürk,,Jandarma Uzman Çavuş,Giresun,Giresun Espiye,,2016-04-12,Terörle Mücadele Harekâtı (2016),Diyarbakır Valiliği; Milliyet,https://sehitlerimiz.org.tr/sehit/sezgin-burak-canturk-102936
0f1d19cd1848fd4955a625e3,Hıdır Gençaslan,,Polis Memuru,Antalya,,,2016-04-15,Polis Şehidi,Çorum İl Emniyet Müdürlüğü,https://sehitlerimiz.org.tr/sehit/hidir-gencaslan-102967
947977017a1f1a5d1e7c0b1a,Abdullah Delibaş,,Polis Memuru (TEM),Kilis,Kilis,,2016-04-18,Polis Şehidi,Van Valiliği; Hürriyet,https://sehitlerimiz.org.tr/sehit/abdullah-delibas-102833
1b4e9f96932852a7430204fc,Murat Erdi Eker,,Jandarma Sağlık Astsubay Kıdemli Çavuş,Mersin,Mersin,,2016-04-20,Terörle Mücadele Harekâtı (2016),Mersin Valiliği,https://sehitlerimiz.org.tr/sehit/murat-erdi-eker-102767
4e0614793108691da2524b64,Ferhat Arslan,,Polis Memuru (Bomba İmha),Van,,,2016-05-10,Polis Şehidi,Emniyet Genel Müdürlüğü,https://sehitlerimiz.org.tr/sehit/ferhat-arslan-102835
8728f648d0738cd1f775f733,Mücahit Erbaş,,Polis Memuru (TEM),Yozgat,Yozgat Sorgun,,2016-05-19,Polis Şehidi,Yozgat Valiliği,https://sehitlerimiz.org.tr/sehit/mucahit-erbas-102823
c6460f6063839378a99e52f0,Uğur Yıldız,,Polis Memuru,Kastamonu,,,2016-05-26,Polis Şehidi,Çorum İl Emniyet Müdürlüğü,https://sehitlerimiz.org.tr/sehit/ugur-yildiz-102966
ae03b24a0287089dc56c563d,Hüseyin Tunç,,Öğretmen,İstanbul,"İstanbul, Sarıyer",1988,2016-06-28,Terörle Mücadele Harekâtı (2016),Millî Eğitim Bakanlığı — Şehit Öğretmenlerimiz,https://sehitlerimiz.org.tr/sehit/huseyin-tunc-103940
f632075c7c8f7aac298dfad5,Burak Erten,,Piyade Bakım Astsubay Çavuş,Denizli,Denizli,,2016-07-10,Terörle Mücadele Harekâtı (2016),Habertürk; Hürriyet,https://sehitlerimiz.org.tr/sehit/burak-erten-102764
88ac340fa6f971871da26fc6,Ahmet Oruç,,,,,,2016-07-15,,EGM Havacılık Dairesi — Şehitlerimiz,https://sehitlerimiz.org.tr/sehit/ahmet-oruc-101271
240988dab4ed19e2c80f20c0,Cennet Yiğit,,Komiser Yardımcısı (Özel Harekât),Kayseri,Kayseri Bünyan,,2016-07-15,15 Temmuz,İçişleri Bakanlığı; Anadolu Ajansı,https://sehitlerimiz.org.tr/sehit/cennet-yigit-102814
f536434378d306f0797763fe,Faruk Demir,,Özel Harekât Polis Memuru,Ankara,,,2016-07-15,15 Temmuz,15 Temmuz Dijital Kütüphanesi,https://sehitlerimiz.org.tr/sehit/faruk-demir-102816
5f7441c12b893a0c4d925521,Fatih Kalu,,Sivil,Bolu,Bolu,,2016-07-15,15 Temmuz,Bolu Valiliği — Şehit ve Gazilerimiz,https://sehitlerimiz.org.tr/sehit/fatih-kalu-102641
316df68c1c2429676ec3b50a,Ferhat Koç,,,,,,2016-07-15,,EGM Havacılık Dairesi — Şehitlerimiz,https://sehitlerimiz.org.tr/sehit/ferhat-koc-101268
80206613c622604c5cb8a37b,Hurşit Uzel,,Özel Harekât Polis Memuru,Hatay,Hatay Kırıkhan,,2016-07-15,15 Temmuz,15temmuz.gov.tr; 15 Temmuz Dijital Kütüphanesi,https://sehitlerimiz.org.tr/sehit/hursit-uzel-102817
e40654106223e382b7d7b2e9,Kübra Doğanay,,Komiser Yardımcısı,Kayseri,Kayseri Yeşilhisar,08.11.1993,2016-07-15,15 Temmuz,Emniyet Genel Müdürlüğü Özel Harekât,https://sehitlerimiz.org.tr/sehit/kubra-doganay-102942
2b687e643f8b1479e6e49ce0,Mehmet Demir,,,,,,2016-07-15,,EGM Havacılık Dairesi — Şehitlerimiz,https://sehitlerimiz.org.tr/sehit/mehmet-demir-101266
9cf2186ba10dc9bfc1af2d8d,Mehmet Oruç,,,,,,2016-07-15,,EGM Havacılık Dairesi — Şehitlerimiz,https://sehitlerimiz.org.tr/sehit/mehmet-oruc-101270
ca6dba018298b21774e3059e,Muhammed Ambar,,Sivil,Rize,Rize Çayeli,,2016-07-15,15 Temmuz,Anadolu Ajansı,https://sehitlerimiz.org.tr/sehit/muhammed-ambar-103021
4389ee3bd0b6a29dc631bb25,Muhsin Kiremitçi,,Komiser Yardımcısı,Konya,Konya Seydişehir,,2016-07-15,15 Temmuz,Konya Valiliği; Emniyet Genel Müdürlüğü,https://sehitlerimiz.org.tr/sehit/muhsin-kiremitci-102939
ffcaf572b3e3bb368bfc1ad6,Murat Akdemir,,Sivil,Rize,Rize,04.10.1989,2016-07-15,15 Temmuz,Yeni Şafak 15 Temmuz Dijital Kütüphanesi,https://sehitlerimiz.org.tr/sehit/murat-akdemir-103022
2bcb11d8124aff1a55019a60,Murat Alkan,,,,,,2016-07-15,,EGM Havacılık Dairesi — Şehitlerimiz,https://sehitlerimiz.org.tr/sehit/murat-alkan-101265
70fa913af58cbb552cd9a154,Ozan Özen,,,Bolu,Bolu,,2016-07-15,15 Temmuz,Bolu Valiliği — Şehit ve Gazilerimiz,https://sehitlerimiz.org.tr/sehit/ozan-ozen-102647
ec2ef6f664ed53db59a88d1e,Sevda Güngör,,Özel Harekât Polis Memuru,Adana,Adana,,2016-07-15,15 Temmuz,Anadolu Ajansı,https://sehitlerimiz.org.tr/sehit/sevda-gungor-102818
dc0e9c9020e41a5ed695de9f,Suat Aloğlu,,Sivil,Bolu,Bolu,,2016-07-15,15 Temmuz,Bolu Valiliği — Şehit ve Gazilerimiz,https://sehitlerimiz.org.tr/sehit/suat-aloglu-102686
2d1cfbc26d3013ec0a242964,Ufuk Baysan,,4. Sınıf Emniyet Müdürü,Düzce,Düzce,03.07.1974,2016-07-15,15 Temmuz,Emniyet Genel Müdürlüğü Özel Harekât,https://sehitlerimiz.org.tr/sehit/ufuk-baysan-102941
d95da12c91f676c82533cafc,Velit Bektaş,,Polis Memuru,Bolu,Bolu,,2016-07-15,15 Temmuz,Bolu Valiliği — Şehit ve Gazilerimiz,https://sehitlerimiz.org.tr/sehit/velit-bektas-102695
b5693de54a5e1ddaffd3e6f7,Yasin Bahadır Yüce,,,,,,2016-07-15,,EGM Havacılık Dairesi — Şehitlerimiz,https://sehitlerimiz.org.tr/sehit/yasin-bahadir-yuce-101267
3466496c6be045137426eb9c,Yunus Uğur,,,,,,2016-07-15,,EGM Havacılık Dairesi — Şehitlerimiz,https://sehitlerimiz.org.tr/sehit/yunus-ugur-101269
57cec93fa8d55b56036c2a6e,Yusuf Elitaş,,Öğretmen,Ankara,Ankara,1979,2016-07-15,15 Temmuz Demokrasi ve Millî Birlik Günü (2016),Millî Eğitim Bakanlığı — Şehit Öğretmenlerimiz,https://sehitlerimiz.org.tr/sehit/yusuf-elitas-103941
234500b1b1531e27af113824,Önder Güzel,,2. Sınıf Emniyet Müdürü (Özel Harekât D.Bşk.Yrd.),Ankara,,,2016-07-15,15 Temmuz,Emniyet Genel Müdürlüğü; Aksaray Valiliği,https://sehitlerimiz.org.tr/sehit/onder-guzel-102815
8b587fbca73ee4ece946e026,Ali Anar,,Mahalle Muhtarı,Ankara,Ankara Kazan,,2016-07-16,15 Temmuz,15temmuzkahramanlari.com,https://sehitlerimiz.org.tr/sehit/ali-anar-102858
93108979a3897fa493c5559d,Ömer Halisdemir,,Astsubay Kıdemli Başçavuş,Niğde,Niğde Bor,,2016-07-16,15 Temmuz,Bor Kaymakamlığı; NTV,https://sehitlerimiz.org.tr/sehit/omer-halisdemir-102813
03209623a0a3a8163afd4ec3,Mikail Yaşa,Nevzat,Piyade Er,Malatya,"Malatya, Yeşilyurt",,2016-07-27,Terörle Mücadele,Malatya Valiliği,https://sehitlerimiz.org.tr/sehit/mikail-yasa-104046
7e6b681e7bbdf9dcb94c01ca,Nuh Kürşat Temizyürek,,Jandarma Uzman Çavuş,Kayseri,Kayseri Melikgazi,,2016-07-27,Terörle Mücadele Harekâtı (2016),Hürriyet; MEB,https://sehitlerimiz.org.tr/sehit/nuh-kursat-temizyurek-102762
ca45d2e41ac8c583c65bd73c,Osman Yıldırım,Demirhan,Uzman Çavuş,Kırıkkale,"Kırıkkale, Yahşihan",,2016-07-27,Terörle Mücadele,Hürriyet,https://sehitlerimiz.org.tr/sehit/osman-yildirim-104045
a774275a53bf7b98642ac29b,Abdülhamit Kaya,,Çevik Kuvvet Polis Memuru,Yalova,Yalova Çiftlikköy,,2016-08-26,Polis Şehidi,Yalova Üniversitesi; Cumhuriyet,https://sehitlerimiz.org.tr/sehit/abdulhamit-kaya-102943
324ae1aa7c6ed3d4079994f0,Burhan Acar,,Jandarma Uzman Çavuş,Denizli,Denizli,,2016-11-28,Terörle Mücadele Harekâtı (2016),Hürriyet; Anadolu Ajansı,https://sehitlerimiz.org.tr/sehit/burhan-acar-102763
52cf57c004f486505484b0cf,Kıvanç Kaşıkçı,,Piyade Astsubay Üstçavuş,Çanakkale,Çanakkale,,2016-11-29,Terörle Mücadele Harekâtı (2016),BBC Türkçe,https://sehitlerimiz.org.tr/sehit/kivanc-kasikci-102859
ef2a68f6480f2f7598cd6958,Hasan İlhan,,Er,Denizli,Denizli Çal Bayıralanlı,,2016-12-18,Terörle Mücadele,Pamukkale Kaymakamlığı,https://sehitlerimiz.org.tr/sehit/hasan-ilhan-102855
7cf2d7cb47714a32a4682461,Fatih Olcay,,Uzman Onbaşı,Afyonkarahisar,"Afyonkarahisar, Çay",,2016-12-19,Terörle Mücadele Harekâtı (2016),Hürriyet,https://sehitlerimiz.org.tr/sehit/fatih-olcay-103171
a1e2f5a691deb197ec5d23d7,Akın Acar,,Uzman Çavuş,Tekirdağ,"Tekirdağ, Çorlu",,2016-12-21,Terörle Mücadele Harekâtı (2016),Tekirdağ Valiliği; Habertürk,https://sehitlerimiz.org.tr/sehit/akin-acar-103167
6efb78826d10dfa9573fee4f,Ali Sezai Yalçın,,Piyade Uzman Çavuş,Tokat,"Tokat, Erbaa",,2016-12-21,Terörle Mücadele Harekâtı (2016),Habertürk,https://sehitlerimiz.org.tr/sehit/ali-sezai-yalcin-103164
16299d57a0fa4ebb56da5b0d,Ali Yılmaz,,Uzman Çavuş,Burdur,"Burdur, Karamanlı",,2016-12-21,Terörle Mücadele Harekâtı (2016),Habertürk,https://sehitlerimiz.org.tr/sehit/ali-yilmaz-103163
cfc5425c90f1e444a681871b,Burak Boz,,Uzman Çavuş,Konya,"Konya, Ereğli",,2016-12-21,Terörle Mücadele Harekâtı (2016),Habertürk,https://sehitlerimiz.org.tr/sehit/burak-boz-103165
c64fb9bbd868217ae5498c25,Bülent Albayrak,,Piyade Binbaşı,Bursa,"Bursa, Orhangazi",,2016-12-21,Terörle Mücadele Harekâtı (2016),Hürriyet; Sözcü,https://sehitlerimiz.org.tr/sehit/bulent-albayrak-103156
00fb41ca3e7879ad782c074d,Ferhat Demir,,Uzman Çavuş,Bursa,Bursa,,2016-12-21,Terörle Mücadele Harekâtı (2016),Aile ve Sosyal Hizmetler Bakanlığı Bursa İl Müdürlüğü,https://sehitlerimiz.org.tr/sehit/ferhat-demir-103170
d5e22fc3bed4c701546726a2,Furkan Yavaş,,Astsubay Kıdemli Çavuş,İzmir,İzmir,01.01.1991,2016-12-21,Terörle Mücadele Harekâtı (2016),Terör Şehit ve Gazileri / Milliyet,https://sehitlerimiz.org.tr/sehit/furkan-yavas-103133
70ed3a5d34f33a2d75624b57,Göktan Özüpek,,Piyade Astsubay Üstçavuş,Kırklareli,Kırklareli,,2016-12-21,Terörle Mücadele Harekâtı (2016),Kırklareli Valiliği,https://sehitlerimiz.org.tr/sehit/goktan-ozupek-103158
3766cde88d4f4eddb85b381c,Hasan Kavuz,,Uzman Çavuş,Samsun,"Samsun, Çarşamba",,2016-12-21,Terörle Mücadele Harekâtı (2016),Habertürk,https://sehitlerimiz.org.tr/sehit/hasan-kavuz-103162
7102312a016e1d0047a44c36,Mehmet Kökkaya,,Uzman Çavuş,Kahramanmaraş,"Kahramanmaraş, Göksun",,2016-12-21,Terörle Mücadele Harekâtı (2016),"Kayseri Büyükşehir Belediyesi — Cumhuriyet Dönemi Kayseri Şehitleri (1923-2017), s. 74; Sözcü",https://sehitlerimiz.org.tr/sehit/mehmet-kokkaya-103168
7b9c3fd4906079e139f699ab,Okan Altıparmak,,Astsubay Kıdemli Çavuş,Konya,"Konya, Seydişehir",,2016-12-21,Terörle Mücadele Harekâtı (2016),Hürriyet,https://sehitlerimiz.org.tr/sehit/okan-altiparmak-103160
952973eeaca36dad5a7830e1,Oktay Durak,,Piyade Uzman Çavuş,Yozgat,"Yozgat, Çayıralan",,2016-12-21,Terörle Mücadele Harekâtı (2016),Hürriyet; Habertürk,https://sehitlerimiz.org.tr/sehit/oktay-durak-103166
e462bc8ee12a1c7c943142a7,Osman Çelik,,Piyade Uzman Çavuş,Kayseri,"Kayseri, Pınarbaşı",,2016-12-21,Terörle Mücadele Harekâtı (2016),"Kayseri Büyükşehir Belediyesi — Cumhuriyet Dönemi Kayseri Şehitleri (1923-2017), s. 74; Habertürk",https://sehitlerimiz.org.tr/sehit/osman-celik-103169
00a52356dfbe1d4882fd69a2,Ökkeş Karaca,,Tankçı Astsubay Kıdemli Çavuş,Kahramanmaraş,"Kahramanmaraş, Onikişubat",,2016-12-21,Terörle Mücadele Harekâtı (2016),Kahramanmaraş Valiliği,https://sehitlerimiz.org.tr/sehit/okkes-karaca-103157
21681eb0a36fd0d5a87993b0,Ömercan Yekebağcı,,Piyade Astsubay Kıdemli Çavuş,Kars,"Kars, Susuz",,2016-12-21,Terörle Mücadele Harekâtı (2016),Sözcü,https://sehitlerimiz.org.tr/sehit/omercan-yekebagci-103161
4cda7229220f0e3ef58a3048,Önder Pınar,,Topçu Astsubay Kıdemli Çavuş,Elazığ,Elazığ,,2016-12-21,Terörle Mücadele Harekâtı (2016),Elazığ Valiliği; Habertürk,https://sehitlerimiz.org.tr/sehit/onder-pinar-103159
11bda5d9fe333854f810730f,Fethi Şahin,,,Konya,Konya Çumra Arıkören,,2016-12-22,Diğer,Cumhuriyet,https://sehitlerimiz.org.tr/sehit/fethi-sahin-102854
457d7fb90726d78966b5e7ad,Sefter Taş,,Er,,,,2016-12-22,Terörle Mücadele,Vikipedi; Cumhuriyet; bianet,https://sehitlerimiz.org.tr/sehit/sefter-tas-102806
4865c2e19d55c8af3b1740e9,Mete Can,,Piyade Uzman Onbaşı,Hatay,Hatay Dörtyol,,2017-01-20,Terörle Mücadele Harekâtı (2017),Hatay Valiliği,https://sehitlerimiz.org.tr/sehit/mete-can-102948
84d16a1afda029aa1c50b0c1,Ali Şirin,,Jandarma Uzman Çavuş,Çorum,Çorum Dodurga,,2017-03-08,Terörle Mücadele Harekâtı (2017),Diyarbakır Valiliği,https://sehitlerimiz.org.tr/sehit/ali-sirin-102755
88ff3057039e213ceeb1c88a,Abdullah Ortanca,,Komiser Pilot,,,,2017-04-18,Polis Şehidi,Tunceli Valiliği / EGM Havacılık Dairesi,https://sehitlerimiz.org.tr/sehit/abdullah-ortanca-101272
f1786d685fdc6622e712284c,Dilaver Karsavuranoğlu,,Sözleşmeli Pilot,,,,2017-04-18,Polis Şehidi,Tunceli Valiliği / EGM Havacılık Dairesi,https://sehitlerimiz.org.tr/sehit/dilaver-karsavuranoglu-101273
9c3cd1be7bda48a15e22c34e,Murat Ködük,,Polis Memuru (Teknisyen),,,,2017-04-18,Polis Şehidi,Tunceli Valiliği / EGM Havacılık Dairesi,https://sehitlerimiz.org.tr/sehit/murat-koduk-101274
4c0f3b53c7ac0bedc4b56697,Efe Osman Apaydın,,Jandarma Özel Harekât Uzman Çavuş,Niğde,Niğde,,2017-04-23,Terörle Mücadele Harekâtı (2017),Niğde MEB (adına lise); şehit kayıtları,https://sehitlerimiz.org.tr/sehit/efe-osman-apaydin-102758
5901a589ad3a9d0bf485f2d8,Abuzer Doğan,,Jandarma,Ağrı,,,2017-05-25,Terörle Mücadele,Gürün Kaymakamlığı — Şehit ve Gazilerimiz,https://sehitlerimiz.org.tr/sehit/abuzer-dogan-104186
da5d4a107bb5f5df37756a7d,Şenay Aybüke Yalçın,Sadık,Müzik Öğretmeni,Çorum,Çorum Osmancık,03.09.1994,2017-06-09,Terörle Mücadele Harekâtı (2017),Anadolu Ajansı; Millî Eğitim Bakanlığı; Vikipedi,https://sehitlerimiz.org.tr/sehit/senay-aybuke-yalcin-101299
cc91bf01a83c1077de2f61d0,Ferhat Gedik,,Jandarma Astsubay Kıdemli Başçavuş,Hatay,Hatay İskenderun,,2017-08-11,Terörle Mücadele Harekâtı (2017),TRT Haber; Gümüşhane Valiliği,https://sehitlerimiz.org.tr/sehit/ferhat-gedik-102757
2c730549b360a1b0f27c3e16,Anıl Kaan Aybek,,Polis Memuru,İstanbul,,,2017-09-20,Polis Şehidi,Sözcü; MEB,https://sehitlerimiz.org.tr/sehit/anil-kaan-aybek-102828
b0b23e86a7ebdba00fb22907,Halis Özcengiz,,Piyade Uzman Çavuş,Hakkâri,,,2017-09-21,Terörle Mücadele Harekâtı (2017),TSK Dayanışma Vakfı,https://sehitlerimiz.org.tr/sehit/halis-ozcengiz-102753
094fb88a3d5c95b21cf90c51,Emin Acun,,Öğretmen,Aydın,"Aydın, Nazilli",1992,2017-09-28,Terörle Mücadele Harekâtı (2017),Millî Eğitim Bakanlığı — Şehit Öğretmenlerimiz,https://sehitlerimiz.org.tr/sehit/emin-acun-103942
072995c3280bed37e3b840bb,Yahya Acar,,Jandarma Uzman Çavuş,Samsun,"Samsun, Havza",,2017-09-29,Terörle Mücadele Harekâtı (2017),Sabah,https://sehitlerimiz.org.tr/sehit/yahya-acar-103762
da2922b4701a64cb03d15470,İlhan Sezer,,Piyade Uzman Çavuş,Bolu,Bolu,,2017-10-16,Terörle Mücadele,Bolu Valiliği — Şehit ve Gazilerimiz,https://sehitlerimiz.org.tr/sehit/ilhan-sezer-102645
d574c755cf9b99a52b1d0581,Burak Bilen,,Yüzbaşı,Bolu,Bolu,,2017-11-03,Terörle Mücadele,Bolu Valiliği — Şehit ve Gazilerimiz,https://sehitlerimiz.org.tr/sehit/burak-bilen-102644
154872b884e7583d76473328,Ramazan Bozdağ,Süleyman,İmam-Hatip,Çorum,"Çorum, İskilip",,2017-11-24,Terörle Mücadele,Ordu İl Müftülüğü — Diyanet İşleri Başkanlığı,https://sehitlerimiz.org.tr/sehit/ramazan-bozdag-104144
75c4ec24a7f3f5c586c3d8ee,Ayhan Kökmen,,Öğretmen,İzmir,"İzmir, Ödemiş",1969,2017-12-15,Terörle Mücadele Harekâtı (2017),Millî Eğitim Bakanlığı — Şehit Öğretmenlerimiz,https://sehitlerimiz.org.tr/sehit/ayhan-kokmen-103943
dc68d1f8c1e3a45d9a61c6c1,Hüseyin Çam,Mehmet,Piyade Uzman Çavuş,Kahramanmaraş,"Kahramanmaraş, Onikişubat",13.10.1991,2017-12-25,Terörle Mücadele Harekâtı (2017),Kahramanmaraş Valiliği; Millî Eğitim Bakanlığı,https://sehitlerimiz.org.tr/sehit/huseyin-cam-103948
8b38f7b631d0c767d4d2637e,Oğuz Kağan Usta,Canpolat,Piyade Üsteğmen,Ankara,Ankara,,2018-01-23,Terörle Mücadele Harekâtı (2018),Ankara Valiliği,https://sehitlerimiz.org.tr/sehit/oguz-kagan-usta-104140
fd74384b4b1ff3fe619882c4,Fatih Mehmethan,,Piyade Üstçavuş,Ordu,Ordu Mesudiye,,2018-01-27,Terörle Mücadele Harekâtı (2018),Anadolu Ajansı; Milliyet,https://sehitlerimiz.org.tr/sehit/fatih-mehmethan-102749
3bc97d8bcc47c1ea919ba0f8,Hasan Kuş,,Piyade Astsubay Üstçavuş,Mersin,Mersin Anamur,,2018-02-11,Terörle Mücadele Harekâtı (2018),Mersin Valiliği,https://sehitlerimiz.org.tr/sehit/hasan-kus-102746
c3378d9619b271b7f30eeed3,Abdullah Taha Koç,,Jandarma Astsubay Çavuş,Konya,Konya,,2018-03-01,Terörle Mücadele Harekâtı (2018),Konya Valiliği,https://sehitlerimiz.org.tr/sehit/abdullah-taha-koc-102747
fc059d5a433bd416891f5ce2,Burhan Açıkkol,,Jandarma Uzman Çavuş,Isparta,Isparta,,2018-03-01,Terörle Mücadele Harekâtı (2018),Isparta Valiliği; MEB,https://sehitlerimiz.org.tr/sehit/burhan-acikkol-102748
4eb52b8cc6e048faa7b13c64,Mehmet Dinek,,Jandarma Uzman Çavuş,Aydın,Aydın Tavas,,2018-03-05,Terörle Mücadele Harekâtı (2018),Aydın Valiliği,https://sehitlerimiz.org.tr/sehit/mehmet-dinek-102745
c6da4e0c1af91ed134c22c42,Ertuğrul Tuğra Kavun,,Piyade Uzman Çavuş,Hatay,,,2018-03-10,Diğer,Gürün Kaymakamlığı — Şehit ve Gazilerimiz,https://sehitlerimiz.org.tr/sehit/ertugrul-tugra-kavun-104206
a8c2b5e7bc6f377b443a123e,Burak Tatar,,Paramedik (UMKE),Erzurum,Erzurum Narman,,2018-04-01,Terörle Mücadele Harekâtı (2018),Anadolu Ajansı,https://sehitlerimiz.org.tr/sehit/burak-tatar-102750
d91b03c37d159217fca9c297,İsa Özkan,,,Bursa,Bursa,,2018-06-27,,TÜMSAD Bursa,https://sehitlerimiz.org.tr/sehit/isa-ozkan-102846
ad421acbf60671e5036eca0b,Adem Güven,,Jandarma Uzman Onbaşı,Batman,,,2018-08-31,Terörle Mücadele Harekâtı (2018),T.C. Türk Silahlı Kuvvetlerini Güçlendirme Vakfı (TSKGV),https://sehitlerimiz.org.tr/sehit/adem-guven-102872
9093cedef4a65a77f8a15dcc,Recep Turan,,Jandarma Uzman Onbaşı,Batman,,,2018-08-31,Terörle Mücadele Harekâtı (2018),T.C. Türk Silahlı Kuvvetlerini Güçlendirme Vakfı (TSKGV),https://sehitlerimiz.org.tr/sehit/recep-turan-102871
aa4b905b72f04bad7b23cf4c,Bayram Çiçek,,Özel Harekât Polis Memuru,Kahramanmaraş,Kahramanmaraş Afşin Arıtaş,,2018-09-10,Polis Şehidi,Kahramanmaraş Valiliği; Anadolu Ajansı; TRT Haber,https://sehitlerimiz.org.tr/sehit/bayram-cicek-101561
4a3c2a5232833f10475aeaf2,Süleyman Aydın,,Jandarma Uzman Çavuş,Amasya,Amasya Suluova,,2018-10-04,Terörle Mücadele Harekâtı (2018),Suluova Kaymakamlığı / Amasya Valiliği,https://sehitlerimiz.org.tr/sehit/suleyman-aydin-103131
b88d05504431b7d9e2754f9f,Furkan Kaplanbaba,,Jandarma Uzman Çavuş,Erzincan,,,2018-10-24,Diğer,Gürün Kaymakamlığı — Şehit ve Gazilerimiz,https://sehitlerimiz.org.tr/sehit/furkan-kaplanbaba-104191
6a7d227903cd471038bde380,Halil Daş,,Topçu Astsubay Üstçavuş,Konya,Konya Ereğli,,2018-11-09,Diğer,Hürriyet; Sabah; Yeni Şafak,https://sehitlerimiz.org.tr/sehit/halil-das-102711
5dd8bdf2eb0e22419151ab90,Mehmet Kaşık,,Topçu Astsubay Çavuş,Kahramanmaraş,Kahramanmaraş Onikişubat,,2018-11-09,Diğer,Hürriyet; Sabah; Yeni Şafak,https://sehitlerimiz.org.tr/sehit/mehmet-kasik-102712
a69296e9ab206bd0b26bdc40,Melih Sancar,,Topçu Er,Hakkâri,,,2018-11-09,Diğer,Hürriyet; Sabah; Yeni Şafak,https://sehitlerimiz.org.tr/sehit/melih-sancar-102716
4e4e9f943d11cc2edc19ee96,Menduh Çelik,,Topçu Er,Hakkâri,,,2018-11-09,Diğer,Hürriyet; Sabah; Yeni Şafak,https://sehitlerimiz.org.tr/sehit/menduh-celik-102717
2a284896801e4d428a7cd6c9,Samet Kaymakçı,,Topçu Er,Gaziantep,Gaziantep Şahinbey,,2018-11-09,Diğer,Hürriyet; Sabah; Yeni Şafak,https://sehitlerimiz.org.tr/sehit/samet-kaymakci-102713
c818af1413128ac308a15f47,Yusuf Önder,,Topçu Er,Hakkâri,,,2018-11-09,Diğer,Hürriyet; Sabah; Yeni Şafak,https://sehitlerimiz.org.tr/sehit/yusuf-onder-102715
14f2fa87125c05a39785638b,İbrahim Özkur,,Topçu Er,Hakkâri,,,2018-11-09,Diğer,Hürriyet; Sabah; Yeni Şafak,https://sehitlerimiz.org.tr/sehit/ibrahim-ozkur-102714
ec62c6eb0adc1208e215955d,Muhammed Ali Kalo,,Topçu Üsteğmen,Hatay,Hatay,,2018-12-13,Terörle Mücadele Harekâtı (2018),MSB / Hatay Valiliği,https://sehitlerimiz.org.tr/sehit/muhammed-ali-kalo-103132
725381ef65a7f84e08a47975,Uğur Çakmak,,piyade er,Şırnak,,,2019-03-06,,Haber,https://sehitlerimiz.org.tr/sehit/ugur-cakmak-102562
6b7aacbfa08ed182c39f9806,Necmettin Kuyucu,,Öğretmen,Kocaeli,"Kocaeli, Gebze",1974,2019-04-02,Terörle Mücadele,Millî Eğitim Bakanlığı — Şehit Öğretmenlerimiz,https://sehitlerimiz.org.tr/sehit/necmettin-kuyucu-103944
685b0345e722de2dee032bf8,Zekeriya Zencirli,,Piyade Uzman Çavuş,,,,2019-05-14,Terörle Mücadele,Hakkari Valiliği,https://sehitlerimiz.org.tr/sehit/zekeriya-zencirli-102773
2323679d65bc935e779b0490,Mustafa Kartal,,Polis Memuru,İstanbul,,,2019-05-24,Polis Şehidi,Emniyet Genel Müdürlüğü,https://sehitlerimiz.org.tr/sehit/mustafa-kartal-102820
f51c092d1cc1a7bdb8ee1e4b,Mehmet Taşhan,,Piyade Uzman Çavuş,Kahramanmaraş,Kahramanmaraş Türkoğlu,,2019-05-30,Terörle Mücadele,Kahramanmaraş Valiliği,https://sehitlerimiz.org.tr/sehit/mehmet-tashan-102772
4bcf88ac13edb7acf256ea7b,Soner Gökçü,,Piyade Uzman Çavuş,Adana,Adana Sarıçam,,2019-07-11,Terörle Mücadele,Adana Valiliği,https://sehitlerimiz.org.tr/sehit/soner-gokcu-102774
b60478badbec960a144d8132,Osman Köse,,Diplomat (Erbil Başkonsolosluğu),,,,2019-07-17,Terörle Mücadele,Dışişleri Bakanlığı; Anadolu Ajansı,https://sehitlerimiz.org.tr/sehit/osman-kose-102811
27cf16e691267419de1efecc,Ali Uçar,,Özel Harekât Polis Memuru,Diyarbakır,,,2019-08-24,Polis Şehidi,Emniyet Genel Müdürlüğü,https://sehitlerimiz.org.tr/sehit/ali-ucar-102937
335f82c1c04acc7113363904,Erhan Gürbüz,,Piyade Er,Kayseri,Kayseri,,2019-10-05,Diğer,Anadolu Ajansı; Kayseri Valiliği,https://sehitlerimiz.org.tr/sehit/erhan-gurbuz-103153
a92d8697a65fa8e3b7fd2dae,Çelebi Bozbıyık,,Piyade Üsteğmen,Kırıkkale,Kırıkkale,,2019-10-15,Terörle Mücadele,Kırıkkale Valiliği,https://sehitlerimiz.org.tr/sehit/celebi-bozbiyik-104141
581b6bc9f544b957edd814bb,Tahsin Sarıtosun,,Ulaştırma Uzman Onbaşı,Kocaeli,Kocaeli Darıca,,2019-10-28,Terörle Mücadele,Darıca Kaymakamlığı,https://sehitlerimiz.org.tr/sehit/tahsin-saritosun-102951
5ce5c04353393a171269eb71,Erol Yanık,,İstihkam Uzman Çavuş,,,,2020-01-08,Terörle Mücadele,A Haber,https://sehitlerimiz.org.tr/sehit/erol-yanik-102867
08a503ccda7b940adf27ae7f,Fatih Akbulut,,Piyade Uzman Onbaşı,,,,2020-01-08,Terörle Mücadele,A Haber,https://sehitlerimiz.org.tr/sehit/fatih-akbulut-102866
f673d9808a67dfea53e4bef1,Halil Karakoç,,Piyade Uzman Onbaşı,,,,2020-01-08,Terörle Mücadele,A Haber,https://sehitlerimiz.org.tr/sehit/halil-karakoc-102865
08474f8d56a55f9fecb9808b,Sinan Köse,,İstihkam Astsubay Kıdemli Çavuş,,,,2020-01-08,Terörle Mücadele,A Haber,https://sehitlerimiz.org.tr/sehit/sinan-kose-102868
e552bf194eec1c433896e7d3,Ali Emre Fırıncıoğulları,,Tankçı Teğmen,Hatay,Hatay Samandağ,,2020-02-20,Terörle Mücadele,Anadolu Ajansı,https://sehitlerimiz.org.tr/sehit/ali-emre-firinciogullari-102777
f3f1c00395c60b4221bcecae,Mustafa Muhammed Ak,,Piyade Uzman Onbaşı,İzmir,İzmir Gaziemir,,2020-03-02,Terörle Mücadele,Anadolu Ajansı,https://sehitlerimiz.org.tr/sehit/mustafa-muhammed-ak-102778
891f21f6cc57429fcfeb8c68,Ramazan Nayir,,Piyade Uzman Onbaşı,Sivas,Sivas,,2020-03-19,Terörle Mücadele,Anadolu Ajansı; Hürriyet,https://sehitlerimiz.org.tr/sehit/ramazan-nayir-102779
e11b4ef5ebbce2ace79c8940,Halil Tuna Akgöz,Basri,Jandarma Astsubay Kademeli Kıdemli Başçavuş,Tekirdağ,Tekirdağ,,2020-07-09,Diğer,T.C. Jandarma Genel Komutanlığı Şehit Bilgi Sorgulama,https://sehitlerimiz.org.tr/sehit/halil-tuna-akgoz-104133
0b2d9b839074d514cb19ff73,Mesut Yazar,Mehmet,Jandarma Uzman Jandarma III. Kademeli Çavuş,Manisa,Manisa,,2020-07-09,Diğer,T.C. Jandarma Genel Komutanlığı Şehit Bilgi Sorgulama,https://sehitlerimiz.org.tr/sehit/mesut-yazar-104134
9d2f112abd559651395a379d,Gökhun Mete Altunbaş,,,,,,2020-07-15,,EGM Havacılık Dairesi — Şehitlerimiz,https://sehitlerimiz.org.tr/sehit/gokhun-mete-altunbas-101275
332093fb396f613d3d8d759d,Mustafa Keskin,,,,,,2020-07-15,,EGM Havacılık Dairesi — Şehitlerimiz,https://sehitlerimiz.org.tr/sehit/mustafa-keskin-101279
4d8c18d97b019a1965f968e7,Samet Üstüner,,,,,,2020-07-15,,EGM Havacılık Dairesi — Şehitlerimiz,https://sehitlerimiz.org.tr/sehit/samet-ustuner-101278
fdb0c934d271e2ef91eaf109,Semih Güzelay,,,,,,2020-07-15,,EGM Havacılık Dairesi — Şehitlerimiz,https://sehitlerimiz.org.tr/sehit/semih-guzelay-101277
6cb3fbad331b29f4c8121bb6,İrfan Aydoğan,,,,,,2020-07-15,,EGM Havacılık Dairesi — Şehitlerimiz,https://sehitlerimiz.org.tr/sehit/irfan-aydogan-101276
92771a0d6dcb8e20b0c65305,Alper Yaman,Sabri,Jandarma Uzman Jandarma V. Kademeli Çavuş,Adana,"Adana, Ceyhan",,2020-07-18,Diğer,T.C. Jandarma Genel Komutanlığı Şehit Bilgi Sorgulama,https://sehitlerimiz.org.tr/sehit/alper-yaman-104132
252351de4a0968bd1599dd4f,Ali Konukcu,Hasan,Jandarma Uzman Çavuş,Konya,Konya,,2020-07-24,Diğer,T.C. Jandarma Genel Komutanlığı Şehit Bilgi Sorgulama,https://sehitlerimiz.org.tr/sehit/ali-konukcu-104131
6cab2f14f68d79fea28cda16,Nihat Ceylan,Muhlis,Jandarma Astsubay Kıdemli Başçavuş,Ağrı,,,2020-08-08,Diğer,T.C. Jandarma Genel Komutanlığı Şehit Bilgi Sorgulama,https://sehitlerimiz.org.tr/sehit/nihat-ceylan-104039
cf943e82e7b55c15dbd128ce,Kurtuluş Kaya,Baddal,Jandarma Astsubay II. Kademeli Kıdemli Başçavuş,Kırşehir,Kırşehir,,2020-08-10,Diğer,T.C. Jandarma Genel Komutanlığı Şehit Bilgi Sorgulama,https://sehitlerimiz.org.tr/sehit/kurtulus-kaya-104130
8b236b6d22d31994ccea2a35,Erdem Çıtır,Mahmut,Jandarma Uzman Jandarma VII. Kademeli Çavuş,Ordu,"Ordu, Çamaş",,2020-08-23,Diğer,T.C. Jandarma Genel Komutanlığı Şehit Bilgi Sorgulama,https://sehitlerimiz.org.tr/sehit/erdem-citir-104128
b85d6735ed702087886a617c,Onur Kıran,Müjdat,Jandarma Uzman Çavuş,Çanakkale,Çanakkale,,2020-08-23,Diğer,T.C. Jandarma Genel Komutanlığı Şehit Bilgi Sorgulama,https://sehitlerimiz.org.tr/sehit/onur-kiran-104129
47e9891170e148f6bdb0bf0d,Burak Tok,Kadir,Jandarma Uzman Çavuş,Gümüşhane,Gümüşhane,,2020-08-24,Diğer,T.C. Jandarma Genel Komutanlığı Şehit Bilgi Sorgulama,https://sehitlerimiz.org.tr/sehit/burak-tok-104127
1fd290e98f2e33ed0f13c392,Çetin Ak,Ahmet,Jandarma Uzman Çavuş,Ordu,Ordu,,2020-08-27,Diğer,T.C. Jandarma Genel Komutanlığı Şehit Bilgi Sorgulama,https://sehitlerimiz.org.tr/sehit/cetin-ak-104126
3888033fcd56d5a4d49198be,Aykut Variyenli,Ali,Jandarma Uzman Çavuş,Adana,Adana,,2020-08-30,Diğer,T.C. Jandarma Genel Komutanlığı Şehit Bilgi Sorgulama,https://sehitlerimiz.org.tr/sehit/aykut-variyenli-104125
7bd2cb3ccf7488d1e7a1d1d3,Sami Yılmaz,Hamit,Jandarma Uzman Çavuş,Osmaniye,Osmaniye,,2020-09-04,Diğer,T.C. Jandarma Genel Komutanlığı Şehit Bilgi Sorgulama,https://sehitlerimiz.org.tr/sehit/sami-yilmaz-104124
f55727224c36ebf3f7e2abe2,Mahmut Top,Şevket,Jandarma Kıdemli Yüzbaşı,Samsun,Samsun,,2020-09-11,Terörle Mücadele,T.C. Jandarma Genel Komutanlığı Şehit Bilgi Sorgulama,https://sehitlerimiz.org.tr/sehit/mahmut-top-104121
ca6b9519d3819031059e6624,Sezer Uçar,Hasan,Jandarma Uzman Çavuş,Hatay,Hatay,,2020-09-11,Terörle Mücadele,T.C. Jandarma Genel Komutanlığı Şehit Bilgi Sorgulama,https://sehitlerimiz.org.tr/sehit/sezer-ucar-104122
8c2c9d28c3ac0d978f9784fc,Yusuf Uyar,Sabri,Jandarma Uzman Çavuş,Afyonkarahisar,Afyonkarahisar,,2020-09-11,Terörle Mücadele,T.C. Jandarma Genel Komutanlığı Şehit Bilgi Sorgulama,https://sehitlerimiz.org.tr/sehit/yusuf-uyar-104123
e2cb8cca585b649ac731aa86,Sinan Aktay,Salih,Jandarma Astsubay Kıdemli Çavuş,Konya,Konya,,2020-09-13,Terörle Mücadele,T.C. Jandarma Genel Komutanlığı Şehit Bilgi Sorgulama,https://sehitlerimiz.org.tr/sehit/sinan-aktay-104120
5eabb4a4c2ba2335e4c36db8,Hüseyin Yırtıcı,Abdi,Jandarma Uzman Çavuş,Hatay,Hatay,,2020-10-04,Terörle Mücadele,T.C. Jandarma Genel Komutanlığı Şehit Bilgi Sorgulama,https://sehitlerimiz.org.tr/sehit/huseyin-yirtici-104119
d2c94c5beb258b04978d02fa,Orkun Eyice,İsmail,Jandarma Uzman Onbaşı,Ordu,"Ordu, Kumru",,2020-10-06,Diğer,T.C. Jandarma Genel Komutanlığı Şehit Bilgi Sorgulama,https://sehitlerimiz.org.tr/sehit/orkun-eyice-104118
50b568e2efb188061f479130,Emre Dokumacı,Hüseyin,Jandarma Astsubay Kıdemli Çavuş,Çorum,Çorum,,2020-10-10,Terörle Mücadele,T.C. Jandarma Genel Komutanlığı Şehit Bilgi Sorgulama,https://sehitlerimiz.org.tr/sehit/emre-dokumaci-104117
7d7ff6c106aaad00f4d80c3c,Cumhur Tokuş,Derya,Jandarma Uzman Çavuş,Adana,Adana,,2020-11-18,Diğer,T.C. Jandarma Genel Komutanlığı Şehit Bilgi Sorgulama,https://sehitlerimiz.org.tr/sehit/cumhur-tokus-104116
137ee1b814067b6b63c179c5,Metin Sarıkol,Abdulmecit,Jandarma Uzman Jandarma VIII. Kademeli Çavuş,Osmaniye,,,2020-12-10,Diğer,T.C. Jandarma Genel Komutanlığı Şehit Bilgi Sorgulama,https://sehitlerimiz.org.tr/sehit/metin-sarikol-104021
e640d4f14f780b26615063c0,Oğuzhan Anar,Adem,Jandarma Uzman Çavuş,Çorum,Çorum,,2020-12-10,Terörle Mücadele,T.C. Jandarma Genel Komutanlığı Şehit Bilgi Sorgulama,https://sehitlerimiz.org.tr/sehit/oguzhan-anar-104115
18e97d66447b43057d2046be,Yasin Kurt,Ziya,Jandarma Yüzbaşı,Antalya,Antalya,,2020-12-10,Terörle Mücadele,T.C. Jandarma Genel Komutanlığı Şehit Bilgi Sorgulama,https://sehitlerimiz.org.tr/sehit/yasin-kurt-104114
d15cd7513320558bfd35f5c0,Sezgin Erbaş,Mehmet Ecevit,Jandarma Er,Hakkâri,,,2020-12-28,Diğer,T.C. Jandarma Genel Komutanlığı Şehit Bilgi Sorgulama,https://sehitlerimiz.org.tr/sehit/sezgin-erbas-104020
6fc55e0a5a10f88d1607e64d,Selim Gedik,,Piyade Er,Sakarya,Sakarya,,2021-01-19,Terörle Mücadele,Anadolu Ajansı,https://sehitlerimiz.org.tr/sehit/selim-gedik-102782
43b5caf565ced0befc034a90,Süleyman Demirel,Mehmet,Jandarma Astsubay Kademeli Kıdemli Başçavuş,Afyonkarahisar,Afyonkarahisar,,2021-02-04,Terörle Mücadele,T.C. Jandarma Genel Komutanlığı Şehit Bilgi Sorgulama,https://sehitlerimiz.org.tr/sehit/suleyman-demirel-104113
4647b7e84b8484e5021fd6ab,Semih Özbey,,Astsubay Başçavuş,Malatya,Malatya,01.06.1993,2021-02-11,Terörle Mücadele,terorsehitleri.com,https://sehitlerimiz.org.tr/sehit/semih-ozbey-102945
df7e03963f8ad05a3f597b3a,Mevlüt Kahveci,Alişan,Jandarma Uzman Çavuş,Eskişehir,Eskişehir,,2021-02-13,Terörle Mücadele,T.C. Jandarma Genel Komutanlığı Şehit Bilgi Sorgulama,https://sehitlerimiz.org.tr/sehit/mevlut-kahveci-104110
8dc85ce2f0472f4412606167,Sedat Sorgun,Nihat,Jandarma Er,Erzurum,Erzurum,,2021-02-13,Terörle Mücadele,T.C. Jandarma Genel Komutanlığı Şehit Bilgi Sorgulama,https://sehitlerimiz.org.tr/sehit/sedat-sorgun-104111
9418181f0b22c1bd2707d876,Süleyman Sungur,Mehmet Salih,Jandarma Er,Siirt,Siirt,,2021-02-13,Terörle Mücadele,T.C. Jandarma Genel Komutanlığı Şehit Bilgi Sorgulama,https://sehitlerimiz.org.tr/sehit/suleyman-sungur-104112
4abd2f9604c4aea97b02624f,Ümit Gıcır,Musa,Jandarma Uzman Jandarma III. Kademeli Çavuş,Balıkesir,Balıkesir,,2021-02-13,Terörle Mücadele,T.C. Jandarma Genel Komutanlığı Şehit Bilgi Sorgulama,https://sehitlerimiz.org.tr/sehit/umit-gicir-104109
dca7f88c2e4030e50681671b,Cihat Çevik,İbrahim,Jandarma Astsubay Çavuş,Karaman,Karaman,,2021-04-02,Diğer,T.C. Jandarma Genel Komutanlığı Şehit Bilgi Sorgulama,https://sehitlerimiz.org.tr/sehit/cihat-cevik-104108
55ff2ae23968dece44c7a310,Gökhan Çakır,,Piyade Komando Uzman Onbaşı,Bursa,Bursa İnegöl,,2021-04-08,Terörle Mücadele,Bursa Valiliği,https://sehitlerimiz.org.tr/sehit/gokhan-cakir-102946
10cadfcffc267c457bdd4fd6,Tevfik Yasin Keser,,Ulaştırma Eri,Mersin,Mersin,,2021-04-08,Diğer,Seydişehir Haber,https://sehitlerimiz.org.tr/sehit/tevfik-yasin-keser-103029
93236c02299a465b0a58263e,Mehmet Kıvık,,Piyade Teğmen,İzmir,İzmir Menderes,19.06.1994,2021-04-26,Terörle Mücadele,sehitmehmetkivik.com,https://sehitlerimiz.org.tr/sehit/mehmet-kivik-102935
f4ad64479ce7b4e19b2f216a,Erol Bal,,Komiser,,,,2021-05-04,Polis Şehidi,EGM Özel Harekat Başkanlığı,https://sehitlerimiz.org.tr/sehit/erol-bal-103103
ab03e223af040725e00be5a1,Ali Er,,4. Sınıf Emniyet Müdürü,,,,2021-05-05,Polis Şehidi,EGM Özel Harekat Başkanlığı,https://sehitlerimiz.org.tr/sehit/ali-er-103117
215498e4f244f3465a128e2c,Hüseyin Karakuş,,Polis Memuru,,,,2021-05-05,Polis Şehidi,EGM Özel Harekat Başkanlığı,https://sehitlerimiz.org.tr/sehit/huseyin-karakus-103116
f88660c3b7cf7064e5000d5d,İshak Çelik,,Polis Memuru,,,,2021-05-05,Polis Şehidi,EGM Özel Harekat Başkanlığı,https://sehitlerimiz.org.tr/sehit/ishak-celik-103115
bc77bed1fbe5de32c0b81eef,Yılmaz Allahverdi,,Başkomiser,,,,2021-05-06,Polis Şehidi,EGM Özel Harekat Başkanlığı,https://sehitlerimiz.org.tr/sehit/yilmaz-allahverdi-103102
04678d60e29a323ef8eaedb0,Hüseyin Keleş,Hasan,Jandarma Uzman Çavuş,Ankara,Ankara,,2021-05-29,Terörle Mücadele,T.C. Jandarma Genel Komutanlığı Şehit Bilgi Sorgulama,https://sehitlerimiz.org.tr/sehit/huseyin-keles-104107
68a5bf1363111ce84d3ecc0e,Baki Koçak,Şevket,Jandarma Teğmen,Yozgat,Yozgat,,2021-06-02,Terörle Mücadele,T.C. Jandarma Genel Komutanlığı Şehit Bilgi Sorgulama,https://sehitlerimiz.org.tr/sehit/baki-kocak-104106
324e479d24765bb15bdc17ba,Egemen Öztürk,Orhan,Jandarma Astsubay Kıdemli Çavuş,İzmir,İzmir,,2021-06-08,Diğer,T.C. Jandarma Genel Komutanlığı Şehit Bilgi Sorgulama,https://sehitlerimiz.org.tr/sehit/egemen-ozturk-104105
8553bf79ac50b8aa8c055d9e,Kemal Yılmaz,,Polis Memuru,,,,2021-06-22,Polis Şehidi,EGM Özel Harekat Başkanlığı,https://sehitlerimiz.org.tr/sehit/kemal-yilmaz-103105
a045a3b2975c6b98551d0d35,Mustafa Büyükpoyraz,,Polis Memuru,,,,2021-06-22,Polis Şehidi,EGM Özel Harekat Başkanlığı,https://sehitlerimiz.org.tr/sehit/mustafa-buyukpoyraz-103104
99db05c5172e8b3e0a4288f1,Cebrail Aksöz,,Polis Memuru,,,,2021-06-23,Polis Şehidi,EGM Özel Harekat Başkanlığı,https://sehitlerimiz.org.tr/sehit/cebrail-aksoz-103106
2e62b29a2710eae80b2f8b83,Oğuzhan Günaydın,,Polis Memuru,,,,2021-06-23,Polis Şehidi,EGM Özel Harekat Başkanlığı,https://sehitlerimiz.org.tr/sehit/oguzhan-gunaydin-103100
cc7017a82f3123f3b4803af0,Serkan Talan,,Polis Memuru,,,,2021-06-25,Polis Şehidi,EGM Özel Harekat Başkanlığı,https://sehitlerimiz.org.tr/sehit/serkan-talan-103108
f4af452bc1b72c3c38b53189,Yasin Boran,,Polis Memuru,,,,2021-06-25,Polis Şehidi,EGM Özel Harekat Başkanlığı,https://sehitlerimiz.org.tr/sehit/yasin-boran-103107
74b4640783a5f6013b34c357,Yaşar Yavaş,,Polis Memuru,,,,2021-06-25,Polis Şehidi,EGM Özel Harekat Başkanlığı,https://sehitlerimiz.org.tr/sehit/yasar-yavas-103109
02b46260c20737ade695a4f7,Zafer Kurt,,Emniyet Amiri,,,,2021-06-25,Polis Şehidi,EGM Özel Harekat Başkanlığı,https://sehitlerimiz.org.tr/sehit/zafer-kurt-103110
394ff95bf19498f66c85c08e,Akif Altay,,Polis Memuru,,,,2021-06-29,Polis Şehidi,EGM Özel Harekat Başkanlığı,https://sehitlerimiz.org.tr/sehit/akif-altay-103111
879a09552f4bb3adf16cd066,Ramazan Akyürek,,Polis Memuru,,,,2021-06-29,Polis Şehidi,EGM Özel Harekat Başkanlığı,https://sehitlerimiz.org.tr/sehit/ramazan-akyurek-103112
a3f21faea631935b54bc066e,Recep Emre Yılmaz,,Polis Memuru,,,,2021-06-30,Polis Şehidi,EGM Özel Harekat Başkanlığı,https://sehitlerimiz.org.tr/sehit/recep-emre-yilmaz-103113
9bd4a813ad843bd1fef1c3a3,Tufan Kansuva,,4. Sınıf Emniyet Müdürü,,,,2021-06-30,Polis Şehidi,EGM Özel Harekat Başkanlığı,https://sehitlerimiz.org.tr/sehit/tufan-kansuva-103114
7999dd6381520df9b84283ef,Şükrü Can Kayadibi,,Komiser Yardımcısı,,,,2021-06-30,Polis Şehidi,EGM Özel Harekat Başkanlığı,https://sehitlerimiz.org.tr/sehit/sukru-can-kayadibi-103101
7b3b4f98c3e045e057ea0bab,Mehmet Zahit Akkamış,Selami,Jandarma Uzman Çavuş,Tekirdağ,,,2021-07-03,Diğer,T.C. Jandarma Genel Komutanlığı Şehit Bilgi Sorgulama,https://sehitlerimiz.org.tr/sehit/mehmet-zahit-akkamis-104010
182b982c8571551a0eddf7c1,Murat Ekici,Gaffari,Jandarma Uzman Jandarma VII. Kademeli Çavuş,Adıyaman,Adıyaman,,2021-07-09,Diğer,T.C. Jandarma Genel Komutanlığı Şehit Bilgi Sorgulama,https://sehitlerimiz.org.tr/sehit/murat-ekici-104104
a4ec72e761f01ed80ccfdffa,Muhammed Öztürk,,Piyade Er,Kastamonu,Kastamonu Taşköprü,,2021-08-15,Terörle Mücadele,Sözcü,https://sehitlerimiz.org.tr/sehit/muhammed-ozturk-102781
3ea56e8b5cb99240d3169ff5,Mücahit Sınırtepe,,Piyade Uzman Çavuş,Kayseri,Kayseri,,2021-09-10,Terörle Mücadele,TRT Haber,https://sehitlerimiz.org.tr/sehit/mucahit-sinirtepe-102775
32a10dc7600644093a1de387,Burak Tortumlu,Süleyman,Jandarma Uzman Çavuş,Erzurum,Erzurum,,2021-10-21,Terörle Mücadele,T.C. Jandarma Genel Komutanlığı Şehit Bilgi Sorgulama,https://sehitlerimiz.org.tr/sehit/burak-tortumlu-104103
2e0a165bb2501f6fae3ec978,Celil Mutlu,,Jandarma Astsubay Üstçavuş,Mersin,Mersin Erdemli,,2021-12-03,Terörle Mücadele,İçişleri Bakanlığı / Mersin Valiliği,https://sehitlerimiz.org.tr/sehit/celil-mutlu-103127
77cc962e91eef110ecdb073f,Ali Sarı,,Piyade Uzman Çavuş,Balıkesir,Balıkesir Edremit,,2021-12-10,Terörle Mücadele,Aile ve Sosyal Hizmetler Bakanlığı Balıkesir,https://sehitlerimiz.org.tr/sehit/ali-sari-102776
80163cd1473b31343f780fa8,Ayberk Soyutemiz,Yakup,Jandarma Uzman Çavuş,Kırşehir,Kırşehir,,2022-01-16,Diğer,T.C. Jandarma Genel Komutanlığı Şehit Bilgi Sorgulama,https://sehitlerimiz.org.tr/sehit/ayberk-soyutemiz-104102
cbaf45baf7e9aa51814a3944,Mürsel Sunal,Memet,Jandarma Uzman Çavuş,Van,Van,,2022-02-28,Diğer,T.C. Jandarma Genel Komutanlığı Şehit Bilgi Sorgulama,https://sehitlerimiz.org.tr/sehit/mursel-sunal-104101
8b86586ac22e0449f7348506,İsmail Ergin,Abdullah,Jandarma Uzman Çavuş,Tokat,,,2022-03-04,Diğer,T.C. Jandarma Genel Komutanlığı Şehit Bilgi Sorgulama,https://sehitlerimiz.org.tr/sehit/ismail-ergin-104004
16341f894cfdacdda35b1d31,Birol İli,,Polis Memuru,,,,2022-03-22,,EGM Özel Harekât — Şehitlerimiz,https://sehitlerimiz.org.tr/sehit/birol-ili-101227
45f340ad7e72bc5318631fcf,Necati Aygün,,Polis Memuru,,,,2022-03-22,,EGM Özel Harekât — Şehitlerimiz,https://sehitlerimiz.org.tr/sehit/necati-aygun-101228
edc6e8b6f6320be4d585cdb6,Burak Şahin,Hamdi,Jandarma Astsubay Çavuş,İstanbul,İstanbul,,2022-04-09,Diğer,T.C. Jandarma Genel Komutanlığı Şehit Bilgi Sorgulama,https://sehitlerimiz.org.tr/sehit/burak-sahin-104100
6a4e2f56ac18b8a10c9aa2ad,Yusuf Avan,Adem,Jandarma Uzman Çavuş,Osmaniye,Osmaniye,,2022-04-09,Diğer,T.C. Jandarma Genel Komutanlığı Şehit Bilgi Sorgulama,https://sehitlerimiz.org.tr/sehit/yusuf-avan-104099
6995bea715bddcf0dafab0b4,Aytaç Altunörs,,Polis Memuru,,,,2022-04-22,,EGM Özel Harekât — Şehitlerimiz,https://sehitlerimiz.org.tr/sehit/aytac-altunors-101226
536c10be0fa232a046815f3f,Bekir Can Kerek,,Piyade Teğmen,Denizli,Denizli,,2022-04-22,Pençe-Kilit Harekâtı (2022),Millî Savunma Bakanlığı,https://sehitlerimiz.org.tr/sehit/bekir-can-kerek-102734
37e5dbc0dd6ad3b55772b8f0,Doğukan Korkmaz,,Piyade Sözleşmeli Er,Zonguldak,"Zonguldak, Ereğli",,2022-04-26,Pençe-Kilit Harekâtı (2022),Karadeniz Ereğli Kaymakamlığı; Anadolu Ajansı,https://sehitlerimiz.org.tr/sehit/dogukan-korkmaz-103759
e7593ae0688bc53e4e1d13b9,Fırat Canlı,,Veteriner Sözleşmeli Er,Kahramanmaraş,Kahramanmaraş,,2022-04-26,Pençe-Kilit Harekâtı (2022),Anadolu Ajansı,https://sehitlerimiz.org.tr/sehit/firat-canli-103760
0960b92a4c742ff07b18e0c4,Yunus Kalkan,,Sözleşmeli Er,Hatay,"Hatay, Yayladağı",,2022-04-26,Pençe-Kilit Harekâtı (2022),Anadolu Ajansı,https://sehitlerimiz.org.tr/sehit/yunus-kalkan-103761
0dc49d4bdde146bbb6bfc2b9,Fatih Berkay Akgün,Fikri,Jandarma Uzman Çavuş,Tekirdağ,Tekirdağ,,2022-04-30,Diğer,T.C. Jandarma Genel Komutanlığı Şehit Bilgi Sorgulama,https://sehitlerimiz.org.tr/sehit/fatih-berkay-akgun-104098
f7a6dc1df1c85314d981e07e,İsmail Can Akdeniz,Hüseyin,Jandarma Teğmen,Adana,Adana,,2022-05-01,Terörle Mücadele,T.C. Jandarma Genel Komutanlığı Şehit Bilgi Sorgulama,https://sehitlerimiz.org.tr/sehit/ismail-can-akdeniz-104097
02d0c99f0bfd3a8e2674ea21,Muharrem Efendi Dündar,Mustafa,Jandarma Uzman Çavuş,Yozgat,Yozgat,,2022-05-07,Diğer,T.C. Jandarma Genel Komutanlığı Şehit Bilgi Sorgulama,https://sehitlerimiz.org.tr/sehit/muharrem-efendi-dundar-104096
96f6b7020d71315931a410ac,Nuri Melih Bozkurt,,Piyade Üsteğmen,Çorum,Çorum,,2022-05-28,Pençe-Kilit Harekâtı (2022),MSB / Terör Şehit ve Gazileri,https://sehitlerimiz.org.tr/sehit/nuri-melih-bozkurt-103134
0adf58db20be5cd848d64a20,Ercan Özcan,Abdullah,Jandarma Uzman Çavuş,Balıkesir,"Balıkesir, Altıeylül",,2022-05-31,Terörle Mücadele,T.C. Jandarma Genel Komutanlığı Şehit Bilgi Sorgulama,https://sehitlerimiz.org.tr/sehit/ercan-ozcan-104095
9f55a2f4d918d312fda098f3,Güngör Gençer,Ali,Jandarma Astsubay Üstçavuş,Niğde,Niğde,,2022-06-14,Diğer,T.C. Jandarma Genel Komutanlığı Şehit Bilgi Sorgulama,https://sehitlerimiz.org.tr/sehit/gungor-gencer-104094
8eaa4eecc790060eda1a7b13,Oğuzhan Arduç,İbrahim,Jandarma Astsubay Kıdemli Çavuş,Eskişehir,Eskişehir,,2022-06-23,Terörle Mücadele,T.C. Jandarma Genel Komutanlığı Şehit Bilgi Sorgulama,https://sehitlerimiz.org.tr/sehit/oguzhan-arduc-104092
8f1a4ac91f7d3596ee1fcad2,Turgut İçen,İdris,Jandarma Uzman Çavuş,İzmir,"İzmir, Ödemiş",,2022-06-23,Terörle Mücadele,T.C. Jandarma Genel Komutanlığı Şehit Bilgi Sorgulama,https://sehitlerimiz.org.tr/sehit/turgut-icen-104093
cb4dee5d28b5fe655e4b311b,Mustafa Gümüş,Ahmet,Jandarma Astsubay Çavuş,Kars,,,2022-06-30,Diğer,T.C. Jandarma Genel Komutanlığı Şehit Bilgi Sorgulama,https://sehitlerimiz.org.tr/sehit/mustafa-gumus-103994
465e19deea628caa4a26f487,Halis Keskin,Kamil Mehmet,Piyade Teğmen,Bursa,"Bursa, Büyükorhan",,2022-07-02,Diğer,Sözcü; Millî Savunma Bakanlığı açıklaması,https://sehitlerimiz.org.tr/sehit/halis-keskin-104047
76d731538da706505f169cbf,Nurettin Tokyürek,,Piyade Uzman Çavuş,Erzurum,Erzurum,,2022-07-07,Pençe-Kilit Harekâtı (2022),Erzurum Valiliği,https://sehitlerimiz.org.tr/sehit/nurettin-tokyurek-102938
f16fe9e3efc739eccc6a01a1,Selahattin Taşkın,,Piyade Uzman Çavuş,,,,2022-07-17,Pençe-Kilit Harekâtı (2022),T.C. Millî Savunma Bakanlığı,https://sehitlerimiz.org.tr/sehit/selahattin-taskin-102953
c389ee4014cc51f300a071a3,Ömer Faruk Civelek,,Piyade Teğmen,Sakarya,Sakarya Karasu,,2022-07-17,Pençe-Kilit Harekâtı (2022),T.C. Millî Savunma Bakanlığı,https://sehitlerimiz.org.tr/sehit/omer-faruk-civelek-102952
60b210aaa677de4b3bbbdea4,Mustafa Bozkurt,Mehmet,Jandarma Uzman Jandarma VII. Kademeli Çavuş,Kayseri,Kayseri,,2022-07-18,Terörle Mücadele,T.C. Jandarma Genel Komutanlığı Şehit Bilgi Sorgulama,https://sehitlerimiz.org.tr/sehit/mustafa-bozkurt-104091
f3690b9ba38f9ca1910e47bc,Ümit Kesti,,Piyade Uzman Çavuş,Ordu,Ordu Fatsa,,2022-09-05,Pençe-Kilit Harekâtı (2022),Haberler.com; Sabah,https://sehitlerimiz.org.tr/sehit/umit-kesti-102864
91563ebf0d3488339d477358,Osman Özsoy,Battal,Jandarma Uzman Çavuş,Kayseri,Kayseri,,2022-09-25,Diğer,T.C. Jandarma Genel Komutanlığı Şehit Bilgi Sorgulama,https://sehitlerimiz.org.tr/sehit/osman-ozsoy-104090
dccd71c8818b5c1044af204e,Hüseyin Cerit,Hamza,Jandarma Uzman Jandarma VII. Kademeli Çavuş,Kayseri,Kayseri,,2022-10-03,Diğer,T.C. Jandarma Genel Komutanlığı Şehit Bilgi Sorgulama,https://sehitlerimiz.org.tr/sehit/huseyin-cerit-104089
c2eb5e9ef68605d3132a9d9c,Kürşat Sert,Şahap,Jandarma Uzman Çavuş,Kahramanmaraş,Kahramanmaraş,,2022-10-13,Terörle Mücadele,T.C. Jandarma Genel Komutanlığı Şehit Bilgi Sorgulama,https://sehitlerimiz.org.tr/sehit/kursat-sert-104088
c1310ae069aee4994c59f3c2,Mustafa Çalışgan,,Polis Memuru,,,,2022-10-24,,EGM Özel Harekât — Şehitlerimiz,https://sehitlerimiz.org.tr/sehit/mustafa-calisgan-101225
3b2daf01acfeebf64923d68e,Arzu Özsoy,,Öğretmen,İstanbul,İstanbul,1984,2022-11-13,Terörle Mücadele Harekâtı (2022),Millî Eğitim Bakanlığı — Şehit Öğretmenlerimiz,https://sehitlerimiz.org.tr/sehit/arzu-ozsoy-103945
0895ddea07bf849653bb5475,Duabey Onur Öztürkmen,,Piyade Teğmen,Gaziantep,Gaziantep Nizip,,2022-11-25,Pençe-Kilit Harekâtı (2022),Millî Savunma Üniversitesi; İstanbul Valiliği,https://sehitlerimiz.org.tr/sehit/duabey-onur-ozturkmen-102732
4a8a5cc5bfb370db665e376d,Tunahan Yavuz,,Piyade Komando Üsteğmen,Bursa,Bursa,,2022-12-15,Pençe-Kilit Harekâtı (2022),Anadolu Ajansı,https://sehitlerimiz.org.tr/sehit/tunahan-yavuz-102733
e3d210581ce9cd2c48ff7de2,Eren Öztürk,Mahmut,Jandarma Uzman Çavuş,Adana,Adana,,2023-01-17,Diğer,T.C. Jandarma Genel Komutanlığı Şehit Bilgi Sorgulama,https://sehitlerimiz.org.tr/sehit/eren-ozturk-104087
b31589bf93d69f5a8edc609f,Yasin Eroğlu,Hasan,Jandarma Uzman Çavuş,Adana,Adana,,2023-01-17,Diğer,T.C. Jandarma Genel Komutanlığı Şehit Bilgi Sorgulama,https://sehitlerimiz.org.tr/sehit/yasin-eroglu-104086
89444aa723e44be76b6796bd,İlhan Kesekler,Bedri,Jandarma Astsubay II. Kademeli Kıdemli Başçavuş,Antalya,Antalya,,2023-02-28,Diğer,T.C. Jandarma Genel Komutanlığı Şehit Bilgi Sorgulama,https://sehitlerimiz.org.tr/sehit/ilhan-kesekler-104085
df67e7f5e511e6b3cd98545b,Oğuzhan Adalıoğlu,Bekir,Jandarma Pilot Kıdemli Albay,Eskişehir,Eskişehir,,2023-03-07,Diğer,T.C. Jandarma Genel Komutanlığı Şehit Bilgi Sorgulama,https://sehitlerimiz.org.tr/sehit/oguzhan-adalioglu-104084
b3eaf0d29a42866987d6e80a,Tansu Çolak,Ahmet,Jandarma Astsubay Kıdemli Çavuş,Balıkesir,Balıkesir,,2023-04-07,Diğer,T.C. Jandarma Genel Komutanlığı Şehit Bilgi Sorgulama,https://sehitlerimiz.org.tr/sehit/tansu-colak-104083
aab78c3df3839fbd0a9f1091,Mehmet Gündüz,Metin,Jandarma Astsubay Üstçavuş,Tokat,Tokat,,2023-04-28,Terörle Mücadele,T.C. Jandarma Genel Komutanlığı Şehit Bilgi Sorgulama,https://sehitlerimiz.org.tr/sehit/mehmet-gunduz-104082
b1c259c7c500994835798e25,Oğuzhan Kabayel,Yaşar,Jandarma Uzman Onbaşı,Isparta,Isparta,,2023-05-07,Diğer,T.C. Jandarma Genel Komutanlığı Şehit Bilgi Sorgulama,https://sehitlerimiz.org.tr/sehit/oguzhan-kabayel-104081
fcd785642f1ed3285787f3ce,Bayram Doğan,Necaattin,Jandarma Uzman Çavuş,Tokat,Tokat,,2023-05-16,Terörle Mücadele,T.C. Jandarma Genel Komutanlığı Şehit Bilgi Sorgulama,https://sehitlerimiz.org.tr/sehit/bayram-dogan-104077
8ffef109b2a99f683173e217,Gaffar Mayik,Hasan,Jandarma Uzman Çavuş,Şanlıurfa,"Şanlıurfa, Bozova",,2023-05-16,Terörle Mücadele,T.C. Jandarma Genel Komutanlığı Şehit Bilgi Sorgulama,https://sehitlerimiz.org.tr/sehit/gaffar-mayik-104079
2584d6e55a4dde81f1297e31,Serkan Ölmez,Mehmet,Jandarma Uzman Çavuş,Mersin,Mersin,,2023-05-16,Terörle Mücadele,T.C. Jandarma Genel Komutanlığı Şehit Bilgi Sorgulama,https://sehitlerimiz.org.tr/sehit/serkan-olmez-104078
64216e24f56d942565cfc128,Özcan İlhan,Nevzat,Jandarma Uzman Çavuş,İstanbul,İstanbul,,2023-05-16,Terörle Mücadele,T.C. Jandarma Genel Komutanlığı Şehit Bilgi Sorgulama,https://sehitlerimiz.org.tr/sehit/ozcan-ilhan-104080
7cc48015c2e7a9c500885609,Aydın Ceylan,Bekir,Jandarma Uzman Çavuş,Çanakkale,Çanakkale,,2023-06-07,Terörle Mücadele,T.C. Jandarma Genel Komutanlığı Şehit Bilgi Sorgulama,https://sehitlerimiz.org.tr/sehit/aydin-ceylan-104076
b2e2ab7f0cdd6ca593d8190b,Mustafa Tatlı,Mustafa,Jandarma Astsubay Kıdemli Çavuş,Kahramanmaraş,"Kahramanmaraş, Onikişubat",,2023-07-31,Diğer,T.C. Jandarma Genel Komutanlığı Şehit Bilgi Sorgulama,https://sehitlerimiz.org.tr/sehit/mustafa-tatli-104075
9b72e6fb58d219f8513d3b0d,Burak Can Güngör,Feyyaz,Jandarma Uzman Çavuş,Adana,Adana,,2023-08-16,Diğer,T.C. Jandarma Genel Komutanlığı Şehit Bilgi Sorgulama,https://sehitlerimiz.org.tr/sehit/burak-can-gungor-104074
ac24c25711459770db99c19f,Yusuf Çağatay Sanalp,,Polis Memuru,,,,2023-08-18,,EGM Özel Harekât — Şehitlerimiz,https://sehitlerimiz.org.tr/sehit/yusuf-cagatay-sanalp-101224
fd2930846cb1cbb0011994cb,Hasan Bozkurt,Remzi,Jandarma Astsubay Kademeli Kıdemli Başçavuş,Hatay,Hatay,,2023-09-20,Diğer,T.C. Jandarma Genel Komutanlığı Şehit Bilgi Sorgulama,https://sehitlerimiz.org.tr/sehit/hasan-bozkurt-104073
6183e07f2fd8a961d4683abe,Ertuğrul Kırık,,Özel Harekât Polis Memuru,Erzurum,Erzurum Aşkale,,2023-10-05,Polis Şehidi,Erzurum Valiliği,https://sehitlerimiz.org.tr/sehit/ertugrul-kirik-102822
3f0c457c621c60ee98a3d8c4,Hüseyin Şimşek,,Kıdemli Başpolis Memuru,,,,2023-10-05,,EGM Özel Harekât — Şehitlerimiz,https://sehitlerimiz.org.tr/sehit/huseyin-simsek-101223
db8aa5d2e6e137d74e39d9d8,Eril Alperen Emir,,Piyade Teğmen,Ankara,Ankara,,2023-12-12,Pençe-Kilit Harekâtı (2023),NTV,https://sehitlerimiz.org.tr/sehit/eril-alperen-emir-102735
807a493168c45a646e312c0a,Mustafa Fatih Yetişen,Kemal,Jandarma Uzman Çavuş,Adana,"Adana, Sarıçam",,2023-12-14,Diğer,T.C. Jandarma Genel Komutanlığı Şehit Bilgi Sorgulama,https://sehitlerimiz.org.tr/sehit/mustafa-fatih-yetisen-104072
95ca365f542e062e2f7d89e7,Musab Haciömer Elmas,Mehmet,Jandarma Uzman Çavuş,Malatya,Malatya,,2023-12-15,Diğer,T.C. Jandarma Genel Komutanlığı Şehit Bilgi Sorgulama,https://sehitlerimiz.org.tr/sehit/musab-haciomer-elmas-104071
b4e3c9d842312eebfe80ffef,Ramazan Günay,,Piyade Teğmen,Afyonkarahisar,Afyonkarahisar Sinanpaşa,,2023-12-22,Pençe-Kilit Harekâtı (2023),Afyonkarahisar Valiliği; Anadolu Ajansı,https://sehitlerimiz.org.tr/sehit/ramazan-gunay-102736
22748e24b5726a49cda0802a,Kemal Aslan,,Sözleşmeli Er (41. Komando Tugayı),Elazığ,Elazığ,,2023-12-23,Pençe-Kilit Harekâtı (2023),Habertürk; Terör Şehitleri,https://sehitlerimiz.org.tr/sehit/kemal-aslan-102737
6b1fa53b4397a5e07f7b1592,Gökhan Delen,,Piyade Üsteğmen,Aksaray,Aksaray,,2024-01-12,Pençe-Kilit Harekâtı (2024),MSB / Aksaray Valiliği,https://sehitlerimiz.org.tr/sehit/gokhan-delen-103126
659e119a4d5bcd3cf5323c6c,Cemil Gülen,,,,,,2024-02-03,,EGM Havacılık Dairesi — Şehitlerimiz,https://sehitlerimiz.org.tr/sehit/cemil-gulen-101280
887539e8f026ed5e846a51bb,Levent Öztürk,,,,,,2024-02-03,,EGM Havacılık Dairesi — Şehitlerimiz,https://sehitlerimiz.org.tr/sehit/levent-ozturk-101281
df423c51c09924d6ac0c85f8,Ahmet Tuğay,Ramazan,Jandarma Uzman Çavuş,Karaman,"Karaman, Ermenek",,2024-02-13,Diğer,T.C. Jandarma Genel Komutanlığı Şehit Bilgi Sorgulama,https://sehitlerimiz.org.tr/sehit/ahmet-tugay-104070
f8177963476be90019ac6693,Nebi Çullu,Osman,Jandarma Astsubay II. Kademeli Kıdemli Başçavuş,Adana,Adana,,2024-04-03,Diğer,T.C. Jandarma Genel Komutanlığı Şehit Bilgi Sorgulama,https://sehitlerimiz.org.tr/sehit/nebi-cullu-104069
f160e9861604b7973d7f8f72,Ensar Enes Ertaş,Tahir,Jandarma Uzman Çavuş,Hatay,"Hatay, Payas",,2024-04-30,Diğer,T.C. Jandarma Genel Komutanlığı Şehit Bilgi Sorgulama,https://sehitlerimiz.org.tr/sehit/ensar-enes-ertas-104068
b5162d2a78d2489dd28b7887,Mustafa Şen,,Jandarma Astsubay Çavuş,Antalya,Antalya Manavgat,,2024-04-30,Diğer,Anadolu Ajansı,https://sehitlerimiz.org.tr/sehit/mustafa-sen-102785
d28538907c85a4368f98c1fb,Mustafa Yaşar,Celal,Jandarma Astsubay Kademeli Kıdemli Başçavuş,Hatay,"Hatay, Hassa",,2024-05-02,Diğer,T.C. Jandarma Genel Komutanlığı Şehit Bilgi Sorgulama,https://sehitlerimiz.org.tr/sehit/mustafa-yasar-104067
c88e5dff99b59b89c0732bde,Cebrail Acar,,İstihkâm Uzman Çavuş,Konya,Konya Emirgazi,,2024-07-04,Pençe-Kilit Harekâtı (2024),Anadolu Ajansı; MSB,https://sehitlerimiz.org.tr/sehit/cebrail-acar-102738
b193e0c0a8843d83af4ff018,Muhammet Kalaz,İbrahim,Jandarma Astsubay Kıdemli Çavuş,Karabük,Karabük,,2024-08-08,Terörle Mücadele,T.C. Jandarma Genel Komutanlığı Şehit Bilgi Sorgulama,https://sehitlerimiz.org.tr/sehit/muhammet-kalaz-104066
1091e7a72e52c0c74d6e3eee,Yavuz Güney,Mustafa,Jandarma Uzman Çavuş,Ordu,"Ordu, Ünye",,2024-09-04,Diğer,T.C. Jandarma Genel Komutanlığı Şehit Bilgi Sorgulama,https://sehitlerimiz.org.tr/sehit/yavuz-guney-104065
4bdf9038305fddf711964595,Doğan Kızılateş,Tacettin,Jandarma Uzman Onbaşı,Tokat,Tokat,,2024-09-08,Diğer,T.C. Jandarma Genel Komutanlığı Şehit Bilgi Sorgulama,https://sehitlerimiz.org.tr/sehit/dogan-kizilates-104063
031dcad187c000f1a2e8b0e0,Mehmet Aykanat,Ercan,Jandarma Uzman Çavuş,Osmaniye,"Osmaniye, Kadirli",,2024-09-08,Diğer,T.C. Jandarma Genel Komutanlığı Şehit Bilgi Sorgulama,https://sehitlerimiz.org.tr/sehit/mehmet-aykanat-104064
51700c77609266e05715b93d,Orhan Burak Büyükçaylı,Osman Sacit,Jandarma Uzman Çavuş,Isparta,Isparta,,2024-09-08,Diğer,T.C. Jandarma Genel Komutanlığı Şehit Bilgi Sorgulama,https://sehitlerimiz.org.tr/sehit/orhan-burak-buyukcayli-104062
a8cecad169ccc9971c251768,Ömer Eroğlu,Ali,Jandarma Uzman Çavuş,Zonguldak,"Zonguldak, Ereğli",,2024-09-08,Diğer,T.C. Jandarma Genel Komutanlığı Şehit Bilgi Sorgulama,https://sehitlerimiz.org.tr/sehit/omer-eroglu-104061
abacd0cc0822278d8e8260a4,Mehmet Fatih Çangır,Turgut,Jandarma Astsubay Çavuş,Sakarya,Sakarya,,2024-09-18,Diğer,T.C. Jandarma Genel Komutanlığı Şehit Bilgi Sorgulama,https://sehitlerimiz.org.tr/sehit/mehmet-fatih-cangir-104060
51ba4c8bd0310245ec542181,Ali Alişan,Mustafa,Jandarma Uzman Jandarma VIII. Kademeli Çavuş,Osmaniye,"Osmaniye, Kadirli",,2024-10-16,Diğer,T.C. Jandarma Genel Komutanlığı Şehit Bilgi Sorgulama,https://sehitlerimiz.org.tr/sehit/ali-alisan-104059
2ebc61839d34b9fa4d12ecd2,Hasan Hüseyin Canbaz,,Teknisyen,Ankara,,,2024-10-23,Terörle Mücadele,TRT Haber,https://sehitlerimiz.org.tr/sehit/hasan-huseyin-canbaz-102808
f6a2e9b57d411024dfc95abe,Yiğit Can Yiğit,,Polis Memuru,,,,2024-11-13,Polis Şehidi,Emniyet Genel Müdürlüğü,https://sehitlerimiz.org.tr/sehit/yigit-can-yigit-101469
106960f93df83870ad6afe7f,Atakan Dut,,Teğmen,Isparta,,,2024-12-09,Diğer,Anadolu Ajansı; Hürriyet,https://sehitlerimiz.org.tr/sehit/atakan-dut-102726
17c8c6f4eea8fd73e70a1caa,Ceyhun Kalyoncu,,Teğmen,Isparta,,,2024-12-09,Diğer,Anadolu Ajansı; Hürriyet,https://sehitlerimiz.org.tr/sehit/ceyhun-kalyoncu-102727
1711982bca36d5219ba10630,Taha Nergiz,,Astsubay Çavuş (Kara Havacılık),Erzurum,Erzurum Palandöken,,2024-12-09,Diğer,Erzurum Valiliği; Anadolu Ajansı,https://sehitlerimiz.org.tr/sehit/taha-nergiz-102725
076068d8ba05dd1e1b202e8a,Tunahan Dağlı,,Teğmen,Isparta,,,2024-12-09,Diğer,Anadolu Ajansı; Hürriyet,https://sehitlerimiz.org.tr/sehit/tunahan-dagli-102728
e6e425345cd007da97be7d01,Nurettin Yaşar,İbrahim,Jandarma Uzman Çavuş,Adana,Adana,,2024-12-14,Diğer,T.C. Jandarma Genel Komutanlığı Şehit Bilgi Sorgulama,https://sehitlerimiz.org.tr/sehit/nurettin-yasar-104058
7f4dba44590d2332300631a8,Şahin Çınar,,Jandarma Astsubay Kıdemli Başçavuş,Mardin,,,2025-03-06,Terörle Mücadele,Derik Kaymakamlığı,https://sehitlerimiz.org.tr/sehit/sahin-cinar-103028
0e1318e426ae18e8e6d52f96,Zeki Bacak,,Polis Memuru,,,,2025-04-24,Polis Şehidi,Emniyet Genel Müdürlüğü — Şehitlerimiz,https://sehitlerimiz.org.tr/sehit/zeki-bacak-104248
4de5414157add91ee20d3420,Emre Polat,İsmail,Jandarma Astsubay Kıdemli Çavuş,Sivas,Sivas,,2025-05-28,Diğer,T.C. Jandarma Genel Komutanlığı Şehit Bilgi Sorgulama,https://sehitlerimiz.org.tr/sehit/emre-polat-104057
9935c03c62667ddc5e4fa985,Ahmet Gültekin,,Piyade Sözleşmeli Er,,,,2025-07-08,Pençe-Kilit Harekâtı (2025),Eyüpsultan Kaymakamlığı,https://sehitlerimiz.org.tr/sehit/ahmet-gultekin-102729
75045142e037375193cfe1af,Özkan Özkanlı,,Piyade Sözleşmeli Er,Aksaray,Aksaray Ortaköy,,2025-07-08,Pençe-Kilit Harekâtı (2025),TRT Haber,https://sehitlerimiz.org.tr/sehit/ozkan-ozkanli-102730
33c316de91377ccd73467e79,Semih Erdoğan,,İkmal Er,Hatay,,,2025-07-25,Diğer,Millî Savunma Bakanlığı,https://sehitlerimiz.org.tr/sehit/semih-erdogan-102788
aa628aa3e6f6ce4ce2958fad,Mehmet Ali Yıldırım,Sadi,Jandarma Uzman Çavuş,Adana,Adana,,2025-07-28,Diğer,T.C. Jandarma Genel Komutanlığı Şehit Bilgi Sorgulama,https://sehitlerimiz.org.tr/sehit/mehmet-ali-yildirim-104056
caceb4eaed821619f5f73df5,Mustafa Karapınar,,Polis Memuru,,,,2025-09-05,Polis Şehidi,Emniyet Genel Müdürlüğü — Şehitlerimiz,https://sehitlerimiz.org.tr/sehit/mustafa-karapinar-104247
1ea6d858ee6c40ea6b173cf6,Hasan Akın,,Polis Memuru,,,,2025-09-08,Polis Şehidi,Emniyet Genel Müdürlüğü — Şehitlerimiz,https://sehitlerimiz.org.tr/sehit/hasan-akin-104245
edcf97a5f79a04a322ecb727,Muhsin Aydemir,,1.Sınıf Emniyet Müdürü,,,,2025-09-08,Polis Şehidi,Emniyet Genel Müdürlüğü — Şehitlerimiz,https://sehitlerimiz.org.tr/sehit/muhsin-aydemir-104246
3133cefd23ff70fcceb6656d,Yücel Yeşil,Ahmet,Jandarma Uzman Çavuş,Manisa,Manisa,,2025-09-13,Diğer,T.C. Jandarma Genel Komutanlığı Şehit Bilgi Sorgulama,https://sehitlerimiz.org.tr/sehit/yucel-yesil-104055
0d12e50ca6a59a08ff8c97e2,Arif Özdemir,Erol,Jandarma Uzman Jandarma VI. Kademeli Çavuş,Kırıkkale,"Kırıkkale, Balışeyh",,2025-09-30,Diğer,T.C. Jandarma Genel Komutanlığı Şehit Bilgi Sorgulama,https://sehitlerimiz.org.tr/sehit/arif-ozdemir-104053
19a65f0a5f20b64b532a6c1c,Kemal Özgür,Muzaffer,Jandarma Astsubay Çavuş,Osmaniye,Osmaniye,,2025-09-30,Diğer,T.C. Jandarma Genel Komutanlığı Şehit Bilgi Sorgulama,https://sehitlerimiz.org.tr/sehit/kemal-ozgur-104054
2e24d1a491149f7a93bfea9b,Ömer Amilağ,,Polis Memuru,,,,2025-09-30,Polis Şehidi,Emniyet Genel Müdürlüğü — Şehitlerimiz,https://sehitlerimiz.org.tr/sehit/omer-amilag-104244
abf367f85ba419431973a4b4,Hakkı Eryılmaz,Mehmet,Jandarma Astsubay Kıdemli Çavuş,Manisa,Manisa,,2025-10-10,Diğer,T.C. Jandarma Genel Komutanlığı Şehit Bilgi Sorgulama,https://sehitlerimiz.org.tr/sehit/hakki-eryilmaz-104052
35bb0141fa2d42beb39f2cfc,Tacettin Gün,Ramazan,Jandarma Astsubay Kıdemli Çavuş,Bursa,Bursa,,2025-10-10,Diğer,T.C. Jandarma Genel Komutanlığı Şehit Bilgi Sorgulama,https://sehitlerimiz.org.tr/sehit/tacettin-gun-104051
b89f3f73f67546894c56ae77,Ahmet Yasir Kuyucu,—,Kıdemli Çavuş,,Konya,—,2025-11-11,Diğer,Hürriyet,https://sehitlerimiz.org.tr/sehit/ahmet-yasir-kuyucu-101325
a9981f03ff06fe62e79e9c1c,Akın Karakuş,,Başçavuş,Gümüşhane,Gümüşhane,,2025-11-11,Diğer,Hürriyet,https://sehitlerimiz.org.tr/sehit/akin-karakus-103039
281117c44e0ca8dc46f0074a,Berkay Karaca,,Üstçavuş,Kırklareli,Kırklareli Lüleburgaz,,2025-11-11,Diğer,Hürriyet,https://sehitlerimiz.org.tr/sehit/berkay-karaca-103043
4d9ca5dd58f6930050590464,Burak Özkan,,Hava Uçak Bakım Başçavuş,,Niğde,,2025-11-11,Diğer,Hürriyet,https://sehitlerimiz.org.tr/sehit/burak-ozkan-102723
a623d0109d38e14e8670c743,Burak İbbiği,—,Üstçavuş,,Çorum,—,2025-11-11,Diğer,Hürriyet,https://sehitlerimiz.org.tr/sehit/burak-ibbigi-101334
6237bb99735aaf430ccc4884,Cem Dolapci,—,Ulaştırma Uzman Çavuş,,Ankara,—,2025-11-11,Diğer,Hürriyet,https://sehitlerimiz.org.tr/sehit/cem-dolapci-101332
ea117127653cea09405dc04e,Cüneyt Kandemir,,Hava Pilot Üsteğmen,,,,2025-11-11,Diğer,Hürriyet,https://sehitlerimiz.org.tr/sehit/cuneyt-kandemir-103034
25389fa0910dbce9f08fa7ed,Emrah Kuran,,Başçavuş,Muğla,Muğla Milas,,2025-11-11,Diğer,Hürriyet,https://sehitlerimiz.org.tr/sehit/emrah-kuran-103040
f82fc662afacb242f6d349c9,Emre Altıok,,Üstçavuş,Samsun,Samsun,,2025-11-11,Diğer,Hürriyet,https://sehitlerimiz.org.tr/sehit/emre-altiok-103042
36fc6eaeeda11936f9d782cd,Emre Mercan,,Hava Uçak Bakım Üsteğmen,Eskişehir,Eskişehir,,2025-11-11,Diğer,Hürriyet,https://sehitlerimiz.org.tr/sehit/emre-mercan-103035
a31e31bed4d7f3908a0d650a,Emre Sayın,—,Ulaştırma Uzman Çavuş,,Balıkesir,—,2025-11-11,Diğer,Hürriyet,https://sehitlerimiz.org.tr/sehit/emre-sayin-101338
867010c4b66bdd9e660eea4b,Faruk Şahin,,Polis Memuru,,,,2025-11-11,Polis Şehidi,Emniyet Genel Müdürlüğü — Şehitlerimiz,https://sehitlerimiz.org.tr/sehit/faruk-sahin-104243
0fee00335a109045e62e343e,Gökhan Korkmaz,,Hava Pilot Yarbay,İstanbul,İstanbul,,2025-11-11,Diğer,Hürriyet,https://sehitlerimiz.org.tr/sehit/gokhan-korkmaz-103031
a8c9f90acc751f61e8b68ca4,Hamdi Armağan Kaplan,,Başçavuş,Amasya,Amasya,,2025-11-11,Diğer,Hürriyet,https://sehitlerimiz.org.tr/sehit/hamdi-armagan-kaplan-103038
538c052862c2ccd75bc86b64,Nihat İlgen,,Hava Pilot Binbaşı,Kayseri,Kayseri,,2025-11-11,Diğer,Hürriyet,https://sehitlerimiz.org.tr/sehit/nihat-ilgen-103033
555292ed0c2ac4fc6e5c545b,Nuri Özcan,,Kıdemli Başçavuş,Karabük,Karabük,,2025-11-11,Diğer,Hürriyet,https://sehitlerimiz.org.tr/sehit/nuri-ozcan-103036
2c9f77d0a961de8bb4030d78,Ramazan Yağız,,Başçavuş,,,,2025-11-11,Diğer,Hürriyet,https://sehitlerimiz.org.tr/sehit/ramazan-yagiz-103041
7ca5841412173d5b0f646a77,Serdar Uslu,,Hava Pilot Binbaşı,Kayseri,Kayseri,,2025-11-11,Diğer,Hürriyet,https://sehitlerimiz.org.tr/sehit/serdar-uslu-103032
eb0aeab1a73839603e96b761,Ümit İnce,,Kıdemli Başçavuş,İzmir,İzmir,,2025-11-11,Diğer,Hürriyet,https://sehitlerimiz.org.tr/sehit/umit-ince-103037
5fda7fced079a770fc3a3cc1,İlhan Ongan,,Üstçavuş,Bilecik,Bilecik,,2025-11-11,Diğer,Hürriyet,https://sehitlerimiz.org.tr/sehit/ilhan-ongan-103044
347b9e0d0c30b4458617cc50,İlker Aykut,,Hava Uçak Bakım Astsubay Başçavuş,Tekirdağ,Tekirdağ Muratlı,,2025-11-11,Diğer,Tekirdağ Valiliği; MSB listesi,https://sehitlerimiz.org.tr/sehit/ilker-aykut-102724
635af3d10a6c1e09f2289286,Ali Barut,,Polis Memuru,,,,2025-11-15,Polis Şehidi,Emniyet Genel Müdürlüğü — Şehitlerimiz,https://sehitlerimiz.org.tr/sehit/ali-barut-104242
5d8f6cbfa7f979070bef4dc4,Hatice Ünal,,Polis Memuru,,,,2025-11-29,Polis Şehidi,Emniyet Genel Müdürlüğü — Şehitlerimiz,https://sehitlerimiz.org.tr/sehit/hatice-unal-104241
45f9585f58309e34c984bb33,Emre Albayrak,,Polis Memuru (Özel Harekât),İstanbul,,,2025-12-08,Polis Şehidi,Emniyet Genel Müdürlüğü,https://sehitlerimiz.org.tr/sehit/emre-albayrak-102819
2ad69605ec8ed2c4dae59c10,Turgut Külünk,,Polis Memuru,Düzce,Düzce Akçakoca,,2025-12-29,Polis Şehidi,Milliyet,https://sehitlerimiz.org.tr/sehit/turgut-kulunk-102861
be62ddb85a7bf5e0c9135eec,Yasin Koçyiğit,,Polis Memuru,,,,2025-12-29,Polis Şehidi,Emniyet Genel Müdürlüğü — Şehitlerimiz,https://sehitlerimiz.org.tr/sehit/yasin-kocyigit-104240
f5f78c51c371aa5f21136788,İlker Pehlivan,,Polis Memuru,,,,2025-12-29,Polis Şehidi,Emniyet Genel Müdürlüğü — Şehitlerimiz,https://sehitlerimiz.org.tr/sehit/ilker-pehlivan-104239
396e9dca986726f1d97f3332,Süleyman Cemre Kahraman,,ASELSAN Elektronik Teknisyeni,,,1995,2026-03-21,Diğer,Millî Savunma Bakanlığı; Anadolu Ajansı,https://sehitlerimiz.org.tr/sehit/suleyman-cemre-kahraman-103154
4281b7b6c31c5b6b64d0805f,İsmail Enes Can,,ASELSAN Elektronik Teknisyeni,Kahramanmaraş,Kahramanmaraş,,2026-03-21,Diğer,Millî Savunma Bakanlığı; Cumhuriyet,https://sehitlerimiz.org.tr/sehit/ismail-enes-can-102789
055bb384f2edad3757f93378,Serkan Ünal,,Polis Memuru,,,,2026-03-28,Polis Şehidi,Emniyet Genel Müdürlüğü — Şehitlerimiz,https://sehitlerimiz.org.tr/sehit/serkan-unal-104238
6f91d146cfd7acb41ecc6be4,Mustafa Aydın,,Polis Memuru,,,,2026-03-30,Polis Şehidi,Emniyet Genel Müdürlüğü — Şehitlerimiz,https://sehitlerimiz.org.tr/sehit/mustafa-aydin-104237
3aef19a8fb6975420874d547,Seçkin Yalçın,,Polis Memuru,,,,2026-04-05,,Emniyet Genel Müdürlüğü — Şehitlerimiz,https://sehitlerimiz.org.tr/sehit/seckin-yalcin-101222
7ec5dab8867b4d23542b31bd,Serkan Hızlı,,Polis Memuru,,,,2026-04-29,,Emniyet Genel Müdürlüğü — Şehitlerimiz,https://sehitlerimiz.org.tr/sehit/serkan-hizli-101221
5754075ece8e552e2ce260d3,Emrah Koç,,Polis Memuru,,,,2026-05-17,,Emniyet Genel Müdürlüğü — Şehitlerimiz,https://sehitlerimiz.org.tr/sehit/emrah-koc-101219
c98244d1c58c6e3965f598f2,Erkan Tütüncüler,,Polis Memuru,,,,2026-05-17,,Emniyet Genel Müdürlüğü — Şehitlerimiz,https://sehitlerimiz.org.tr/sehit/erkan-tutunculer-101220
311e0fd8d801f689a3948594,Aydın Üyenarık,,Polis Memuru,,,,2026-05-29,,Emniyet Genel Müdürlüğü — Şehitlerimiz,https://sehitlerimiz.org.tr/sehit/aydin-uyenarik-101218
64c8f015399c5a71eb39f0e3,Yusuf Ergün,Abdullah,Jandarma Astsubay Kademeli Üstçavuş,Kırıkkale,Kırıkkale,,2026-05-30,Diğer,T.C. Jandarma Genel Komutanlığı Şehit Bilgi Sorgulama,https://sehitlerimiz.org.tr/sehit/yusuf-ergun-104050
9c7f28aa46bea133cf9c8661,Tayfun Baş,,Polis Memuru,,,,2026-06-14,,Emniyet Genel Müdürlüğü — Şehitlerimiz,https://sehitlerimiz.org.tr/sehit/tayfun-bas-101217
98a6943d06f80b808917638e,Samet Karabulut,Mehmet Zeki,Jandarma Uzman Çavuş,Adana,"Adana, Sarıçam",,2026-06-23,Diğer,T.C. Jandarma Genel Komutanlığı Şehit Bilgi Sorgulama,https://sehitlerimiz.org.tr/sehit/samet-karabulut-104049
39a2f6ca92d45f58c078db59,Mehmet Demirbaş,Mustafa,Jandarma Uzman Jandarma VIII. Kademeli Çavuş,Samsun,"Samsun, Terme",,2026-07-11,Diğer,T.C. Jandarma Genel Komutanlığı Şehit Bilgi Sorgulama,https://sehitlerimiz.org.tr/sehit/mehmet-demirbas-104048
d6bae052315692b310f5aec8,Melih Kaygusuz,,Polis Memuru,,,,2026-09-03,Polis Şehidi,Emniyet Genel Müdürlüğü — Şehitlerimiz,https://sehitlerimiz.org.tr/sehit/melih-kaygusuz-104236
364846746749b5d675bd61db,Mehmet Ali Topatan,,Polis Memuru,,,,2026-09-05,Polis Şehidi,Emniyet Genel Müdürlüğü — Şehitlerimiz,https://sehitlerimiz.org.tr/sehit/mehmet-ali-topatan-104235
